backend	asm_backend	shape	implementation	bytes	mode	repeat	iterations	ns	cycles	instructions	enabled	running
keccak1600-avx2-rust	keccak1600-x86_64	runtime	shared	0	throughput	0	149765	30168321	150675312	430275196	30163864	30163864
keccak1600-avx2-rust	keccak1600-x86_64	runtime	shared	0	latency	0	140350	30041101	150090950	403366257	60209027	60209027
keccak1600-avx2-rust	keccak1600-x86_64	fixed	shared	0	throughput	0	150000	30096971	150053201	428100346	90309810	90309810
keccak1600-avx2-rust	keccak1600-x86_64	fixed	shared	0	latency	0	141802	30061581	149731243	404845058	120375383	120375383
keccak1600-avx2-rust	keccak1600-x86_64	runtime	stack	0	throughput	0	145454	30120331	150318737	379489833	150500016	150500016
keccak1600-avx2-rust	keccak1600-x86_64	runtime	stack	0	latency	0	140350	29831221	149000087	366313848	180335110	180335110
keccak1600-avx2-rust	keccak1600-x86_64	fixed	stack	0	throughput	0	153110	30038032	149869752	385378223	210371723	210371723
keccak1600-avx2-rust	keccak1600-x86_64	fixed	stack	0	latency	0	148148	30019782	149843229	373037013	240394976	240394976
keccak1600-avx2-rust	keccak1600-x86_64	runtime	asm	0	throughput	0	145564	30590829	151097182	737718705	270989849	270989849
keccak1600-avx2-rust	keccak1600-x86_64	runtime	asm	0	latency	0	138228	30336360	149780299	700678088	301330282	301330282
keccak1600-avx2-rust	keccak1600-x86_64	fixed	asm	0	throughput	0	145454	30370981	150057466	730761249	331704695	331704695
keccak1600-avx2-rust	keccak1600-x86_64	fixed	asm	0	latency	0	141072	30424800	150206004	708887156	362132838	362132838
keccak1600-avx2-rust	keccak1600-x86_64	runtime	tail	0	throughput	0	147806	29798132	148515071	425681633	391934412	391934412
keccak1600-avx2-rust	keccak1600-x86_64	runtime	tail	0	latency	0	139433	30005182	149432407	401706831	421943445	421943445
keccak1600-avx2-rust	keccak1600-x86_64	fixed	tail	0	throughput	0	144144	28872674	144022727	413837770	450820279	450820279
keccak1600-avx2-rust	keccak1600-x86_64	fixed	tail	0	latency	0	141488	30489950	151105696	406353893	481313562	481313562
keccak1600-avx2-rust	keccak1600-x86_64	runtime	stack	0	throughput	1	142644	29913082	147525391	372158546	511230275	511230275
keccak1600-avx2-rust	keccak1600-x86_64	runtime	stack	0	latency	1	139636	29921101	148519251	364450320	541155279	541155279
keccak1600-avx2-rust	keccak1600-x86_64	fixed	stack	0	throughput	1	152744	29866742	149467439	384457001	571025162	571025162
keccak1600-avx2-rust	keccak1600-x86_64	fixed	stack	0	latency	1	148952	30106971	150642778	375061489	601135425	601135425
keccak1600-avx2-rust	keccak1600-x86_64	runtime	asm	0	throughput	1	141802	30217351	148744430	718652888	631356548	631356548
keccak1600-avx2-rust	keccak1600-x86_64	runtime	asm	0	latency	1	136849	30074671	147192746	693687936	661434762	661434762
keccak1600-avx2-rust	keccak1600-x86_64	fixed	asm	0	throughput	1	143928	30314120	148306229	723094623	691752105	691752105
keccak1600-avx2-rust	keccak1600-x86_64	fixed	asm	0	latency	1	139433	30113401	148554995	700651183	721868998	721868998
keccak1600-avx2-rust	keccak1600-x86_64	runtime	tail	0	throughput	1	148377	29914191	149048515	427326116	751786871	751786871
keccak1600-avx2-rust	keccak1600-x86_64	runtime	tail	0	latency	1	139332	29898322	149128724	401415851	781688685	781688685
keccak1600-avx2-rust	keccak1600-x86_64	fixed	tail	0	throughput	1	150943	30218711	150809606	433357712	811910778	811910778
keccak1600-avx2-rust	keccak1600-x86_64	fixed	tail	0	latency	1	139748	29964382	149654094	401356605	841881591	841881591
keccak1600-avx2-rust	keccak1600-x86_64	runtime	shared	0	throughput	1	149649	30480840	152161042	429941927	872371614	872371614
keccak1600-avx2-rust	keccak1600-x86_64	runtime	shared	0	latency	1	139737	29995621	149757552	401604493	902373507	902373507
keccak1600-avx2-rust	keccak1600-x86_64	fixed	shared	0	throughput	1	149765	29990612	149709029	427429657	932368881	932368881
keccak1600-avx2-rust	keccak1600-x86_64	fixed	shared	0	latency	1	142549	30153131	150580575	406977745	962528035	962528035
keccak1600-avx2-rust	keccak1600-x86_64	runtime	asm	0	throughput	2	146341	30527870	150905204	741656542	993060847	993060847
keccak1600-avx2-rust	keccak1600-x86_64	runtime	asm	0	latency	2	139029	30269750	149332020	704738356	1023334921	1023334921
keccak1600-avx2-rust	keccak1600-x86_64	fixed	asm	0	throughput	2	144469	30245311	149638145	725812610	1053584585	1053584585
keccak1600-avx2-rust	keccak1600-x86_64	fixed	asm	0	latency	2	139433	30159901	149340950	700651175	1083748658	1083748658
keccak1600-avx2-rust	keccak1600-x86_64	runtime	tail	0	throughput	2	148262	29926242	148974375	426994916	1113678941	1113678941
keccak1600-avx2-rust	keccak1600-x86_64	runtime	tail	0	latency	2	141802	30373601	151960834	408531912	1144058474	1144058474
keccak1600-avx2-rust	keccak1600-x86_64	fixed	tail	0	throughput	2	150943	30164740	150875015	433357701	1174228747	1174228747
keccak1600-avx2-rust	keccak1600-x86_64	fixed	tail	0	latency	2	139636	29849522	149423181	401034946	1204082871	1204082871
keccak1600-avx2-rust	keccak1600-x86_64	runtime	shared	0	throughput	2	149649	30135161	150585861	429941928	1234215534	1234215534
keccak1600-avx2-rust	keccak1600-x86_64	runtime	shared	0	latency	2	140350	30027221	150120506	403366258	1264246527	1264246527
keccak1600-avx2-rust	keccak1600-x86_64	fixed	shared	0	throughput	2	149765	30022221	149755701	427429660	1294274910	1294274910
keccak1600-avx2-rust	keccak1600-x86_64	fixed	shared	0	latency	2	142538	30215771	150482435	406946349	1324495853	1324495853
keccak1600-avx2-rust	keccak1600-x86_64	runtime	stack	0	throughput	2	144796	29951262	149463417	377773115	1354450247	1354450247
keccak1600-avx2-rust	keccak1600-x86_64	runtime	stack	0	latency	2	140361	29791702	148567504	366342570	1384245140	1384245140
keccak1600-avx2-rust	keccak1600-x86_64	fixed	stack	0	throughput	2	152623	29938312	149356837	384152440	1414187184	1414187184
keccak1600-avx2-rust	keccak1600-x86_64	fixed	stack	0	latency	2	148837	30161761	150547926	374771913	1444352617	1444352617
keccak1600-avx2-rust	keccak1600-x86_64	runtime	tail	0	throughput	3	149068	29973501	149953785	429316193	1474330310	1474330310
keccak1600-avx2-rust	keccak1600-x86_64	runtime	tail	0	latency	3	141802	30278660	151908135	408531916	1504615763	1504615763
keccak1600-avx2-rust	keccak1600-x86_64	fixed	tail	0	throughput	3	150470	30108341	150778752	431999719	1534732566	1534732566
keccak1600-avx2-rust	keccak1600-x86_64	fixed	tail	0	latency	3	140453	29947872	150116852	403381371	1564686230	1564686230
keccak1600-avx2-rust	keccak1600-x86_64	runtime	shared	0	throughput	3	149649	30050701	150618829	429941928	1594741693	1594741693
keccak1600-avx2-rust	keccak1600-x86_64	runtime	shared	0	latency	3	140453	29993291	150259320	403662271	1624740006	1624740006
keccak1600-avx2-rust	keccak1600-x86_64	fixed	shared	0	throughput	3	150824	30116882	150821498	430452050	1654861179	1654861179
keccak1600-avx2-rust	keccak1600-x86_64	fixed	shared	0	latency	3	142644	30054412	150466803	407248976	1684919063	1684919063
keccak1600-avx2-rust	keccak1600-x86_64	runtime	stack	0	throughput	3	145564	30118341	150467692	379776830	1715040996	1715040996
keccak1600-avx2-rust	keccak1600-x86_64	runtime	stack	0	latency	3	140453	29658122	148510372	366582681	1744702479	1744702479
keccak1600-avx2-rust	keccak1600-x86_64	fixed	stack	0	throughput	3	152501	29855802	149239040	383845369	1774562113	1774562113
keccak1600-avx2-rust	keccak1600-x86_64	fixed	stack	0	latency	3	148837	29963732	150532741	374771916	1804529886	1804529886
keccak1600-avx2-rust	keccak1600-x86_64	runtime	asm	0	throughput	3	128859	26677052	132593012	653057760	1831211172	1831211172
keccak1600-avx2-rust	keccak1600-x86_64	runtime	asm	0	latency	3	139839	30232450	150114149	708844249	1861447885	1861447885
keccak1600-avx2-rust	keccak1600-x86_64	fixed	asm	0	throughput	3	146007	30303261	150775083	733539521	1891756088	1891756088
keccak1600-avx2-rust	keccak1600-x86_64	fixed	asm	0	latency	3	141707	30288871	150483682	712078030	1922049051	1922049051
keccak1600-avx2-rust	keccak1600-x86_64	runtime	shared	0	throughput	4	148033	29808042	149125340	425299162	1951852475	1951852475
keccak1600-avx2-rust	keccak1600-x86_64	runtime	shared	0	latency	4	140453	29995111	150188026	403662273	1981852358	1981852358
keccak1600-avx2-rust	keccak1600-x86_64	fixed	shared	0	throughput	4	149882	29953072	149962015	427763585	2011808822	2011808822
keccak1600-avx2-rust	keccak1600-x86_64	fixed	shared	0	latency	4	143176	29984462	151040118	408767835	2041796565	2041796565
keccak1600-avx2-rust	keccak1600-x86_64	runtime	stack	0	throughput	4	146118	29987671	151017847	381222213	2071787988	2071787988
keccak1600-avx2-rust	keccak1600-x86_64	runtime	stack	0	latency	4	141802	29909211	150054495	370103575	2101700792	2101700792
keccak1600-avx2-rust	keccak1600-x86_64	fixed	stack	0	throughput	4	153969	30049972	150686825	387540324	2131754565	2131754565
keccak1600-avx2-rust	keccak1600-x86_64	fixed	stack	0	latency	4	149532	30191002	151249952	376521920	2161949208	2161949208
keccak1600-avx2-rust	keccak1600-x86_64	runtime	asm	0	throughput	4	147126	30597869	151268393	745634924	2192544051	2192544051
keccak1600-avx2-rust	keccak1600-x86_64	runtime	asm	0	latency	4	139636	30307640	150269931	707815231	2222855314	2222855314
keccak1600-avx2-rust	keccak1600-x86_64	fixed	asm	0	throughput	4	146007	30419841	150363708	733539521	2253279177	2253279177
keccak1600-avx2-rust	keccak1600-x86_64	fixed	asm	0	latency	4	139941	30187831	149407874	703203875	2283471070	2283471070
keccak1600-avx2-rust	keccak1600-x86_64	runtime	tail	0	throughput	4	147919	29691922	148396506	426007073	2313166553	2313166553
keccak1600-avx2-rust	keccak1600-x86_64	runtime	tail	0	latency	4	139332	29909811	149232913	401415847	2343079717	2343079717
keccak1600-avx2-rust	keccak1600-x86_64	fixed	tail	0	throughput	4	151181	30034732	150499429	434041007	2373117930	2373117930
keccak1600-avx2-rust	keccak1600-x86_64	fixed	tail	0	latency	4	141072	29998021	150613642	405159138	2403120573	2403120573
keccak1600-avx2-rust	keccak1600-x86_64	control	empty	0	throughput	0	2000000	2396273	12003568	30000320	2405520521	2405520521
keccak1600-avx2-rust	keccak1600-x86_64	control	empty	0	latency	0	2000000	13534670	68162002	32000336	2419058509	2419058509
keccak1600-avx2-rust	keccak1600-x86_64	runtime	shared	20	throughput	0	154838	30233091	152005147	394063064	2449295132	2449295132
keccak1600-avx2-rust	keccak1600-x86_64	runtime	shared	20	latency	0	146453	29959982	150685900	373309049	2479258876	2479258876
keccak1600-avx2-rust	keccak1600-x86_64	fixed	shared	20	throughput	0	153969	30200700	151416993	389233983	2509463180	2509463180
keccak1600-avx2-rust	keccak1600-x86_64	fixed	shared	20	latency	0	148377	29993032	150717914	375690915	2539460453	2539460453
keccak1600-avx2-rust	keccak1600-x86_64	runtime	stack	20	throughput	0	146453	30219021	151429978	381803326	2569684036	2569684036
keccak1600-avx2-rust	keccak1600-x86_64	runtime	stack	20	latency	0	142963	29985922	150670252	373276748	2599673929	2599673929
keccak1600-avx2-rust	keccak1600-x86_64	fixed	stack	20	throughput	0	153354	30093681	150605241	387219188	2629771863	2629771863
keccak1600-avx2-rust	keccak1600-x86_64	fixed	stack	20	latency	0	149532	30125911	150461132	378166779	2659897276	2659897276
keccak1600-avx2-rust	keccak1600-x86_64	runtime	asm	20	throughput	0	145564	30254851	149942809	737427575	2690155629	2690155629
keccak1600-avx2-rust	keccak1600-x86_64	runtime	asm	20	latency	0	142857	30129991	149319995	724285344	2720289242	2720289242
keccak1600-avx2-rust	keccak1600-x86_64	fixed	asm	20	throughput	0	145675	30370371	150712354	732454247	2750663135	2750663135
keccak1600-avx2-rust	keccak1600-x86_64	fixed	asm	20	latency	0	145015	30431411	150932080	729715830	2781098938	2781098938
keccak1600-avx2-rust	keccak1600-x86_64	runtime	tail	20	throughput	0	152501	29896852	149807296	386590385	2810999751	2810999751
keccak1600-avx2-rust	keccak1600-x86_64	runtime	tail	20	latency	0	146901	29977112	150617210	372981993	2840980435	2840980435
keccak1600-avx2-rust	keccak1600-x86_64	fixed	tail	20	throughput	0	153110	30021761	150564044	386909322	2871005708	2871005708
keccak1600-avx2-rust	keccak1600-x86_64	fixed	tail	20	latency	0	149184	30202471	151047610	377585053	2901211531	2901211531
keccak1600-avx2-rust	keccak1600-x86_64	runtime	stack	20	throughput	1	145675	30059801	150645031	379775074	2931274544	2931274544
keccak1600-avx2-rust	keccak1600-x86_64	runtime	stack	20	latency	1	143070	29994702	150765085	373556114	2961273237	2961273237
keccak1600-avx2-rust	keccak1600-x86_64	fixed	stack	20	throughput	1	153846	30087821	151093152	388461499	2991365481	2991365481
keccak1600-avx2-rust	keccak1600-x86_64	fixed	stack	20	latency	1	149184	29974001	150242406	377286683	3021343034	3021343034
keccak1600-avx2-rust	keccak1600-x86_64	runtime	asm	20	throughput	1	147578	30630450	151930549	747630501	3051976887	3051976887
keccak1600-avx2-rust	keccak1600-x86_64	runtime	asm	20	latency	1	142750	30216861	149856146	723742848	3082197880	3082197880
keccak1600-avx2-rust	keccak1600-x86_64	fixed	asm	20	throughput	1	145675	30341251	150252305	732454247	3112542803	3112542803
keccak1600-avx2-rust	keccak1600-x86_64	fixed	asm	20	latency	1	144796	30365331	150431894	728613821	3142911556	3142911556
keccak1600-avx2-rust	keccak1600-x86_64	runtime	tail	20	throughput	1	150943	29620162	148299885	382640856	3172535329	3172535329
keccak1600-avx2-rust	keccak1600-x86_64	runtime	tail	20	latency	1	147692	30272991	151450745	374990346	3202811442	3202811442
keccak1600-avx2-rust	keccak1600-x86_64	fixed	tail	20	throughput	1	152988	30021971	150376942	386601029	3232831426	3232831426
keccak1600-avx2-rust	keccak1600-x86_64	fixed	tail	20	latency	1	148377	29987262	150309645	375542542	3262822159	3262822159
keccak1600-avx2-rust	keccak1600-x86_64	runtime	shared	20	throughput	1	153232	30013461	150427527	389975792	3292838802	3292838802
keccak1600-avx2-rust	keccak1600-x86_64	runtime	shared	20	latency	1	146564	30052782	150823518	373591989	3322894766	3322894766
keccak1600-avx2-rust	keccak1600-x86_64	fixed	shared	20	throughput	1	153600	29968571	151094473	388301146	3352866649	3352866649
keccak1600-avx2-rust	keccak1600-x86_64	fixed	shared	20	latency	1	149765	30144031	152123274	379205333	3383014122	3383014122
keccak1600-avx2-rust	keccak1600-x86_64	runtime	asm	20	throughput	2	148262	30813669	152936127	751095647	3413831305	3413831305
keccak1600-avx2-rust	keccak1600-x86_64	runtime	asm	20	latency	2	143712	30302911	150263705	728620193	3444137778	3444137778
keccak1600-avx2-rust	keccak1600-x86_64	fixed	asm	20	throughput	2	145454	30196471	149892440	731343063	3474337571	3474337571
keccak1600-avx2-rust	keccak1600-x86_64	fixed	asm	20	latency	2	145124	30346510	150446011	730264319	3504687504	3504687504
keccak1600-avx2-rust	keccak1600-x86_64	runtime	tail	20	throughput	2	151062	29573593	148389889	382942522	3534264707	3534264707
keccak1600-avx2-rust	keccak1600-x86_64	runtime	tail	20	latency	2	147692	30217641	151432137	374990338	3564486031	3564486031
keccak1600-avx2-rust	keccak1600-x86_64	fixed	tail	20	throughput	2	152988	30033782	150402109	386601026	3594523364	3594523364
keccak1600-avx2-rust	keccak1600-x86_64	fixed	tail	20	latency	2	147137	29947282	149153256	372404096	3624473967	3624473967
keccak1600-avx2-rust	keccak1600-x86_64	runtime	shared	20	throughput	2	152139	29864892	149443392	387194108	3654342581	3654342581
keccak1600-avx2-rust	keccak1600-x86_64	runtime	shared	20	latency	2	146230	30092701	150497457	372740613	3684438944	3684438944
keccak1600-avx2-rust	keccak1600-x86_64	fixed	shared	20	throughput	2	153354	30176462	150827071	387679260	3714618637	3714618637
keccak1600-avx2-rust	keccak1600-x86_64	fixed	shared	20	latency	2	148377	30036752	150652812	375690914	3744658840	3744658840
keccak1600-avx2-rust	keccak1600-x86_64	runtime	stack	20	throughput	2	145675	29961212	150542126	379775072	3774623764	3774623764
keccak1600-avx2-rust	keccak1600-x86_64	runtime	stack	20	latency	2	143712	30255771	151473427	375232386	3804883237	3804883237
keccak1600-avx2-rust	keccak1600-x86_64	fixed	stack	20	throughput	2	152866	29906692	150141715	385986990	3834793600	3834793600
keccak1600-avx2-rust	keccak1600-x86_64	fixed	stack	20	latency	2	150117	30017251	150904840	379646244	3864814453	3864814453
keccak1600-avx2-rust	keccak1600-x86_64	runtime	tail	20	throughput	3	153354	30021682	150687761	388752742	3894839547	3894839547
keccak1600-avx2-rust	keccak1600-x86_64	runtime	tail	20	latency	3	147806	30221471	151582389	375279790	3925064770	3925064770
keccak1600-avx2-rust	keccak1600-x86_64	fixed	tail	20	throughput	3	131596	25825774	129410709	332543433	3950894427	3950894427
keccak1600-avx2-rust	keccak1600-x86_64	fixed	tail	20	latency	3	148491	30105731	150415254	375831071	3981004250	3981004250
keccak1600-avx2-rust	keccak1600-x86_64	runtime	shared	20	throughput	3	120678	23693710	118611310	307125847	4004701289	4004701289
keccak1600-avx2-rust	keccak1600-x86_64	runtime	shared	20	latency	3	146341	30107771	150505295	373023557	4034812362	4034812362
keccak1600-avx2-rust	keccak1600-x86_64	fixed	shared	20	throughput	3	153722	30228871	151165785	388609570	4065044705	4065044705
keccak1600-avx2-rust	keccak1600-x86_64	fixed	shared	20	latency	3	149300	30207761	151666744	378027950	4095256148	4095256148
keccak1600-avx2-rust	keccak1600-x86_64	runtime	stack	20	throughput	3	145675	29969671	150580089	379775081	4125229331	4125229331
keccak1600-avx2-rust	keccak1600-x86_64	runtime	stack	20	latency	3	142750	29990572	150587817	372720600	4155223125	4155223125
keccak1600-avx2-rust	keccak1600-x86_64	fixed	stack	20	throughput	3	153110	29996961	150419313	386603097	4185223728	4185223728
keccak1600-avx2-rust	keccak1600-x86_64	fixed	stack	20	latency	3	149649	29967192	150413936	378462670	4215194471	4215194471
keccak1600-avx2-rust	keccak1600-x86_64	runtime	asm	20	throughput	3	146901	30624230	152017606	744200816	4245816134	4245816134
keccak1600-avx2-rust	keccak1600-x86_64	runtime	asm	20	latency	3	142644	30159961	149535438	723205430	4275979857	4275979857
keccak1600-avx2-rust	keccak1600-x86_64	fixed	asm	20	throughput	3	146230	30222691	149878616	735244788	4306206290	4306206290
keccak1600-avx2-rust	keccak1600-x86_64	fixed	asm	20	latency	3	145344	30265960	149911728	731371359	4336475373	4336475373
keccak1600-avx2-rust	keccak1600-x86_64	runtime	shared	20	throughput	4	150824	29673083	148200317	383847431	4366151717	4366151717
keccak1600-avx2-rust	keccak1600-x86_64	runtime	shared	20	latency	4	145896	30030212	150151291	371889258	4396185360	4396185360
keccak1600-avx2-rust	keccak1600-x86_64	fixed	shared	20	throughput	4	153110	30066571	150551770	387062431	4426255434	4426255434
keccak1600-avx2-rust	keccak1600-x86_64	fixed	shared	20	latency	4	147578	29929092	149905376	373667851	4456188118	4456188118
keccak1600-avx2-rust	keccak1600-x86_64	runtime	stack	20	throughput	4	145675	30092171	150604032	379775075	4486283791	4486283791
keccak1600-avx2-rust	keccak1600-x86_64	runtime	stack	20	latency	4	142433	30052891	150503580	371892919	4516340164	4516340164
keccak1600-avx2-rust	keccak1600-x86_64	fixed	stack	20	throughput	4	152988	30012712	150244184	386295047	4546356298	4546356298
keccak1600-avx2-rust	keccak1600-x86_64	fixed	stack	20	latency	4	149765	30129342	150727350	378756028	4576489171	4576489171
keccak1600-avx2-rust	keccak1600-x86_64	runtime	asm	20	throughput	4	146676	30462831	150777256	743060969	4606955414	4606955414
keccak1600-avx2-rust	keccak1600-x86_64	runtime	asm	20	latency	4	143390	30363520	150537153	726987651	4637323017	4637323017
keccak1600-avx2-rust	keccak1600-x86_64	fixed	asm	20	throughput	4	145675	30276171	150218101	732454255	4667602890	4667602890
keccak1600-avx2-rust	keccak1600-x86_64	fixed	asm	20	latency	4	145015	30406620	150572165	729715828	4698013133	4698013133
keccak1600-avx2-rust	keccak1600-x86_64	runtime	tail	20	throughput	4	151658	30027422	149042024	384453387	4728044366	4728044366
keccak1600-avx2-rust	keccak1600-x86_64	runtime	tail	20	latency	4	147013	30129231	150805190	373266362	4758176759	4758176759
keccak1600-avx2-rust	keccak1600-x86_64	fixed	tail	20	throughput	4	153722	30090482	151134771	388455848	4788270362	4788270362
keccak1600-avx2-rust	keccak1600-x86_64	fixed	tail	20	latency	4	148503	30017202	150444937	375861445	4818290776	4818290776
keccak1600-avx2-rust	keccak1600-x86_64	control	empty	20	throughput	0	2000000	2401613	12015066	30000320	4820695433	4820695433
keccak1600-avx2-rust	keccak1600-x86_64	control	empty	20	latency	0	2000000	3234110	16133745	38000321	4823932511	4823932511
keccak1600-avx2-rust	keccak1600-x86_64	runtime	shared	32	throughput	0	151778	29909542	149886413	386427137	4853845324	4853845324
keccak1600-avx2-rust	keccak1600-x86_64	runtime	shared	32	latency	0	146341	30153871	150623829	372877217	4884002997	4884002997
keccak1600-avx2-rust	keccak1600-x86_64	fixed	shared	32	throughput	0	154093	30294391	151701331	389393365	4914301570	4914301570
keccak1600-avx2-rust	keccak1600-x86_64	fixed	shared	32	latency	0	121518	24701027	123812329	307319361	4939006398	4939006398
keccak1600-avx2-rust	keccak1600-x86_64	runtime	stack	32	throughput	0	144360	30026642	150500574	376058150	4969037421	4969037421
keccak1600-avx2-rust	keccak1600-x86_64	runtime	stack	32	latency	0	143070	30158221	150728224	372983843	4999199075	4999199075
keccak1600-avx2-rust	keccak1600-x86_64	fixed	stack	32	throughput	0	152988	30135791	150609989	385989071	5029338078	5029338078
keccak1600-avx2-rust	keccak1600-x86_64	fixed	stack	32	latency	0	148148	30061941	149928781	374074052	5059403241	5059403241
keccak1600-avx2-rust	keccak1600-x86_64	runtime	asm	32	throughput	0	146901	30362121	151232167	743907013	5089768474	5089768474
keccak1600-avx2-rust	keccak1600-x86_64	runtime	asm	32	latency	0	145015	30145161	149628164	734646341	5119916727	5119916727
keccak1600-avx2-rust	keccak1600-x86_64	fixed	asm	32	throughput	0	146341	30393671	151209499	735510219	5150313520	5150313520
keccak1600-avx2-rust	keccak1600-x86_64	fixed	asm	32	latency	0	145355	30269021	150692738	730845289	5180589643	5180589643
keccak1600-avx2-rust	keccak1600-x86_64	runtime	tail	32	throughput	0	152501	30078522	149895353	386742889	5210666286	5210666286
keccak1600-avx2-rust	keccak1600-x86_64	runtime	tail	32	latency	0	145675	29984701	150135560	369723501	5240654110	5240654110
keccak1600-avx2-rust	keccak1600-x86_64	fixed	tail	32	throughput	0	153354	30112962	150876371	387525911	5270770283	5270770283
keccak1600-avx2-rust	keccak1600-x86_64	fixed	tail	32	latency	0	148262	30278831	150924961	374954955	5301052166	5301052166
keccak1600-avx2-rust	keccak1600-x86_64	runtime	stack	32	throughput	1	142857	29902842	149006286	372142836	5330952339	5330952339
keccak1600-avx2-rust	keccak1600-x86_64	runtime	stack	32	latency	1	142222	30046201	149828958	370773105	5361002313	5361002313
keccak1600-avx2-rust	keccak1600-x86_64	fixed	stack	32	throughput	1	152139	30026271	149769127	383847035	5391032867	5391032867
keccak1600-avx2-rust	keccak1600-x86_64	fixed	stack	32	latency	1	148262	30085802	150044482	374361898	5421122020	5421122020
keccak1600-avx2-rust	keccak1600-x86_64	runtime	asm	32	throughput	1	148377	30718360	152661412	751381480	5451843563	5451843563
keccak1600-avx2-rust	keccak1600-x86_64	runtime	asm	32	latency	1	144469	30194971	149980136	731880301	5482041886	5482041886
keccak1600-avx2-rust	keccak1600-x86_64	fixed	asm	32	throughput	1	145454	30247511	150585018	731052158	5512292899	5512292899
keccak1600-avx2-rust	keccak1600-x86_64	fixed	asm	32	latency	1	140556	30109561	149581445	706715925	5542405722	5542405722
keccak1600-avx2-rust	keccak1600-x86_64	runtime	tail	32	throughput	1	150943	29677422	148367297	382791800	5572086206	5572086206
keccak1600-avx2-rust	keccak1600-x86_64	runtime	tail	32	latency	1	145785	30184802	150367496	370002682	5602274389	5602274389
keccak1600-avx2-rust	keccak1600-x86_64	fixed	tail	32	throughput	1	152380	30098601	149923006	385064612	5632376602	5632376602
keccak1600-avx2-rust	keccak1600-x86_64	fixed	tail	32	latency	1	147013	30017742	149669306	371796233	5662397525	5662397525
keccak1600-avx2-rust	keccak1600-x86_64	runtime	shared	32	throughput	1	150824	29892022	148940292	383998256	5692292669	5692292669
keccak1600-avx2-rust	keccak1600-x86_64	runtime	shared	32	latency	1	145564	30030601	149746722	370897420	5722326792	5722326792
keccak1600-avx2-rust	keccak1600-x86_64	fixed	shared	32	throughput	1	152623	30179501	150251407	385678673	5752509405	5752509405
keccak1600-avx2-rust	keccak1600-x86_64	fixed	shared	32	latency	1	147239	30072522	150000729	372367784	5782585028	5782585028
keccak1600-avx2-rust	keccak1600-x86_64	runtime	asm	32	throughput	2	146788	30294701	150534842	743334784	5812883101	5812883101
keccak1600-avx2-rust	keccak1600-x86_64	runtime	asm	32	latency	2	145785	30253411	150448921	738547161	5843139704	5843139704
keccak1600-avx2-rust	keccak1600-x86_64	fixed	asm	32	throughput	2	144796	30044181	149285456	727745044	5873186908	5873186908
keccak1600-avx2-rust	keccak1600-x86_64	fixed	asm	32	latency	2	144578	30199722	149995141	726938534	5903389891	5903389891
keccak1600-avx2-rust	keccak1600-x86_64	runtime	tail	32	throughput	2	152380	30173692	149797472	386436036	5933566864	5933566864
keccak1600-avx2-rust	keccak1600-x86_64	runtime	tail	32	latency	2	145907	29947362	150440635	370312317	5963518267	5963518267
keccak1600-avx2-rust	keccak1600-x86_64	fixed	tail	32	throughput	2	130346	25587945	128250042	329384685	5989110614	5989110614
keccak1600-avx2-rust	keccak1600-x86_64	fixed	tail	32	latency	2	147919	30040892	150573374	374087508	6019154678	6019154678
keccak1600-avx2-rust	keccak1600-x86_64	runtime	shared	32	throughput	2	152380	30018692	150476555	387959832	6049176521	6049176521
keccak1600-avx2-rust	keccak1600-x86_64	runtime	shared	32	latency	2	146230	30033012	150431326	372594393	6079212664	6079212664
keccak1600-avx2-rust	keccak1600-x86_64	fixed	shared	32	throughput	2	153110	30029361	150684502	386909321	6109245198	6109245198
keccak1600-avx2-rust	keccak1600-x86_64	fixed	shared	32	latency	2	148721	30220182	151601640	376115766	6139468752	6139468752
keccak1600-avx2-rust	keccak1600-x86_64	runtime	stack	32	throughput	2	144360	30010112	150659156	376058151	6169484415	6169484415
keccak1600-avx2-rust	keccak1600-x86_64	runtime	stack	32	latency	2	142433	29853922	150007430	371323179	6199341518	6199341518
keccak1600-avx2-rust	keccak1600-x86_64	fixed	stack	32	throughput	2	145124	28392377	142829363	366148200	6227730963	6227730963
keccak1600-avx2-rust	keccak1600-x86_64	fixed	stack	32	latency	2	149300	30018862	151086526	376982853	6257753026	6257753026
keccak1600-avx2-rust	keccak1600-x86_64	runtime	tail	32	throughput	3	152139	29753463	149563187	385824864	6287510390	6287510390
keccak1600-avx2-rust	keccak1600-x86_64	runtime	tail	32	latency	3	147013	30065211	151439534	373119350	6317579263	6317579263
keccak1600-avx2-rust	keccak1600-x86_64	fixed	tail	32	throughput	3	153600	30079431	151167523	388147555	6347661876	6347661876
keccak1600-avx2-rust	keccak1600-x86_64	fixed	tail	32	latency	3	148837	30169732	151502471	376409122	6377836009	6377836009
keccak1600-avx2-rust	keccak1600-x86_64	runtime	shared	32	throughput	3	152260	30124371	150376446	387654311	6407964833	6407964833
keccak1600-avx2-rust	keccak1600-x86_64	runtime	shared	32	latency	3	145564	30005232	149740305	370897423	6437973616	6437973616
keccak1600-avx2-rust	keccak1600-x86_64	fixed	shared	32	throughput	3	153477	30227581	151105537	387836726	6468204809	6468204809
keccak1600-avx2-rust	keccak1600-x86_64	fixed	shared	32	latency	3	147919	30049891	150682200	374087501	6498258002	6498258002
keccak1600-avx2-rust	keccak1600-x86_64	runtime	stack	32	throughput	3	144578	30051662	150884707	376626037	6528314996	6528314996
keccak1600-avx2-rust	keccak1600-x86_64	runtime	stack	32	latency	3	143712	30254321	151446214	374657538	6558575460	6558575460
keccak1600-avx2-rust	keccak1600-x86_64	fixed	stack	32	throughput	3	152988	30056822	150628282	385989074	6588636403	6588636403
keccak1600-avx2-rust	keccak1600-x86_64	fixed	stack	32	latency	3	148837	30058391	150649616	375813776	6618699236	6618699236
keccak1600-avx2-rust	keccak1600-x86_64	runtime	asm	32	throughput	3	147578	30554530	151640854	747335341	6649253079	6649253079
keccak1600-avx2-rust	keccak1600-x86_64	runtime	asm	32	latency	3	145015	30205031	149872922	734646343	6679461382	6679461382
keccak1600-avx2-rust	keccak1600-x86_64	fixed	asm	32	throughput	3	145564	30344021	150569443	731605019	6709808795	6709808795
keccak1600-avx2-rust	keccak1600-x86_64	fixed	asm	32	latency	3	144578	30231131	150093179	726938536	6740043298	6740043298
keccak1600-avx2-rust	keccak1600-x86_64	runtime	shared	32	throughput	4	150706	29706853	148834743	383697829	6769753812	6769753812
keccak1600-avx2-rust	keccak1600-x86_64	runtime	shared	32	latency	4	146788	29986252	151043555	374016177	6799743455	6799743455
keccak1600-avx2-rust	keccak1600-x86_64	fixed	shared	32	throughput	4	153722	30153231	151427951	388455845	6829899908	6829899908
keccak1600-avx2-rust	keccak1600-x86_64	fixed	shared	32	latency	4	148033	29955532	150799326	374375812	6859858621	6859858621
keccak1600-avx2-rust	keccak1600-x86_64	runtime	stack	32	throughput	4	145015	30040751	151309617	377764429	6889902725	6889902725
keccak1600-avx2-rust	keccak1600-x86_64	runtime	stack	32	latency	4	143820	30077402	151517406	374939092	6919983778	6919983778
keccak1600-avx2-rust	keccak1600-x86_64	fixed	stack	32	throughput	4	153969	30180991	151487931	388464136	6950169001	6950169001
keccak1600-avx2-rust	keccak1600-x86_64	fixed	stack	32	latency	4	149882	30118682	151679532	378452400	6980291804	6980291804
keccak1600-avx2-rust	keccak1600-x86_64	runtime	asm	32	throughput	4	147578	30496310	151407619	747335346	7010791337	7010791337
keccak1600-avx2-rust	keccak1600-x86_64	runtime	asm	32	latency	4	145015	30207201	149944291	734646342	7041002110	7041002110
keccak1600-avx2-rust	keccak1600-x86_64	fixed	asm	32	throughput	4	111368	22961183	114393658	559735907	7063966560	7063966560
keccak1600-avx2-rust	keccak1600-x86_64	fixed	asm	32	latency	4	145344	30345201	150657541	730789983	7094314993	7094314993
keccak1600-avx2-rust	keccak1600-x86_64	runtime	tail	32	throughput	4	151778	29668263	149210046	384909361	7123986746	7123986746
keccak1600-avx2-rust	keccak1600-x86_64	runtime	tail	32	latency	4	147239	30147981	151732347	373692937	7154138189	7154138189
keccak1600-avx2-rust	keccak1600-x86_64	fixed	tail	32	throughput	4	152988	29951872	150571322	386601025	7184088433	7184088433
keccak1600-avx2-rust	keccak1600-x86_64	fixed	tail	32	latency	4	148837	30063642	151502631	376409126	7214155296	7214155296
keccak1600-avx2-rust	keccak1600-x86_64	control	empty	32	throughput	0	2000000	1987624	10020614	30000317	7216146094	7216146094
keccak1600-avx2-rust	keccak1600-x86_64	control	empty	32	latency	0	2000000	2795862	14004347	34000322	7218944942	7218944942
keccak1600-avx2-rust	keccak1600-x86_64	runtime	shared	64	throughput	0	153110	29964762	150663557	389971539	7248912965	7248912965
keccak1600-avx2-rust	keccak1600-x86_64	runtime	shared	64	latency	0	145344	30045111	150938178	370482229	7278961828	7278961828
keccak1600-avx2-rust	keccak1600-x86_64	fixed	shared	64	throughput	0	153969	30060242	151384777	388926065	7309025722	7309025722
keccak1600-avx2-rust	keccak1600-x86_64	fixed	shared	64	latency	0	146564	29971712	150488454	370514171	7339000685	7339000685
keccak1600-avx2-rust	keccak1600-x86_64	runtime	stack	64	throughput	0	145015	30166201	151409839	377764447	7369170258	7369170258
keccak1600-avx2-rust	keccak1600-x86_64	runtime	stack	64	latency	0	142433	30111782	151477899	371323200	7399285531	7399285531
keccak1600-avx2-rust	keccak1600-x86_64	fixed	stack	64	throughput	0	153846	30078892	151253841	388461518	7429367604	7429367604
keccak1600-avx2-rust	keccak1600-x86_64	fixed	stack	64	latency	0	146676	29926372	150592519	370650621	7459297098	7459297098
keccak1600-avx2-rust	keccak1600-x86_64	runtime	asm	64	throughput	0	147578	30681920	152790782	747335360	7489982031	7489982031
keccak1600-avx2-rust	keccak1600-x86_64	runtime	asm	64	latency	0	143176	30286871	150774122	725329983	7520272004	7520272004
keccak1600-avx2-rust	keccak1600-x86_64	fixed	asm	64	throughput	0	146118	30612140	152548657	734535555	7550887776	7550887776
keccak1600-avx2-rust	keccak1600-x86_64	fixed	asm	64	latency	0	141906	29602133	147383782	713645643	7580494200	7580494200
keccak1600-avx2-rust	keccak1600-x86_64	runtime	tail	64	throughput	0	152139	29780553	149801607	386737711	7610278513	7610278513
keccak1600-avx2-rust	keccak1600-x86_64	runtime	tail	64	latency	0	144578	29793273	149991633	367806805	7640075077	7640075077
keccak1600-avx2-rust	keccak1600-x86_64	fixed	tail	64	throughput	0	153969	30023632	151252421	389541933	7670101990	7670101990
keccak1600-avx2-rust	keccak1600-x86_64	fixed	tail	64	latency	0	147239	30141881	151417831	372809513	7700247103	7700247103
keccak1600-avx2-rust	keccak1600-x86_64	runtime	stack	64	throughput	1	144360	30118272	151679539	376058170	7730368677	7730368677
keccak1600-avx2-rust	keccak1600-x86_64	runtime	stack	64	latency	1	142433	30153151	151516548	371323198	7760518010	7760518010
keccak1600-avx2-rust	keccak1600-x86_64	fixed	stack	64	throughput	1	153110	29939942	150551515	386603115	7790461313	7790461313
keccak1600-avx2-rust	keccak1600-x86_64	fixed	stack	64	latency	1	147013	29978392	150994809	371502217	7820442956	7820442956
keccak1600-avx2-rust	keccak1600-x86_64	runtime	asm	64	throughput	1	147465	30574630	152082983	746763127	7851020719	7851020719
keccak1600-avx2-rust	keccak1600-x86_64	runtime	asm	64	latency	1	140762	30118311	149618999	713100665	7881142272	7881142272
keccak1600-avx2-rust	keccak1600-x86_64	fixed	asm	64	throughput	1	146007	30248332	150439419	733977552	7911393995	7911393995
keccak1600-avx2-rust	keccak1600-x86_64	fixed	asm	64	latency	1	144807	30241212	150292995	728234772	7941639549	7941639549
keccak1600-avx2-rust	keccak1600-x86_64	runtime	tail	64	throughput	1	151539	29674253	149278624	385212501	7971317953	7971317953
keccak1600-avx2-rust	keccak1600-x86_64	runtime	tail	64	latency	1	146007	30079421	151516114	371442178	8001400816	8001400816
keccak1600-avx2-rust	keccak1600-x86_64	fixed	tail	64	throughput	1	153846	30005092	151100210	389230748	8031409170	8031409170
keccak1600-avx2-rust	keccak1600-x86_64	fixed	tail	64	latency	1	147352	30135111	151491770	373095630	8061547533	8061547533
keccak1600-avx2-rust	keccak1600-x86_64	runtime	shared	64	throughput	1	153477	30032832	151038187	390906287	8091583556	8091583556
keccak1600-avx2-rust	keccak1600-x86_64	runtime	shared	64	latency	1	145564	29973602	151168232	371043006	8121560459	8121560459
keccak1600-avx2-rust	keccak1600-x86_64	fixed	shared	64	throughput	1	154713	30222241	152127946	390805405	8151786152	8151786152
keccak1600-avx2-rust	keccak1600-x86_64	fixed	shared	64	latency	1	147352	30038422	151319598	372506225	8181828256	8181828256
keccak1600-avx2-rust	keccak1600-x86_64	runtime	asm	64	throughput	2	146564	30738800	152790440	742200466	8212564968	8212564968
keccak1600-avx2-rust	keccak1600-x86_64	runtime	asm	64	latency	2	141384	30303811	150742406	716251713	8242872061	8242872061
keccak1600-avx2-rust	keccak1600-x86_64	fixed	asm	64	throughput	2	147126	30364300	151348335	739602772	8273239854	8273239854
keccak1600-avx2-rust	keccak1600-x86_64	fixed	asm	64	latency	2	142116	30249861	150559772	714701734	8303493317	8303493317
keccak1600-avx2-rust	keccak1600-x86_64	runtime	tail	64	throughput	2	152380	29813393	150075992	387350332	8333309771	8333309771
keccak1600-avx2-rust	keccak1600-x86_64	runtime	tail	64	latency	2	146007	30095191	151537623	371442175	8363408074	8363408074
keccak1600-avx2-rust	keccak1600-x86_64	fixed	tail	64	throughput	2	153722	29968393	150949455	388917031	8393379797	8393379797
keccak1600-avx2-rust	keccak1600-x86_64	fixed	tail	64	latency	2	147363	30084992	151533807	373123482	8423468041	8423468041
keccak1600-avx2-rust	keccak1600-x86_64	runtime	shared	64	throughput	2	153600	30050242	151060098	391219571	8453521614	8453521614
keccak1600-avx2-rust	keccak1600-x86_64	runtime	shared	64	latency	2	145344	30009442	150944744	370482226	8483534367	8483534367
keccak1600-avx2-rust	keccak1600-x86_64	fixed	shared	64	throughput	2	154713	30146531	152116723	390805411	8513684070	8513684070
keccak1600-avx2-rust	keccak1600-x86_64	fixed	shared	64	latency	2	147239	29959632	151213747	372220563	8543646834	8543646834
keccak1600-avx2-rust	keccak1600-x86_64	runtime	stack	64	throughput	2	145675	30259991	152887857	379483743	8573910157	8573910157
keccak1600-avx2-rust	keccak1600-x86_64	runtime	stack	64	latency	2	142116	30002642	151155159	370496784	8603916220	8603916220
keccak1600-avx2-rust	keccak1600-x86_64	fixed	stack	64	throughput	2	154838	30197742	152235225	390966320	8634117463	8634117463
keccak1600-avx2-rust	keccak1600-x86_64	fixed	stack	64	latency	2	147352	30031951	151288171	372358871	8664152556	8664152556
keccak1600-avx2-rust	keccak1600-x86_64	runtime	tail	64	throughput	3	153600	30080932	151339400	390451571	8694236590	8694236590
keccak1600-avx2-rust	keccak1600-x86_64	runtime	tail	64	latency	3	145124	29874583	150558626	369195826	8724114533	8724114533
keccak1600-avx2-rust	keccak1600-x86_64	fixed	tail	64	throughput	3	153846	29943312	151164699	389230746	8754061316	8754061316
keccak1600-avx2-rust	keccak1600-x86_64	fixed	tail	64	latency	3	147352	30047002	151531469	373095635	8784111430	8784111430
keccak1600-avx2-rust	keccak1600-x86_64	runtime	shared	64	throughput	3	153600	29998082	151113941	391219569	8814112863	8814112863
keccak1600-avx2-rust	keccak1600-x86_64	runtime	shared	64	latency	3	145675	30041502	151241108	371325950	8844157716	8844157716
keccak1600-avx2-rust	keccak1600-x86_64	fixed	shared	64	throughput	3	153969	30039272	151388914	388926063	8874200319	8874200319
keccak1600-avx2-rust	keccak1600-x86_64	fixed	shared	64	latency	3	147239	30014631	151190736	372220563	8904219173	8904219173
keccak1600-avx2-rust	keccak1600-x86_64	runtime	stack	64	throughput	3	145015	30188272	152073104	377764449	8934410816	8934410816
keccak1600-avx2-rust	keccak1600-x86_64	runtime	stack	64	latency	3	142327	30105192	151438545	371046861	8964519739	8964519739
keccak1600-avx2-rust	keccak1600-x86_64	fixed	stack	64	throughput	3	153722	29996341	151134128	388148421	8994520292	8994520292
keccak1600-avx2-rust	keccak1600-x86_64	fixed	stack	64	latency	3	147465	30076622	151429413	372644424	9024600116	9024600116
keccak1600-avx2-rust	keccak1600-x86_64	runtime	asm	64	throughput	3	146007	30372961	151328261	739379817	9054976339	9054976339
keccak1600-avx2-rust	keccak1600-x86_64	runtime	asm	64	latency	3	141802	30138681	150183223	718369299	9085118432	9085118432
keccak1600-avx2-rust	keccak1600-x86_64	fixed	asm	64	throughput	3	144469	30108852	149721404	726246031	9115230535	9115230535
keccak1600-avx2-rust	keccak1600-x86_64	fixed	asm	64	latency	3	146118	30273241	150784427	734827793	9145507238	9145507238
keccak1600-avx2-rust	keccak1600-x86_64	runtime	shared	64	throughput	4	152139	29813883	149703912	387498394	9175324441	9175324441
keccak1600-avx2-rust	keccak1600-x86_64	runtime	shared	64	latency	4	145564	29976281	151104247	371043005	9205305205	9205305205
keccak1600-avx2-rust	keccak1600-x86_64	fixed	shared	64	throughput	4	154465	30094272	151857703	390178955	9235397138	9235397138
keccak1600-avx2-rust	keccak1600-x86_64	fixed	shared	64	latency	4	147352	30026522	151288515	372506224	9265426761	9265426761
keccak1600-avx2-rust	keccak1600-x86_64	runtime	stack	64	throughput	4	145015	30134772	152023272	377764440	9295564564	9295564564
keccak1600-avx2-rust	keccak1600-x86_64	runtime	stack	64	latency	4	142338	29953052	151287564	371075539	9325520708	9325520708
keccak1600-avx2-rust	keccak1600-x86_64	fixed	stack	64	throughput	4	153969	30007772	151382391	388772097	9355531551	9355531551
keccak1600-avx2-rust	keccak1600-x86_64	fixed	stack	64	latency	4	147239	29935023	151251556	372073326	9385469654	9385469654
keccak1600-avx2-rust	keccak1600-x86_64	runtime	asm	64	throughput	4	147352	30508060	152199856	746190898	9415980797	9415980797
keccak1600-avx2-rust	keccak1600-x86_64	runtime	asm	64	latency	4	137931	29428424	146363308	698758815	9445412441	9445412441
keccak1600-avx2-rust	keccak1600-x86_64	fixed	asm	64	throughput	4	143390	30100991	149770483	720821900	9475516584	9475516584
keccak1600-avx2-rust	keccak1600-x86_64	fixed	asm	64	latency	4	146118	30446761	151490312	734827792	9505966647	9505966647
keccak1600-avx2-rust	keccak1600-x86_64	runtime	tail	64	throughput	4	152501	29832413	150186630	387657912	9535802341	9535802341
keccak1600-avx2-rust	keccak1600-x86_64	runtime	tail	64	latency	4	147013	30254981	152539366	374001447	9566060474	9566060474
keccak1600-avx2-rust	keccak1600-x86_64	fixed	tail	64	throughput	4	153846	29975492	151049678	389230751	9596038977	9596038977
keccak1600-avx2-rust	keccak1600-x86_64	fixed	tail	64	latency	4	148033	30211751	152222088	374819929	9626253870	9626253870
keccak1600-avx2-rust	keccak1600-x86_64	control	empty	64	throughput	0	2000000	2388433	12003131	30000319	9628645438	9628645438
keccak1600-avx2-rust	keccak1600-x86_64	control	empty	64	latency	0	2000000	3198841	16019818	34000324	9631847195	9631847195
keccak1600-avx2-rust	keccak1600-x86_64	runtime	shared	135	throughput	0	150706	29944112	150766248	428608219	9661794368	9661794368
keccak1600-avx2-rust	keccak1600-x86_64	runtime	shared	135	latency	0	145896	30058212	151411816	415220371	9691855602	9691855602
keccak1600-avx2-rust	keccak1600-x86_64	fixed	shared	135	throughput	0	151778	30065902	151275198	428773203	9721924555	9721924555
keccak1600-avx2-rust	keccak1600-x86_64	fixed	shared	135	latency	0	147919	30154872	151839540	418167369	9752075698	9752075698
keccak1600-avx2-rust	keccak1600-x86_64	runtime	stack	135	throughput	0	142857	30029412	151385677	373571406	9782108521	9782108521
keccak1600-avx2-rust	keccak1600-x86_64	runtime	stack	135	latency	0	140556	30026522	151256934	367835408	9812138575	9812138575
keccak1600-avx2-rust	keccak1600-x86_64	fixed	stack	135	throughput	0	153354	30021252	151368405	390592992	9842163308	9842163308
keccak1600-avx2-rust	keccak1600-x86_64	fixed	stack	135	latency	0	147352	29960502	151059857	375600601	9872128001	9872128001
keccak1600-avx2-rust	keccak1600-x86_64	runtime	asm	135	throughput	0	145015	30572200	152158408	735806465	9902703654	9902703654
keccak1600-avx2-rust	keccak1600-x86_64	runtime	asm	135	latency	0	141176	30141512	150149688	716609732	9932848567	9932848567
keccak1600-avx2-rust	keccak1600-x86_64	fixed	asm	135	throughput	0	145015	30036112	149606343	729280787	9962888580	9962888580
keccak1600-avx2-rust	keccak1600-x86_64	fixed	asm	135	latency	0	145675	30496161	151353940	732891273	9993389363	9993389363
keccak1600-avx2-rust	keccak1600-x86_64	runtime	tail	135	throughput	0	149532	29628433	149261219	426316084	10023021957	10023021957
keccak1600-avx2-rust	keccak1600-x86_64	runtime	tail	135	latency	0	146564	30104772	152039560	418147447	10053130720	10053130720
keccak1600-avx2-rust	keccak1600-x86_64	fixed	tail	135	throughput	0	152380	30166351	152019791	433064316	10083301003	10083301003
keccak1600-avx2-rust	keccak1600-x86_64	fixed	tail	135	latency	0	146453	30096092	151647744	416512684	10113401046	10113401046
keccak1600-avx2-rust	keccak1600-x86_64	runtime	stack	135	throughput	1	123870	25871304	130926924	323920392	10139275453	10139275453
keccak1600-avx2-rust	keccak1600-x86_64	runtime	stack	135	latency	1	141384	30136252	152135124	370002282	10169414887	10169414887
keccak1600-avx2-rust	keccak1600-x86_64	fixed	stack	135	throughput	1	154093	30121371	151926238	392475226	10199534620	10199534620
keccak1600-avx2-rust	keccak1600-x86_64	fixed	stack	135	latency	1	147465	30008202	151430721	375888644	10229546543	10229546543
keccak1600-avx2-rust	keccak1600-x86_64	runtime	asm	135	throughput	1	145015	30404011	151354668	735806464	10259954406	10259954406
keccak1600-avx2-rust	keccak1600-x86_64	runtime	asm	135	latency	1	142538	30392461	151466358	723523246	10290350219	10290350219
keccak1600-avx2-rust	keccak1600-x86_64	fixed	asm	135	throughput	1	147013	30285841	151061058	739328731	10320639322	10320639322
keccak1600-avx2-rust	keccak1600-x86_64	fixed	asm	135	latency	1	145344	30321251	151219213	731226017	10350963615	10350963615
keccak1600-avx2-rust	keccak1600-x86_64	runtime	tail	135	throughput	1	150117	29783543	149884311	427983923	10380750279	10380750279
keccak1600-avx2-rust	keccak1600-x86_64	runtime	tail	135	latency	1	146453	30159311	151910961	417830767	10410912713	10410912713
keccak1600-avx2-rust	keccak1600-x86_64	fixed	tail	135	throughput	1	151658	30013153	151227697	431012385	10440929066	10440929066
keccak1600-avx2-rust	keccak1600-x86_64	fixed	tail	135	latency	1	146676	30122452	151938572	417146899	10471054699	10471054699
keccak1600-avx2-rust	keccak1600-x86_64	runtime	shared	135	throughput	1	151419	30048952	151404844	430635989	10501106762	10501106762
keccak1600-avx2-rust	keccak1600-x86_64	runtime	shared	135	latency	1	137634	28376807	142981100	391706717	10529486597	10529486597
keccak1600-avx2-rust	keccak1600-x86_64	fixed	shared	135	throughput	1	151778	29978652	151204865	428773199	10559468360	10559468360
keccak1600-avx2-rust	keccak1600-x86_64	fixed	shared	135	latency	1	147465	30045342	151238208	416883907	10589516724	10589516724
keccak1600-avx2-rust	keccak1600-x86_64	runtime	asm	135	throughput	2	144252	30219031	150639956	731934999	10619738937	10619738937
keccak1600-avx2-rust	keccak1600-x86_64	runtime	asm	135	latency	2	141802	30212242	150510536	719787303	10649949950	10649949950
keccak1600-avx2-rust	keccak1600-x86_64	fixed	asm	135	throughput	2	147013	30390411	151333819	739328731	10680343473	10680343473
keccak1600-avx2-rust	keccak1600-x86_64	fixed	asm	135	latency	2	144144	30130932	150212275	725188812	10710477626	10710477626
keccak1600-avx2-rust	keccak1600-x86_64	runtime	tail	135	throughput	2	150246	29749453	149704996	428351694	10740230310	10740230310
keccak1600-avx2-rust	keccak1600-x86_64	runtime	tail	135	latency	2	144905	29860473	150419351	413414322	10770094083	10770094083
keccak1600-avx2-rust	keccak1600-x86_64	fixed	tail	135	throughput	2	151658	30054651	151408273	431012384	10800151886	10800151886
keccak1600-avx2-rust	keccak1600-x86_64	fixed	tail	135	latency	2	146341	30091132	151570886	416194152	10830246149	10830246149
keccak1600-avx2-rust	keccak1600-x86_64	runtime	shared	135	throughput	2	150588	29978512	151025402	428272624	10860227963	10860227963
keccak1600-avx2-rust	keccak1600-x86_64	runtime	shared	135	latency	2	145344	29910253	150694626	413649372	10890141726	10890141726
keccak1600-avx2-rust	keccak1600-x86_64	fixed	shared	135	throughput	2	151898	30124442	151725599	429112203	10920270109	10920270109
keccak1600-avx2-rust	keccak1600-x86_64	fixed	shared	135	latency	2	147465	30008872	151142310	416883906	10950283043	10950283043
keccak1600-avx2-rust	keccak1600-x86_64	runtime	stack	135	throughput	2	143497	30048113	151703782	375245007	10980335066	10980335066
keccak1600-avx2-rust	keccak1600-x86_64	runtime	stack	135	latency	2	141384	30165591	152192742	370002274	11010503839	11010503839
keccak1600-avx2-rust	keccak1600-x86_64	fixed	stack	135	throughput	2	153600	30045972	151449795	391219547	11040553082	11040553082
keccak1600-avx2-rust	keccak1600-x86_64	fixed	stack	135	latency	2	147352	30085372	151334391	375600607	11070641705	11070641705
keccak1600-avx2-rust	keccak1600-x86_64	runtime	tail	135	throughput	3	150824	29997342	150634409	429999570	11100642609	11100642609
keccak1600-avx2-rust	keccak1600-x86_64	runtime	tail	135	latency	3	145785	29979832	151012952	415924963	11130626642	11130626642
keccak1600-avx2-rust	keccak1600-x86_64	fixed	tail	135	throughput	3	151658	30039892	151247975	431012382	11160670725	11160670725
keccak1600-avx2-rust	keccak1600-x86_64	fixed	tail	135	latency	3	146007	30019872	151224918	415244261	11190694339	11190694339
keccak1600-avx2-rust	keccak1600-x86_64	runtime	shared	135	throughput	3	150824	30006702	151017744	428943807	11220689462	11220689462
keccak1600-avx2-rust	keccak1600-x86_64	runtime	shared	135	latency	3	145896	30024092	151236398	415220370	11250716745	11250716745
keccak1600-avx2-rust	keccak1600-x86_64	fixed	shared	135	throughput	3	151658	30056312	151302245	428434203	11280770928	11280770928
keccak1600-avx2-rust	keccak1600-x86_64	fixed	shared	135	latency	3	147126	29966622	150991897	415925557	11310740702	11310740702
keccak1600-avx2-rust	keccak1600-x86_64	runtime	stack	135	throughput	3	143176	30013452	151257650	374405595	11340757285	11340757285
keccak1600-avx2-rust	keccak1600-x86_64	runtime	stack	135	latency	3	140556	30086492	151606324	367835404	11370846898	11370846898
keccak1600-avx2-rust	keccak1600-x86_64	fixed	stack	135	throughput	3	153354	29990612	151186355	390592990	11400840732	11400840732
keccak1600-avx2-rust	keccak1600-x86_64	fixed	stack	135	latency	3	147465	30122882	151436393	375888636	11430966805	11430966805
keccak1600-avx2-rust	keccak1600-x86_64	runtime	asm	135	throughput	3	145896	30528470	152267470	740276655	11461499328	11461499328
keccak1600-avx2-rust	keccak1600-x86_64	runtime	asm	135	latency	3	140556	29855393	148920596	713462605	11491357921	11491357921
keccak1600-avx2-rust	keccak1600-x86_64	fixed	asm	135	throughput	3	139332	28770206	143280734	700700976	11520131245	11520131245
keccak1600-avx2-rust	keccak1600-x86_64	fixed	asm	135	latency	3	145234	30387621	150651105	730672609	11550522098	11550522098
keccak1600-avx2-rust	keccak1600-x86_64	runtime	shared	135	throughput	4	149765	29790783	149759710	425932009	11580316032	11580316032
keccak1600-avx2-rust	keccak1600-x86_64	runtime	shared	135	latency	4	145785	30080791	151459446	414904460	11610400085	11610400085
keccak1600-avx2-rust	keccak1600-x86_64	fixed	shared	135	throughput	4	152019	30172402	151537780	429454027	11640575768	11640575768
keccak1600-avx2-rust	keccak1600-x86_64	fixed	shared	135	latency	4	147578	30034652	151285377	417203357	11670613471	11670613471
keccak1600-avx2-rust	keccak1600-x86_64	runtime	stack	135	throughput	4	143283	30020462	151239945	374685395	11700637215	11700637215
keccak1600-avx2-rust	keccak1600-x86_64	runtime	stack	135	latency	4	140762	30084212	151462396	368374506	11730718288	11730718288
keccak1600-avx2-rust	keccak1600-x86_64	fixed	stack	135	throughput	4	153354	30056912	151212726	390592991	11760778621	11760778621
keccak1600-avx2-rust	keccak1600-x86_64	fixed	stack	135	latency	4	147352	29946872	151307422	375600605	11790729445	11790729445
keccak1600-avx2-rust	keccak1600-x86_64	runtime	asm	135	throughput	4	146564	30672980	153029457	743666086	11821405648	11821405648
keccak1600-avx2-rust	keccak1600-x86_64	runtime	asm	135	latency	4	140969	30148772	150345599	715558993	11851558811	11851558811
keccak1600-avx2-rust	keccak1600-x86_64	fixed	asm	135	throughput	4	146901	30254582	150433537	738765480	11881816864	11881816864
keccak1600-avx2-rust	keccak1600-x86_64	fixed	asm	135	latency	4	144360	30460990	151076825	726275511	11912281777	11912281777
keccak1600-avx2-rust	keccak1600-x86_64	runtime	tail	135	throughput	4	150234	29745993	149457434	428317486	11942032361	11942032361
keccak1600-avx2-rust	keccak1600-x86_64	runtime	tail	135	latency	4	124432	25636585	129136306	355004839	11967673438	11967673438
keccak1600-avx2-rust	keccak1600-x86_64	fixed	tail	135	throughput	4	151778	30072942	151389876	431353427	11997750691	11997750691
keccak1600-avx2-rust	keccak1600-x86_64	fixed	tail	135	latency	4	146453	30166802	151790583	416512684	12027921904	12027921904
keccak1600-avx2-rust	keccak1600-x86_64	control	empty	135	throughput	0	2000000	2384483	12004106	30000321	12030310102	12030310102
keccak1600-avx2-rust	keccak1600-x86_64	control	empty	135	latency	0	2000000	2819051	14107294	34000321	12033132190	12033132190
keccak1600-avx2-rust	keccak1600-x86_64	runtime	shared	136	throughput	0	75264	29841623	150255750	424715103	12062976923	12062976923
keccak1600-avx2-rust	keccak1600-x86_64	runtime	shared	136	latency	0	74447	30092212	151587027	420253662	12093072226	12093072226
keccak1600-avx2-rust	keccak1600-x86_64	fixed	shared	136	throughput	0	76069	30114121	151685394	427812408	12123189620	12123189620
keccak1600-avx2-rust	keccak1600-x86_64	fixed	shared	136	latency	0	75000	30160232	151731584	421950350	12153353063	12153353063
keccak1600-avx2-rust	keccak1600-x86_64	runtime	stack	136	throughput	0	76281	30103992	151348460	407112050	12183451876	12183451876
keccak1600-avx2-rust	keccak1600-x86_64	runtime	stack	136	latency	0	74941	30071912	151453599	400110349	12213527029	12213527029
keccak1600-avx2-rust	keccak1600-x86_64	fixed	stack	136	throughput	0	76738	30081451	151343910	392515226	12243583892	12243583892
keccak1600-avx2-rust	keccak1600-x86_64	fixed	stack	136	latency	0	75000	29987633	151066220	383775353	12273574766	12273574766
keccak1600-avx2-rust	keccak1600-x86_64	runtime	asm	136	throughput	0	75739	30678430	152618048	757011656	12304256348	12304256348
keccak1600-avx2-rust	keccak1600-x86_64	runtime	asm	136	latency	0	74853	30328271	150836574	748305799	12334587821	12334587821
keccak1600-avx2-rust	keccak1600-x86_64	fixed	asm	136	throughput	0	75679	30528910	152233478	753233438	12365120274	12365120274
keccak1600-avx2-rust	keccak1600-x86_64	fixed	asm	136	latency	0	74332	30022443	149334649	739975413	12395146667	12395146667
keccak1600-avx2-rust	keccak1600-x86_64	runtime	tail	136	throughput	0	74885	29715684	149226012	423100601	12424865611	12424865611
keccak1600-avx2-rust	keccak1600-x86_64	runtime	tail	136	latency	0	74592	30075792	151551825	421594343	12454944584	12454944584
keccak1600-avx2-rust	keccak1600-x86_64	fixed	tail	136	throughput	0	75949	30051092	151410387	428428654	12484998847	12484998847
keccak1600-avx2-rust	keccak1600-x86_64	fixed	tail	136	latency	0	74679	30114391	151693421	421413955	12515116340	12515116340
keccak1600-avx2-rust	keccak1600-x86_64	runtime	stack	136	throughput	1	76281	29995362	151404947	407112047	12545114844	12545114844
keccak1600-avx2-rust	keccak1600-x86_64	runtime	stack	136	latency	1	74708	29853283	150869109	398866369	12574971807	12574971807
keccak1600-avx2-rust	keccak1600-x86_64	fixed	stack	136	throughput	1	76800	30066942	151453810	392832351	12605042120	12605042120
keccak1600-avx2-rust	keccak1600-x86_64	fixed	stack	136	latency	1	75294	30115622	151663185	385279749	12635161154	12635161154
keccak1600-avx2-rust	keccak1600-x86_64	runtime	asm	136	throughput	1	68449	27569059	137608502	684148105	12662733539	12662733539
keccak1600-avx2-rust	keccak1600-x86_64	runtime	asm	136	latency	1	74795	30366081	151423535	747725966	12693102862	12693102862
keccak1600-avx2-rust	keccak1600-x86_64	fixed	asm	136	throughput	1	75501	30335802	151307433	751461805	12723441865	12723441865
keccak1600-avx2-rust	keccak1600-x86_64	fixed	asm	136	latency	1	75061	30325442	151144223	747232607	12753770458	12753770458
keccak1600-avx2-rust	keccak1600-x86_64	runtime	tail	136	throughput	1	75590	29970692	150767663	427083856	12783744541	12783744541
keccak1600-avx2-rust	keccak1600-x86_64	runtime	tail	136	latency	1	74970	30182442	152267053	423730799	12813930204	12813930204
keccak1600-avx2-rust	keccak1600-x86_64	fixed	tail	136	throughput	1	76102	30120242	151748964	429291724	12844053638	12844053638
keccak1600-avx2-rust	keccak1600-x86_64	fixed	tail	136	latency	1	74303	29952413	150870690	419292179	12874009281	12874009281
keccak1600-avx2-rust	keccak1600-x86_64	runtime	shared	136	throughput	1	76160	30103612	152078974	429771227	12904116034	12904116034
keccak1600-avx2-rust	keccak1600-x86_64	runtime	shared	136	latency	1	74973	30114742	152427897	423222939	12934233997	12934233997
keccak1600-avx2-rust	keccak1600-x86_64	fixed	shared	136	throughput	1	75560	29892793	150536488	424949789	12964130291	12964130291
keccak1600-avx2-rust	keccak1600-x86_64	fixed	shared	136	latency	1	74853	29994342	151436610	421123329	12994127754	12994127754
keccak1600-avx2-rust	keccak1600-x86_64	runtime	asm	136	throughput	2	76250	30869360	154155149	762119103	13025001506	13025001506
keccak1600-avx2-rust	keccak1600-x86_64	runtime	asm	136	latency	2	74476	30104522	150005788	744536924	13055109680	13055109680
keccak1600-avx2-rust	keccak1600-x86_64	fixed	asm	136	throughput	2	75442	30416681	151671139	750874579	13085529503	13085529503
keccak1600-avx2-rust	keccak1600-x86_64	fixed	asm	136	latency	2	74766	30094982	150099905	744295883	13115629217	13115629217
keccak1600-avx2-rust	keccak1600-x86_64	runtime	tail	136	throughput	2	75264	29784823	150142717	425241946	13145417310	13145417310
keccak1600-avx2-rust	keccak1600-x86_64	runtime	tail	136	latency	2	74621	30117592	151690394	421758246	13175538043	13175538043
keccak1600-avx2-rust	keccak1600-x86_64	fixed	tail	136	throughput	2	76039	30262141	151672376	428936351	13205777866	13205777866
keccak1600-avx2-rust	keccak1600-x86_64	fixed	tail	136	latency	2	74389	30131912	151144348	419777477	13235913110	13235913110
keccak1600-avx2-rust	keccak1600-x86_64	runtime	shared	136	throughput	2	75382	29866993	150262900	425380977	13265783403	13265783403
keccak1600-avx2-rust	keccak1600-x86_64	runtime	shared	136	latency	2	74505	30090043	151569147	420581074	13295876736	13295876736
keccak1600-avx2-rust	keccak1600-x86_64	fixed	shared	136	throughput	2	76072	30045033	151597220	427829280	13325924969	13325924969
keccak1600-avx2-rust	keccak1600-x86_64	fixed	shared	136	latency	2	75294	30229001	152222255	423604391	13356157153	13356157153
keccak1600-avx2-rust	keccak1600-x86_64	runtime	stack	136	throughput	2	76281	30002443	151371152	407112043	13386163037	13386163037
keccak1600-avx2-rust	keccak1600-x86_64	runtime	stack	136	latency	2	74915	30058543	151404313	399971535	13416224740	13416224740
keccak1600-avx2-rust	keccak1600-x86_64	fixed	stack	136	throughput	2	76769	30060892	151469360	392673784	13446288883	13446288883
keccak1600-avx2-rust	keccak1600-x86_64	fixed	stack	136	latency	2	75560	30199381	152217421	386640878	13476491346	13476491346
keccak1600-avx2-rust	keccak1600-x86_64	runtime	tail	136	throughput	3	75382	29870423	150099544	425908649	13506365550	13506365550
keccak1600-avx2-rust	keccak1600-x86_64	runtime	tail	136	latency	3	74592	30082552	151577204	421594340	13536451293	13536451293
keccak1600-avx2-rust	keccak1600-x86_64	fixed	tail	136	throughput	3	76372	30188262	152257412	430814800	13566642746	13566642746
keccak1600-avx2-rust	keccak1600-x86_64	fixed	tail	136	latency	3	74534	30051022	151367149	420595717	13596697199	13596697199
keccak1600-avx2-rust	keccak1600-x86_64	runtime	shared	136	throughput	3	75829	30046482	151320340	427903397	13626747023	13626747023
keccak1600-avx2-rust	keccak1600-x86_64	runtime	shared	136	latency	3	74159	29996192	150947894	418627906	13656746556	13656746556
keccak1600-avx2-rust	keccak1600-x86_64	fixed	shared	136	throughput	3	76009	30099982	151577697	427474964	13686849759	13686849759
keccak1600-avx2-rust	keccak1600-x86_64	fixed	shared	136	latency	3	74941	30067932	151483277	421618421	13716914182	13716914182
keccak1600-avx2-rust	keccak1600-x86_64	runtime	stack	136	throughput	3	76160	29983572	151221210	406466271	13746901096	13746901096
keccak1600-avx2-rust	keccak1600-x86_64	runtime	stack	136	latency	3	75000	30089112	151569623	400425355	13776993459	13776993459
keccak1600-avx2-rust	keccak1600-x86_64	fixed	stack	136	throughput	3	76830	30070532	151509511	392985797	13807067292	13807067292
keccak1600-avx2-rust	keccak1600-x86_64	fixed	stack	136	latency	3	75176	29967812	151392686	384675948	13837038385	13837038385
keccak1600-avx2-rust	keccak1600-x86_64	runtime	asm	136	throughput	3	75769	30535791	152315584	757311507	13867577368	13867577368
keccak1600-avx2-rust	keccak1600-x86_64	runtime	asm	136	latency	3	72644	29475584	146825469	726222413	13897056232	13897056232
keccak1600-avx2-rust	keccak1600-x86_64	fixed	asm	136	throughput	3	75442	30324441	150865378	750874580	13927383965	13927383965
keccak1600-avx2-rust	keccak1600-x86_64	fixed	asm	136	latency	3	74708	30270492	150628931	743718494	13957658138	13957658138
keccak1600-avx2-rust	keccak1600-x86_64	runtime	shared	136	throughput	4	75058	29703603	149888204	423552639	13987365031	13987365031
keccak1600-avx2-rust	keccak1600-x86_64	runtime	shared	136	latency	4	74476	30088412	151523943	420417377	14017456895	14017456895
keccak1600-avx2-rust	keccak1600-x86_64	fixed	shared	136	throughput	4	76039	30079832	151508099	427643681	14047540668	14047540668
keccak1600-avx2-rust	keccak1600-x86_64	fixed	shared	136	latency	4	74970	30067042	151588234	421781566	14077610951	14077610951
keccak1600-avx2-rust	keccak1600-x86_64	runtime	stack	136	throughput	4	76281	30048922	151352874	407112048	14107662974	14107662974
keccak1600-avx2-rust	keccak1600-x86_64	runtime	stack	136	latency	4	74941	30053782	151554381	400110353	14137719937	14137719937
keccak1600-avx2-rust	keccak1600-x86_64	fixed	stack	136	throughput	4	77201	30167262	152318841	394883465	14167890521	14167890521
keccak1600-avx2-rust	keccak1600-x86_64	fixed	stack	136	latency	4	75620	30189341	152292101	386947895	14198083014	14198083014
keccak1600-avx2-rust	keccak1600-x86_64	runtime	asm	136	throughput	4	76341	30918620	154126775	763028645	14228981246	14228981246
keccak1600-avx2-rust	keccak1600-x86_64	runtime	asm	136	latency	4	74912	30435471	151292290	748895612	14259421289	14259421289
keccak1600-avx2-rust	keccak1600-x86_64	fixed	asm	136	throughput	4	75087	30347711	150629593	747341260	14289772792	14289772792
keccak1600-avx2-rust	keccak1600-x86_64	fixed	asm	136	latency	4	74447	29967553	149201119	741120242	14319744045	14319744045
keccak1600-avx2-rust	keccak1600-x86_64	runtime	tail	136	throughput	4	74737	29647184	148981886	422264404	14349394729	14349394729
keccak1600-avx2-rust	keccak1600-x86_64	runtime	tail	136	latency	4	74534	30069872	151502382	421266520	14379468132	14379468132
keccak1600-avx2-rust	keccak1600-x86_64	fixed	tail	136	throughput	4	65484	25912914	130558221	369395590	14405384189	14405384189
keccak1600-avx2-rust	keccak1600-x86_64	fixed	tail	136	latency	4	74563	30040152	151520856	420759361	14435427522	14435427522
keccak1600-avx2-rust	keccak1600-x86_64	control	empty	136	throughput	0	2000000	1990094	10003116	30000319	14437420831	14437420831
keccak1600-avx2-rust	keccak1600-x86_64	control	empty	136	latency	0	2000000	2393844	12002399	34000319	14439817578	14439817578
keccak1600-avx2-rust	keccak1600-x86_64	runtime	shared	137	throughput	0	69691	27596129	138995148	393545428	14467416994	14467416994
keccak1600-avx2-rust	keccak1600-x86_64	runtime	shared	137	latency	0	74476	29979672	151418838	420715274	14497400607	14497400607
keccak1600-avx2-rust	keccak1600-x86_64	fixed	shared	137	throughput	0	76250	30170732	152057762	429135353	14527574620	14527574620
keccak1600-avx2-rust	keccak1600-x86_64	fixed	shared	137	latency	0	75205	30177832	152113918	423404505	14557756163	14557756163
keccak1600-avx2-rust	keccak1600-x86_64	runtime	stack	137	throughput	0	76281	30012012	151444516	407340892	14587765527	14587765527
keccak1600-avx2-rust	keccak1600-x86_64	runtime	stack	137	latency	0	75294	30094442	152006891	402220905	14617863390	14617863390
keccak1600-avx2-rust	keccak1600-x86_64	fixed	stack	137	throughput	0	76738	30068332	151362842	392745435	14647931893	14647931893
keccak1600-avx2-rust	keccak1600-x86_64	fixed	stack	137	latency	0	74824	29934313	150615528	383099233	14677869556	14677869556
keccak1600-avx2-rust	keccak1600-x86_64	runtime	asm	137	throughput	0	75560	30701390	152343793	755449227	14708574219	14708574219
keccak1600-avx2-rust	keccak1600-x86_64	runtime	asm	137	latency	0	74360	30187542	150043550	743600343	14738764962	14738764962
keccak1600-avx2-rust	keccak1600-x86_64	fixed	asm	137	throughput	0	75117	30247032	150429217	747790086	14769015245	14769015245
keccak1600-avx2-rust	keccak1600-x86_64	fixed	asm	137	latency	0	75179	30209222	150667840	748557655	14799229248	14799229248
keccak1600-avx2-rust	keccak1600-x86_64	runtime	tail	137	throughput	0	75235	29795083	149858974	425379047	14829027512	14829027512
keccak1600-avx2-rust	keccak1600-x86_64	runtime	tail	137	latency	0	74476	30082732	151419683	421236611	14859113435	14859113435
keccak1600-avx2-rust	keccak1600-x86_64	fixed	tail	137	throughput	0	75859	30032762	151277319	428224407	14889149218	14889149218
keccak1600-avx2-rust	keccak1600-x86_64	fixed	tail	137	latency	0	74621	30106192	151660815	421385140	14919258471	14919258471
keccak1600-avx2-rust	keccak1600-x86_64	runtime	stack	137	throughput	1	76220	30026832	151226573	407015150	14949288495	14949288495
keccak1600-avx2-rust	keccak1600-x86_64	runtime	stack	137	latency	1	74941	30024233	151336257	400335173	14979316028	14979316028
keccak1600-avx2-rust	keccak1600-x86_64	fixed	stack	137	throughput	1	76738	30034142	151280582	392745434	15009353401	15009353401
keccak1600-avx2-rust	keccak1600-x86_64	fixed	stack	137	latency	1	75176	30015162	151311228	384901471	15039371665	15039371665
keccak1600-avx2-rust	keccak1600-x86_64	runtime	asm	137	throughput	1	76009	30663791	153024259	759938332	15070038548	15070038548
keccak1600-avx2-rust	keccak1600-x86_64	runtime	asm	137	latency	1	68743	27881358	138885553	687430338	15097923053	15097923053
keccak1600-avx2-rust	keccak1600-x86_64	fixed	asm	137	throughput	1	75590	30292172	150938695	752498805	15128218476	15128218476
keccak1600-avx2-rust	keccak1600-x86_64	fixed	asm	137	latency	1	75087	30286171	150974486	747641609	15158507849	15158507849
keccak1600-avx2-rust	keccak1600-x86_64	runtime	tail	137	throughput	1	75029	29778543	149534833	424214320	15188234933	15188234933
keccak1600-avx2-rust	keccak1600-x86_64	runtime	tail	137	latency	1	74534	30082482	151490028	421564656	15218320676	15218320676
keccak1600-avx2-rust	keccak1600-x86_64	fixed	tail	137	throughput	1	76069	30069312	151484698	429409851	15248393219	15248393219
keccak1600-avx2-rust	keccak1600-x86_64	fixed	tail	137	latency	1	74303	29935893	150790307	419589393	15278332383	15278332383
keccak1600-avx2-rust	keccak1600-x86_64	runtime	shared	137	throughput	1	75739	29982202	151116813	427698486	15308312466	15308312466
keccak1600-avx2-rust	keccak1600-x86_64	runtime	shared	137	latency	1	74534	30077612	151492671	421042917	15338393289	15338393289
keccak1600-avx2-rust	keccak1600-x86_64	fixed	shared	137	throughput	1	75382	29762283	150303425	424250249	15368159243	15368159243
keccak1600-avx2-rust	keccak1600-x86_64	fixed	shared	137	latency	1	74245	29700384	149821058	417999706	15397862796	15397862796
keccak1600-avx2-rust	keccak1600-x86_64	runtime	asm	137	throughput	2	76190	30783731	153352041	761747969	15428649729	15428649729
keccak1600-avx2-rust	keccak1600-x86_64	runtime	asm	137	latency	2	74970	30298511	151136593	749700354	15458951482	15458951482
keccak1600-avx2-rust	keccak1600-x86_64	fixed	asm	137	throughput	2	75709	30343292	151288964	753683445	15489298065	15489298065
keccak1600-avx2-rust	keccak1600-x86_64	fixed	asm	137	latency	2	75382	30355751	151370920	750578927	15519657028	15519657028
keccak1600-avx2-rust	keccak1600-x86_64	runtime	tail	137	throughput	2	75176	29852273	150077620	425045459	15549512511	15549512511
keccak1600-avx2-rust	keccak1600-x86_64	runtime	tail	137	latency	2	72699	29374234	147772351	411185895	15578889925	15578889925
keccak1600-avx2-rust	keccak1600-x86_64	fixed	tail	137	throughput	2	76190	30089342	152089333	430092899	15608982488	15608982488
keccak1600-avx2-rust	keccak1600-x86_64	fixed	tail	137	latency	2	74563	30058722	151362682	421057612	15639045191	15639045191
keccak1600-avx2-rust	keccak1600-x86_64	runtime	shared	137	throughput	2	75620	30011573	151003410	427026490	15669061225	15669061225
keccak1600-avx2-rust	keccak1600-x86_64	runtime	shared	137	latency	2	74563	30093942	151492683	421206736	15699150978	15699150978
keccak1600-avx2-rust	keccak1600-x86_64	fixed	shared	137	throughput	2	73732	29265954	147012034	414964050	15728420392	15728420392
keccak1600-avx2-rust	keccak1600-x86_64	fixed	shared	137	latency	2	74941	30136382	151551957	421918176	15758560025	15758560025
keccak1600-avx2-rust	keccak1600-x86_64	runtime	stack	137	throughput	2	76281	30100752	151203766	407340895	15788664008	15788664008
keccak1600-avx2-rust	keccak1600-x86_64	runtime	stack	137	latency	2	74853	30031463	151275718	399865077	15818698831	15818698831
keccak1600-avx2-rust	keccak1600-x86_64	fixed	stack	137	throughput	2	76800	30059142	151419020	393062752	15848761175	15848761175
keccak1600-avx2-rust	keccak1600-x86_64	fixed	stack	137	latency	2	75235	30075582	151464855	385203549	15878839958	15878839958
keccak1600-avx2-rust	keccak1600-x86_64	runtime	tail	137	throughput	3	76311	30221342	152173611	431462746	15909064401	15909064401
keccak1600-avx2-rust	keccak1600-x86_64	runtime	tail	137	latency	3	74563	30123102	151607580	421728687	15939190754	15939190754
keccak1600-avx2-rust	keccak1600-x86_64	fixed	tail	137	throughput	3	75859	30112902	151212325	428224407	15969307117	15969307117
keccak1600-avx2-rust	keccak1600-x86_64	fixed	tail	137	latency	3	74563	30072492	151498945	421057612	15999383051	15999383051
keccak1600-avx2-rust	keccak1600-x86_64	runtime	shared	137	throughput	3	75679	30004752	151084308	427359662	16029391025	16029391025
keccak1600-avx2-rust	keccak1600-x86_64	runtime	shared	137	latency	3	74505	30130053	151599346	420879094	16059524328	16059524328
keccak1600-avx2-rust	keccak1600-x86_64	fixed	shared	137	throughput	3	76009	30111952	151524937	427779000	16089639681	16089639681
keccak1600-avx2-rust	keccak1600-x86_64	fixed	shared	137	latency	3	74885	30012463	151172900	421602904	16119655694	16119655694
keccak1600-avx2-rust	keccak1600-x86_64	runtime	stack	137	throughput	3	68351	26957951	135698264	364994684	16146617040	16146617040
keccak1600-avx2-rust	keccak1600-x86_64	runtime	stack	137	latency	3	67892	27257921	137120836	362679411	16173878776	16173878776
keccak1600-avx2-rust	keccak1600-x86_64	fixed	stack	137	throughput	3	76738	30036712	151247903	392745435	16203905479	16203905479
keccak1600-avx2-rust	keccak1600-x86_64	fixed	stack	137	latency	3	75235	30063002	151442849	385203549	16233971753	16233971753
keccak1600-avx2-rust	keccak1600-x86_64	runtime	asm	137	throughput	3	75709	30606671	152506584	756938937	16264581565	16264581565
keccak1600-avx2-rust	keccak1600-x86_64	runtime	asm	137	latency	3	74679	30246141	150700822	746790353	16294830958	16294830958
keccak1600-avx2-rust	keccak1600-x86_64	fixed	asm	137	throughput	3	75590	30297032	150699968	752498800	16325131161	16325131161
keccak1600-avx2-rust	keccak1600-x86_64	fixed	asm	137	latency	3	61518	24798458	123450760	612535065	16349933059	16349933059
keccak1600-avx2-rust	keccak1600-x86_64	runtime	shared	137	throughput	4	75120	29771124	149887024	424202989	16379707443	16379707443
keccak1600-avx2-rust	keccak1600-x86_64	runtime	shared	137	latency	4	74882	30208341	152289382	423008765	16409918956	16409918956
keccak1600-avx2-rust	keccak1600-x86_64	fixed	shared	137	throughput	4	76707	30348692	152904479	431707343	16440270919	16440270919
keccak1600-avx2-rust	keccak1600-x86_64	fixed	shared	137	latency	4	74912	30067112	151460189	421754905	16470341202	16470341202
keccak1600-avx2-rust	keccak1600-x86_64	runtime	stack	137	throughput	4	76341	30098292	151601577	407661292	16500442785	16500442785
keccak1600-avx2-rust	keccak1600-x86_64	runtime	stack	137	latency	4	74970	30025083	151478303	400490091	16530471189	16530471189
keccak1600-avx2-rust	keccak1600-x86_64	fixed	stack	137	throughput	4	76707	30000702	151226861	392586777	16560475012	16560475012
keccak1600-avx2-rust	keccak1600-x86_64	fixed	stack	137	latency	4	75650	30216662	152204859	387328352	16590694805	16590694805
keccak1600-avx2-rust	keccak1600-x86_64	runtime	asm	137	throughput	4	75650	30511161	152210380	756349051	16621209138	16621209138
keccak1600-avx2-rust	keccak1600-x86_64	runtime	asm	137	latency	4	74621	30163922	150259705	746210348	16651376381	16651376381
keccak1600-avx2-rust	keccak1600-x86_64	fixed	asm	137	throughput	4	75590	30383571	151318158	752498796	16681763244	16681763244
keccak1600-avx2-rust	keccak1600-x86_64	fixed	asm	137	latency	4	75294	30330262	151100856	749702705	16712096817	16712096817
keccak1600-avx2-rust	keccak1600-x86_64	runtime	tail	137	throughput	4	75117	29681523	149877372	424711867	16741781580	16741781580
keccak1600-avx2-rust	keccak1600-x86_64	runtime	tail	137	latency	4	74882	30205082	152205204	423532946	16771989793	16771989793
keccak1600-avx2-rust	keccak1600-x86_64	fixed	tail	137	throughput	4	75949	30047203	151558888	428732460	16802040477	16802040477
keccak1600-avx2-rust	keccak1600-x86_64	fixed	tail	137	latency	4	74592	30117432	151556724	421221377	16832161130	16832161130
keccak1600-avx2-rust	keccak1600-x86_64	control	empty	137	throughput	0	2000000	2793352	14079202	30000320	16834957577	16834957577
keccak1600-avx2-rust	keccak1600-x86_64	control	empty	137	latency	0	2000000	2382092	12002965	34000320	16837342615	16837342615
keccak1600-avx2-rust	keccak1600-x86_64	runtime	shared	272	throughput	0	45638	27094341	136461066	383952841	16864440041	16864440041
keccak1600-avx2-rust	keccak1600-x86_64	runtime	shared	272	latency	0	50065	30067592	151618381	421297329	16894510804	16894510804
keccak1600-avx2-rust	keccak1600-x86_64	fixed	shared	272	throughput	0	50753	30227762	151557557	426021035	16924741757	16924741757
keccak1600-avx2-rust	keccak1600-x86_64	fixed	shared	272	latency	0	50248	30225102	151497473	421882562	16954970020	16954970020
keccak1600-avx2-rust	keccak1600-x86_64	runtime	stack	272	throughput	0	50446	30034353	150727106	406595113	16985007654	16985007654
keccak1600-avx2-rust	keccak1600-x86_64	runtime	stack	272	latency	0	50393	30125852	151728650	406268718	17015136667	17015136667
keccak1600-avx2-rust	keccak1600-x86_64	fixed	stack	272	throughput	0	51131	29970753	151573487	407770074	17045110530	17045110530
keccak1600-avx2-rust	keccak1600-x86_64	fixed	stack	272	latency	0	50726	30269222	152403652	404641651	17075382853	17075382853
keccak1600-avx2-rust	keccak1600-x86_64	runtime	asm	272	throughput	0	50446	30662540	152837307	750586389	17106041586	17106041586
keccak1600-avx2-rust	keccak1600-x86_64	runtime	asm	272	latency	0	49446	30188982	150334689	735806282	17136233809	17136233809
keccak1600-avx2-rust	keccak1600-x86_64	fixed	asm	272	throughput	0	50499	30259752	150649968	749254012	17166497182	17166497182
keccak1600-avx2-rust	keccak1600-x86_64	fixed	asm	272	latency	0	50486	30133863	150248645	749162102	17196634925	17196634925
keccak1600-avx2-rust	keccak1600-x86_64	runtime	tail	272	throughput	0	50235	29808693	149937345	422979056	17226442469	17226442469
keccak1600-avx2-rust	keccak1600-x86_64	runtime	tail	272	latency	0	50053	30035073	151363451	421546721	17256480872	17256480872
keccak1600-avx2-rust	keccak1600-x86_64	fixed	tail	272	throughput	0	50753	30035712	151560525	426883830	17286519735	17286519735
keccak1600-avx2-rust	keccak1600-x86_64	fixed	tail	272	latency	0	50091	30028163	151293642	421415936	17316551118	17316551118
keccak1600-avx2-rust	keccak1600-x86_64	runtime	stack	272	throughput	1	50955	30212003	152286646	410697641	17346766231	17346766231
keccak1600-avx2-rust	keccak1600-x86_64	runtime	stack	272	latency	1	49988	29855064	150485513	403003607	17376625095	17376625095
keccak1600-avx2-rust	keccak1600-x86_64	fixed	stack	272	throughput	1	51131	30065623	151560700	407770076	17406693988	17406693988
keccak1600-avx2-rust	keccak1600-x86_64	fixed	stack	272	latency	1	46132	27431671	138589395	367995310	17434128854	17434128854
keccak1600-avx2-rust	keccak1600-x86_64	runtime	asm	272	throughput	1	50301	30578322	152621516	748428936	17464710397	17464710397
keccak1600-avx2-rust	keccak1600-x86_64	runtime	asm	272	latency	1	49625	30233732	150811368	738469979	17494947270	17494947270
keccak1600-avx2-rust	keccak1600-x86_64	fixed	asm	272	throughput	1	50143	29932613	149322985	743972045	17524883134	17524883134
keccak1600-avx2-rust	keccak1600-x86_64	fixed	asm	272	latency	1	50513	30268332	150989667	749562755	17555154617	17555154617
keccak1600-avx2-rust	keccak1600-x86_64	runtime	tail	272	throughput	1	50342	29834854	150182840	423879997	17584992720	17584992720
keccak1600-avx2-rust	keccak1600-x86_64	runtime	tail	272	latency	1	49857	29949422	150790601	419896006	17614945353	17614945353
keccak1600-avx2-rust	keccak1600-x86_64	fixed	tail	272	throughput	1	50753	30027403	151597063	426883832	17644975927	17644975927
keccak1600-avx2-rust	keccak1600-x86_64	fixed	tail	272	latency	1	49934	29952632	150875443	420095096	17674932160	17674932160
keccak1600-avx2-rust	keccak1600-x86_64	runtime	shared	272	throughput	1	50619	30038823	151303073	425857998	17704974103	17704974103
keccak1600-avx2-rust	keccak1600-x86_64	runtime	shared	272	latency	1	50013	30063532	151379385	420859746	17735034446	17735034446
keccak1600-avx2-rust	keccak1600-x86_64	fixed	shared	272	throughput	1	50726	30072932	151446993	425794394	17765110620	17765110620
keccak1600-avx2-rust	keccak1600-x86_64	fixed	shared	272	latency	1	50222	30068452	151358390	421664267	17795182473	17795182473
keccak1600-avx2-rust	keccak1600-x86_64	runtime	asm	272	throughput	2	49973	30415122	151584817	743548612	17825600816	17825600816
keccak1600-avx2-rust	keccak1600-x86_64	runtime	asm	272	latency	2	46955	28727296	143156666	698737704	17854331300	17854331300
keccak1600-avx2-rust	keccak1600-x86_64	fixed	asm	272	throughput	2	50182	29979703	149342007	744550683	17884314203	17884314203
keccak1600-avx2-rust	keccak1600-x86_64	fixed	asm	272	latency	2	50659	30360282	150813295	751729255	17914677836	17914677836
keccak1600-avx2-rust	keccak1600-x86_64	runtime	tail	272	throughput	2	49728	29650033	148449335	418710114	17944331180	17944331180
keccak1600-avx2-rust	keccak1600-x86_64	runtime	tail	272	latency	2	50104	30082993	151531832	421976242	17974417403	17974417403
keccak1600-avx2-rust	keccak1600-x86_64	fixed	tail	272	throughput	2	50726	30086872	151397567	426656739	18004507506	18004507506
keccak1600-avx2-rust	keccak1600-x86_64	fixed	tail	272	latency	2	50117	30053993	151436437	421634672	18034564680	18034564680
keccak1600-avx2-rust	keccak1600-x86_64	runtime	shared	272	throughput	2	47151	27994969	141004286	396681714	18062562776	18062562776
keccak1600-avx2-rust	keccak1600-x86_64	runtime	shared	272	latency	2	50026	30082042	151480435	420969139	18092647989	18092647989
keccak1600-avx2-rust	keccak1600-x86_64	fixed	shared	272	throughput	2	50686	30077322	151357848	425458632	18122728522	18122728522
keccak1600-avx2-rust	keccak1600-x86_64	fixed	shared	272	latency	2	50261	30092783	151574261	421991704	18152824415	18152824415
keccak1600-avx2-rust	keccak1600-x86_64	runtime	stack	272	throughput	2	50687	30011033	151098108	408537574	18182834608	18182834608
keccak1600-avx2-rust	keccak1600-x86_64	runtime	stack	272	latency	2	50354	30062072	151566910	405954300	18212899972	18212899972
keccak1600-avx2-rust	keccak1600-x86_64	fixed	stack	272	throughput	2	51405	30245352	152395242	409955222	18243148555	18243148555
keccak1600-avx2-rust	keccak1600-x86_64	fixed	stack	272	latency	2	50473	30110112	151649358	402623479	18273261808	18273261808
keccak1600-avx2-rust	keccak1600-x86_64	runtime	tail	272	throughput	3	50766	30103312	151616523	427450072	18303368331	18303368331
keccak1600-avx2-rust	keccak1600-x86_64	runtime	tail	272	latency	3	50209	30147193	151855592	422860555	18333518714	18333518714
keccak1600-avx2-rust	keccak1600-x86_64	fixed	tail	272	throughput	3	50727	30114853	151462093	426665148	18363637047	18363637047
keccak1600-avx2-rust	keccak1600-x86_64	fixed	tail	272	latency	3	50131	30086783	151560731	421752456	18393727631	18393727631
keccak1600-avx2-rust	keccak1600-x86_64	runtime	shared	272	throughput	3	50592	30043953	151230026	425630842	18423774965	18423774965
keccak1600-avx2-rust	keccak1600-x86_64	runtime	shared	272	latency	3	49857	30082563	150982583	419547011	18453860768	18453860768
keccak1600-avx2-rust	keccak1600-x86_64	fixed	shared	272	throughput	3	50780	30100842	151620177	426247672	18483964781	18483964781
keccak1600-avx2-rust	keccak1600-x86_64	fixed	shared	272	latency	3	50274	30103172	151672991	422100853	18514071114	18514071114
keccak1600-avx2-rust	keccak1600-x86_64	runtime	stack	272	throughput	3	50928	30193242	152259536	410480028	18544267447	18544267447
keccak1600-avx2-rust	keccak1600-x86_64	runtime	stack	272	latency	3	50539	30158723	152056936	407445767	18574429301	18574429301
keccak1600-avx2-rust	keccak1600-x86_64	fixed	stack	272	throughput	3	51378	30239582	152319704	409739897	18604671985	18604671985
keccak1600-avx2-rust	keccak1600-x86_64	fixed	stack	272	latency	3	50446	30100033	151563579	402408094	18634771218	18634771218
keccak1600-avx2-rust	keccak1600-x86_64	runtime	asm	272	throughput	3	50380	30681171	152493144	749604371	18665455450	18665455450
keccak1600-avx2-rust	keccak1600-x86_64	runtime	asm	272	latency	3	44671	27271721	135871902	664749493	18692730356	18692730356
keccak1600-avx2-rust	keccak1600-x86_64	fixed	asm	272	throughput	3	50739	30339241	151037942	752814897	18723072859	18723072859
keccak1600-avx2-rust	keccak1600-x86_64	fixed	asm	272	latency	3	45551	27315261	135946417	675931637	18750391355	18750391355
keccak1600-avx2-rust	keccak1600-x86_64	runtime	shared	272	throughput	4	50131	29776114	149824708	421752454	18780170668	18780170668
keccak1600-avx2-rust	keccak1600-x86_64	runtime	shared	272	latency	4	50039	30076362	151496327	421078537	18810250221	18810250221
keccak1600-avx2-rust	keccak1600-x86_64	fixed	shared	272	throughput	4	50726	30074133	151507255	425794397	18840327955	18840327955
keccak1600-avx2-rust	keccak1600-x86_64	fixed	shared	272	latency	4	50289	30119053	151642179	422226799	18870450178	18870450178
keccak1600-avx2-rust	keccak1600-x86_64	runtime	stack	272	throughput	4	50687	30076753	151504794	408537569	18900530071	18900530071
keccak1600-avx2-rust	keccak1600-x86_64	runtime	stack	272	latency	4	50314	30062793	151412904	405631820	18930596034	18930596034
keccak1600-avx2-rust	keccak1600-x86_64	fixed	stack	272	throughput	4	51119	30084583	151538850	407674379	18960683897	18960683897
keccak1600-avx2-rust	keccak1600-x86_64	fixed	stack	272	latency	4	50499	30139952	151723206	402830877	18990826961	18990826961
keccak1600-avx2-rust	keccak1600-x86_64	runtime	asm	272	throughput	4	50406	30779390	153040067	749991225	19021602874	19021602874
keccak1600-avx2-rust	keccak1600-x86_64	runtime	asm	272	latency	4	49740	30356402	151169805	740181289	19051962627	19051962627
keccak1600-avx2-rust	keccak1600-x86_64	fixed	asm	272	throughput	4	50539	30262002	150460642	749847489	19082227960	19082227960
keccak1600-avx2-rust	keccak1600-x86_64	fixed	asm	272	latency	4	50686	30325312	151088960	752129910	19112556453	19112556453
keccak1600-avx2-rust	keccak1600-x86_64	runtime	tail	272	throughput	4	50235	29796114	149923318	422979053	19142355746	19142355746
keccak1600-avx2-rust	keccak1600-x86_64	runtime	tail	272	latency	4	50091	30052863	151395790	421866754	19172411800	19172411800
keccak1600-avx2-rust	keccak1600-x86_64	fixed	tail	272	throughput	4	50753	30166472	151588615	426883841	19202577233	19202577233
keccak1600-avx2-rust	keccak1600-x86_64	fixed	tail	272	latency	4	50078	30055383	151381656	421306560	19232635716	19232635716
keccak1600-avx2-rust	keccak1600-x86_64	control	empty	272	throughput	0	2000000	2382682	12002834	30000319	19235021554	19235021554
keccak1600-avx2-rust	keccak1600-x86_64	control	empty	272	latency	0	2000000	2422813	12133327	34000319	19237447302	19237447302
keccak1600-avx2-rust	keccak1600-x86_64	runtime	shared	532	throughput	0	37914	29955283	150841059	422968938	19267405695	19267405695
keccak1600-avx2-rust	keccak1600-x86_64	runtime	shared	532	latency	0	37721	30089332	151469424	420891271	19297498128	19297498128
keccak1600-avx2-rust	keccak1600-x86_64	fixed	shared	532	throughput	0	38080	30081192	151404856	424097310	19327582461	19327582461
keccak1600-avx2-rust	keccak1600-x86_64	fixed	shared	532	latency	0	37869	30126173	151703873	421823144	19357711755	19357711755
keccak1600-avx2-rust	keccak1600-x86_64	runtime	stack	532	throughput	0	38216	30085252	151538877	411930618	19387800379	19387800379
keccak1600-avx2-rust	keccak1600-x86_64	runtime	stack	532	latency	0	37877	30117572	151530681	408352287	19417921062	19417921062
keccak1600-avx2-rust	keccak1600-x86_64	fixed	stack	532	throughput	0	38285	30077103	151482570	395943824	19448001305	19448001305
keccak1600-avx2-rust	keccak1600-x86_64	fixed	stack	532	latency	0	38110	30257772	152422292	394210191	19478262268	19478262268
keccak1600-avx2-rust	keccak1600-x86_64	runtime	asm	532	throughput	0	38477	30635741	152615537	760267396	19508901601	19508901601
keccak1600-avx2-rust	keccak1600-x86_64	runtime	asm	532	latency	0	37795	30363202	150900889	746867348	19539268384	19539268384
keccak1600-avx2-rust	keccak1600-x86_64	fixed	asm	532	throughput	0	38208	30332112	150936031	753691363	19569603717	19569603717
keccak1600-avx2-rust	keccak1600-x86_64	fixed	asm	532	latency	0	37967	30265692	150555812	749013328	19599867110	19599867110
keccak1600-avx2-rust	keccak1600-x86_64	runtime	tail	532	throughput	0	37713	29834893	149919489	420990575	19629705643	19629705643
keccak1600-avx2-rust	keccak1600-x86_64	runtime	tail	532	latency	0	37758	30085123	151565404	421568425	19659794006	19659794006
keccak1600-avx2-rust	keccak1600-x86_64	fixed	tail	532	throughput	0	38118	30086833	151536307	425168517	19689883939	19689883939
keccak1600-avx2-rust	keccak1600-x86_64	fixed	tail	532	latency	0	37802	30172172	151734039	421719469	19720053323	19720053323
keccak1600-avx2-rust	keccak1600-x86_64	runtime	stack	532	throughput	1	38193	30055122	151462202	411682699	19750111577	19750111577
keccak1600-avx2-rust	keccak1600-x86_64	runtime	stack	532	latency	1	37899	30085723	151622115	408589471	19780200540	19780200540
keccak1600-avx2-rust	keccak1600-x86_64	fixed	stack	532	throughput	1	38300	30092243	151582287	396098947	19810295933	19810295933
keccak1600-avx2-rust	keccak1600-x86_64	fixed	stack	532	latency	1	37870	30080193	151514808	391727636	19840379296	19840379296
keccak1600-avx2-rust	keccak1600-x86_64	runtime	asm	532	throughput	1	38292	30406551	151701244	756611981	19870789079	19870789079
keccak1600-avx2-rust	keccak1600-x86_64	runtime	asm	532	latency	1	38042	30477021	151806936	751748310	19901269242	19901269242
keccak1600-avx2-rust	keccak1600-x86_64	fixed	asm	532	throughput	1	37989	30176382	150182061	749371359	19931448845	19931448845
keccak1600-avx2-rust	keccak1600-x86_64	fixed	asm	532	latency	1	38117	30400052	151091760	751972533	19961852008	19961852008
keccak1600-avx2-rust	keccak1600-x86_64	runtime	tail	532	throughput	1	37713	29798593	149725528	420990569	19991653761	19991653761
keccak1600-avx2-rust	keccak1600-x86_64	runtime	tail	532	latency	1	36342	28948026	145906222	405758778	20020605176	20020605176
keccak1600-avx2-rust	keccak1600-x86_64	fixed	tail	532	throughput	1	36084	28492198	143492018	402481278	20049101200	20049101200
keccak1600-avx2-rust	keccak1600-x86_64	fixed	tail	532	latency	1	37750	30104122	151511247	421139348	20079208943	20079208943
keccak1600-avx2-rust	keccak1600-x86_64	runtime	shared	532	throughput	1	38057	30048052	151425022	424564243	20109260157	20109260157
keccak1600-avx2-rust	keccak1600-x86_64	runtime	shared	532	latency	1	37706	30048003	151359308	420723898	20139311410	20139311410
keccak1600-avx2-rust	keccak1600-x86_64	fixed	shared	532	throughput	1	35588	28118248	141444803	396343905	20167433435	20167433435
keccak1600-avx2-rust	keccak1600-x86_64	fixed	shared	532	latency	1	37862	30136532	151749970	421745167	20197574038	20197574038
keccak1600-avx2-rust	keccak1600-x86_64	runtime	asm	532	throughput	2	38461	30720960	152877662	759951251	20228293530	20228293530
keccak1600-avx2-rust	keccak1600-x86_64	runtime	asm	532	latency	2	38004	30286082	150661403	750997397	20258582883	20258582883
keccak1600-avx2-rust	keccak1600-x86_64	fixed	asm	532	throughput	2	37967	30112993	150158329	748937390	20288699097	20288699097
keccak1600-avx2-rust	keccak1600-x86_64	fixed	asm	532	latency	2	38117	30261912	150928748	751972530	20318964260	20318964260
keccak1600-avx2-rust	keccak1600-x86_64	runtime	tail	532	throughput	2	37661	29704093	149747446	420410088	20348671793	20348671793
keccak1600-avx2-rust	keccak1600-x86_64	runtime	tail	532	latency	2	37765	29989663	151669810	421646581	20378664666	20378664666
keccak1600-avx2-rust	keccak1600-x86_64	fixed	tail	532	throughput	2	38323	30208883	152324424	427455091	20408877029	20408877029
keccak1600-avx2-rust	keccak1600-x86_64	fixed	tail	532	latency	2	37772	30000552	151527864	421384780	20438881233	20438881233
keccak1600-avx2-rust	keccak1600-x86_64	runtime	shared	532	throughput	2	38308	30182792	152309283	427364403	20469067836	20469067836
keccak1600-avx2-rust	keccak1600-x86_64	runtime	shared	532	latency	2	37536	29877004	150716703	418827042	20498948199	20498948199
keccak1600-avx2-rust	keccak1600-x86_64	fixed	shared	532	throughput	2	38118	30074163	151492280	424520521	20529025432	20529025432
keccak1600-avx2-rust	keccak1600-x86_64	fixed	shared	532	latency	2	37832	30090923	151559061	421411000	20559120186	20559120186
keccak1600-avx2-rust	keccak1600-x86_64	runtime	stack	532	throughput	2	38255	30136203	151785881	412350997	20589259550	20589259550
keccak1600-avx2-rust	keccak1600-x86_64	runtime	stack	532	latency	2	36322	28850076	145321836	391587829	20618113074	20618113074
keccak1600-avx2-rust	keccak1600-x86_64	fixed	stack	532	throughput	2	38308	30095742	151586052	396181689	20648212347	20648212347
keccak1600-avx2-rust	keccak1600-x86_64	fixed	stack	532	latency	2	37862	30075933	151467004	391644878	20678291630	20678291630
keccak1600-avx2-rust	keccak1600-x86_64	runtime	tail	532	throughput	3	38117	30073703	151486322	425500426	20708368833	20708368833
keccak1600-avx2-rust	keccak1600-x86_64	runtime	tail	532	latency	3	37743	30119342	151510526	421400945	20738491807	20738491807
keccak1600-avx2-rust	keccak1600-x86_64	fixed	tail	532	throughput	3	38087	30085313	151347702	424822751	20768580450	20768580450
keccak1600-avx2-rust	keccak1600-x86_64	fixed	tail	532	latency	3	37772	30083992	151549989	421384784	20798667923	20798667923
keccak1600-avx2-rust	keccak1600-x86_64	runtime	shared	532	throughput	3	38057	30068413	151430770	424564238	20828739656	20828739656
keccak1600-avx2-rust	keccak1600-x86_64	runtime	shared	532	latency	3	36205	28844096	145313975	403975735	20857587000	20857587000
keccak1600-avx2-rust	keccak1600-x86_64	fixed	shared	532	throughput	3	38080	30069082	151440310	424097306	20887659384	20887659384
keccak1600-avx2-rust	keccak1600-x86_64	fixed	shared	532	latency	3	37839	30097573	151553093	421488970	20917760547	20917760547
keccak1600-avx2-rust	keccak1600-x86_64	runtime	stack	532	throughput	3	38194	30082343	151506929	411693481	20947846350	20947846350
keccak1600-avx2-rust	keccak1600-x86_64	runtime	stack	532	latency	3	37847	30066243	151384853	408028858	20977908773	20977908773
keccak1600-avx2-rust	keccak1600-x86_64	fixed	stack	532	throughput	3	38247	30049033	151368259	395550828	21007961236	21007961236
keccak1600-avx2-rust	keccak1600-x86_64	fixed	stack	532	latency	3	37922	30117122	151703405	392265517	21038081770	21038081770
keccak1600-avx2-rust	keccak1600-x86_64	runtime	asm	532	throughput	3	38476	30658821	152697785	760247639	21068744103	21068744103
keccak1600-avx2-rust	keccak1600-x86_64	runtime	asm	532	latency	3	38049	30317242	150829584	751886639	21099064796	21099064796
keccak1600-avx2-rust	keccak1600-x86_64	fixed	asm	532	throughput	3	37602	30054942	149352353	741737406	21129122919	21129122919
keccak1600-avx2-rust	keccak1600-x86_64	fixed	asm	532	latency	3	37892	30245312	150306371	747533724	21159371532	21159371532
keccak1600-avx2-rust	keccak1600-x86_64	runtime	shared	532	throughput	4	37500	29668824	149213248	418350355	21189039936	21189039936
keccak1600-avx2-rust	keccak1600-x86_64	runtime	shared	532	latency	4	37735	30083823	151515462	421047470	21219127249	21219127249
keccak1600-avx2-rust	keccak1600-x86_64	fixed	shared	532	throughput	4	38095	30072773	151427752	424264372	21249199512	21249199512
keccak1600-avx2-rust	keccak1600-x86_64	fixed	shared	532	latency	4	37847	30158312	151580456	421578079	21279361275	21279361275
keccak1600-avx2-rust	keccak1600-x86_64	runtime	stack	532	throughput	4	38170	30080983	151349898	411434786	21309439889	21309439889
keccak1600-avx2-rust	keccak1600-x86_64	runtime	stack	532	latency	4	37885	30102443	151609063	408438535	21339545642	21339545642
keccak1600-avx2-rust	keccak1600-x86_64	fixed	stack	532	throughput	4	35941	28248008	142268304	371702176	21367797177	21367797177
keccak1600-avx2-rust	keccak1600-x86_64	fixed	stack	532	latency	4	37915	30113363	151693601	392193116	21397913930	21397913930
keccak1600-avx2-rust	keccak1600-x86_64	runtime	asm	532	throughput	4	38423	30636271	152412809	759200406	21428553592	21428553592
keccak1600-avx2-rust	keccak1600-x86_64	runtime	asm	532	latency	4	38012	30292402	150883161	751155485	21458849355	21458849355
keccak1600-avx2-rust	keccak1600-x86_64	fixed	asm	532	throughput	4	38170	30354172	151161858	752941768	21489207328	21489207328
keccak1600-avx2-rust	keccak1600-x86_64	fixed	asm	532	latency	4	36186	28900257	143620074	713877760	21518111293	21518111293
keccak1600-avx2-rust	keccak1600-x86_64	runtime	tail	532	throughput	4	35069	27692450	139304035	391475597	21545807588	21545807588
keccak1600-avx2-rust	keccak1600-x86_64	runtime	tail	532	latency	4	37750	30160062	151528383	421479108	21575971431	21575971431
keccak1600-avx2-rust	keccak1600-x86_64	fixed	tail	532	throughput	4	35934	28429967	142792107	400808183	21604404856	21604404856
keccak1600-avx2-rust	keccak1600-x86_64	fixed	tail	532	latency	4	37735	30161543	151408775	420972006	21634569919	21634569919
keccak1600-avx2-rust	keccak1600-x86_64	control	empty	532	throughput	0	2000000	2389473	12004435	30000321	21636962527	21636962527
keccak1600-avx2-rust	keccak1600-x86_64	control	empty	532	latency	0	2000000	2811372	14078679	34000319	21639776864	21639776864
keccak1600-avx2-rust	keccak1600-x86_64	runtime	shared	1024	throughput	0	18306	29001406	145519254	407345460	21668781518	21668781518
keccak1600-avx2-rust	keccak1600-x86_64	runtime	shared	1024	latency	0	18884	30006653	150790211	420244882	21698784401	21698784401
keccak1600-avx2-rust	keccak1600-x86_64	fixed	shared	1024	throughput	0	18985	30027183	150824923	422093853	21728815015	21728815015
keccak1600-avx2-rust	keccak1600-x86_64	fixed	shared	1024	latency	0	18998	30089813	151528028	422420876	21758908129	21758908129
keccak1600-avx2-rust	keccak1600-x86_64	runtime	stack	1024	throughput	0	19123	30109413	151503118	414414882	21789020892	21789020892
keccak1600-avx2-rust	keccak1600-x86_64	runtime	stack	1024	latency	0	18931	30009673	150701166	410291914	21819034155	21819034155
keccak1600-avx2-rust	keccak1600-x86_64	fixed	stack	1024	throughput	0	19077	29951373	150858636	393997632	21848989038	21848989038
keccak1600-avx2-rust	keccak1600-x86_64	fixed	stack	1024	latency	0	19072	30073223	151465936	393932509	21879065621	21879065621
keccak1600-avx2-rust	keccak1600-x86_64	runtime	asm	1024	throughput	0	19265	30564531	152355082	757018524	21909633684	21909633684
keccak1600-avx2-rust	keccak1600-x86_64	runtime	asm	1024	latency	0	19038	30315422	150948073	748136634	21939952787	21939952787
keccak1600-avx2-rust	keccak1600-x86_64	fixed	asm	1024	throughput	0	19207	30294861	150970080	754086379	21970251210	21970251210
keccak1600-avx2-rust	keccak1600-x86_64	fixed	asm	1024	latency	0	19123	30195882	150277478	750826701	22000450593	22000450593
keccak1600-avx2-rust	keccak1600-x86_64	runtime	tail	1024	throughput	0	18875	29818564	150020122	420138978	22030272586	22030272586
keccak1600-avx2-rust	keccak1600-x86_64	runtime	tail	1024	latency	0	18974	30078623	151530310	422380566	22060354409	22060354409
keccak1600-avx2-rust	keccak1600-x86_64	fixed	tail	1024	throughput	0	19076	30163132	151604814	424441348	22090521552	22090521552
keccak1600-avx2-rust	keccak1600-x86_64	fixed	tail	1024	latency	0	18976	30073123	151515041	422254300	22120598296	22120598296
keccak1600-avx2-rust	keccak1600-x86_64	runtime	stack	1024	throughput	1	18662	29362875	147902663	404424546	22149964790	22149964790
keccak1600-avx2-rust	keccak1600-x86_64	runtime	stack	1024	latency	1	18992	30008134	151166053	411613971	22179976404	22179976404
keccak1600-avx2-rust	keccak1600-x86_64	fixed	stack	1024	throughput	1	19176	30114322	151624809	396042283	22210089338	22210089338
keccak1600-avx2-rust	keccak1600-x86_64	fixed	stack	1024	latency	1	19083	30081353	151531686	394159715	22240174021	22240174021
keccak1600-avx2-rust	keccak1600-x86_64	runtime	asm	1024	throughput	1	19292	30521482	152332352	758079485	22270698863	22270698863
keccak1600-avx2-rust	keccak1600-x86_64	runtime	asm	1024	latency	1	18931	29846403	148830567	743931859	22300548707	22300548707
keccak1600-avx2-rust	keccak1600-x86_64	fixed	asm	1024	throughput	1	19224	30421701	151282470	754753812	22330973750	22330973750
keccak1600-avx2-rust	keccak1600-x86_64	fixed	asm	1024	latency	1	19209	30377012	151399964	754203317	22361354452	22361354452
keccak1600-avx2-rust	keccak1600-x86_64	runtime	tail	1024	throughput	1	18890	29883554	150104082	420472865	22391235386	22391235386
keccak1600-avx2-rust	keccak1600-x86_64	runtime	tail	1024	latency	1	18980	30065843	151466504	422514133	22421304659	22421304659
keccak1600-avx2-rust	keccak1600-x86_64	fixed	tail	1024	throughput	1	18707	29507224	148662189	416231099	22450815003	22450815003
keccak1600-avx2-rust	keccak1600-x86_64	fixed	tail	1024	latency	1	18989	30098263	151634441	422543579	22480916427	22480916427
keccak1600-avx2-rust	keccak1600-x86_64	runtime	shared	1024	throughput	1	19062	30076513	151503965	424167978	22510996160	22510996160
keccak1600-avx2-rust	keccak1600-x86_64	runtime	shared	1024	latency	1	18981	30089143	151579171	422403528	22541088733	22541088733
keccak1600-avx2-rust	keccak1600-x86_64	fixed	shared	1024	throughput	1	19076	30096373	151568360	424117059	22571188446	22571188446
keccak1600-avx2-rust	keccak1600-x86_64	fixed	shared	1024	latency	1	18907	29974383	150820389	420397498	22601166679	22601166679
keccak1600-avx2-rust	keccak1600-x86_64	runtime	asm	1024	throughput	2	19376	30596571	152254825	761380278	22631762472	22631762472
keccak1600-avx2-rust	keccak1600-x86_64	runtime	asm	1024	latency	2	19180	30280442	150813862	753716808	22662046455	22662046455
keccak1600-avx2-rust	keccak1600-x86_64	fixed	asm	1024	throughput	2	19142	30271112	150510935	751534416	22692321078	22692321078
keccak1600-avx2-rust	keccak1600-x86_64	fixed	asm	1024	latency	2	19207	30294802	150782100	754124795	22722619251	22722619251
keccak1600-avx2-rust	keccak1600-x86_64	runtime	tail	1024	throughput	2	18886	29852384	150118022	420383823	22752474934	22752474934
keccak1600-avx2-rust	keccak1600-x86_64	runtime	tail	1024	latency	2	18977	30082422	151536008	422447351	22782562527	22782562527
keccak1600-avx2-rust	keccak1600-x86_64	fixed	tail	1024	throughput	2	19072	30090193	151546856	424352352	22812656200	22812656200
keccak1600-avx2-rust	keccak1600-x86_64	fixed	tail	1024	latency	2	18995	30096763	151608412	422677087	22842756533	22842756533
keccak1600-avx2-rust	keccak1600-x86_64	runtime	shared	1024	throughput	2	19058	30087462	151539514	424078961	22872847477	22872847477
keccak1600-avx2-rust	keccak1600-x86_64	runtime	shared	1024	latency	2	18974	30078823	151514945	422247750	22902929611	22902929611
keccak1600-avx2-rust	keccak1600-x86_64	fixed	shared	1024	throughput	2	19072	30129243	151585622	424028124	22933062274	22933062274
keccak1600-avx2-rust	keccak1600-x86_64	fixed	shared	1024	latency	2	18424	29172455	146934517	409657992	22962238128	22962238128
keccak1600-avx2-rust	keccak1600-x86_64	runtime	stack	1024	throughput	2	19110	30057773	151421556	414133158	22992299331	22992299331
keccak1600-avx2-rust	keccak1600-x86_64	runtime	stack	1024	latency	2	19032	30094653	151484251	412480884	23022388654	23022388654
keccak1600-avx2-rust	keccak1600-x86_64	fixed	stack	1024	throughput	2	19184	30113222	151640743	396207503	23052506077	23052506077
keccak1600-avx2-rust	keccak1600-x86_64	fixed	stack	1024	latency	2	18242	28759416	144863404	376788855	23081270951	23081270951
keccak1600-avx2-rust	keccak1600-x86_64	runtime	tail	1024	throughput	3	19058	30073623	151482035	424212375	23111349394	23111349394
keccak1600-avx2-rust	keccak1600-x86_64	runtime	tail	1024	latency	3	18976	30088313	151545671	422425090	23141442228	23141442228
keccak1600-avx2-rust	keccak1600-x86_64	fixed	tail	1024	throughput	3	19064	30084233	151478682	424174355	23171525472	23171525472
keccak1600-avx2-rust	keccak1600-x86_64	fixed	tail	1024	latency	3	18972	30062003	151443550	422165298	23201591225	23201591225
keccak1600-avx2-rust	keccak1600-x86_64	runtime	shared	1024	throughput	3	19030	30022093	151237007	423455911	23231616608	23231616608
keccak1600-avx2-rust	keccak1600-x86_64	runtime	shared	1024	latency	3	18966	30084613	151473197	422069718	23261704471	23261704471
keccak1600-avx2-rust	keccak1600-x86_64	fixed	shared	1024	throughput	3	19066	30122682	151479144	423894728	23291830544	23291830544
keccak1600-avx2-rust	keccak1600-x86_64	fixed	shared	1024	latency	3	19004	30139493	151545349	422554292	23321973337	23321973337
keccak1600-avx2-rust	keccak1600-x86_64	runtime	stack	1024	throughput	3	19125	30085413	151548670	414458228	23352062450	23352062450
keccak1600-avx2-rust	keccak1600-x86_64	runtime	stack	1024	latency	3	19041	30086572	151533936	412675944	23382152904	23382152904
keccak1600-avx2-rust	keccak1600-x86_64	fixed	stack	1024	throughput	3	19175	30115983	151688435	396021628	23412272158	23412272158
keccak1600-avx2-rust	keccak1600-x86_64	fixed	stack	1024	latency	3	19072	30055472	151440186	393932508	23442330931	23442330931
keccak1600-avx2-rust	keccak1600-x86_64	runtime	asm	1024	throughput	3	19366	30545141	152344143	760987324	23472879234	23472879234
keccak1600-avx2-rust	keccak1600-x86_64	runtime	asm	1024	latency	3	19192	30394172	150946129	754188377	23503276967	23503276967
keccak1600-avx2-rust	keccak1600-x86_64	fixed	asm	1024	throughput	3	19224	30357982	150801474	754753818	23533638810	23533638810
keccak1600-avx2-rust	keccak1600-x86_64	fixed	asm	1024	latency	3	19192	30284003	151027643	753535847	23563926533	23563926533
keccak1600-avx2-rust	keccak1600-x86_64	runtime	shared	1024	throughput	4	18895	29862014	150212832	420451894	23593792436	23593792436
keccak1600-avx2-rust	keccak1600-x86_64	runtime	shared	1024	latency	4	18970	30200703	151470383	422158729	23623996800	23623996800
keccak1600-avx2-rust	keccak1600-x86_64	fixed	shared	1024	throughput	4	18493	29170825	146891022	411155223	23653164004	23653164004
keccak1600-avx2-rust	keccak1600-x86_64	fixed	shared	1024	latency	4	19013	30098704	151615122	422754411	23683265918	23683265918
keccak1600-avx2-rust	keccak1600-x86_64	runtime	stack	1024	throughput	4	19134	30090703	151597709	414653268	23713359912	23713359912
keccak1600-avx2-rust	keccak1600-x86_64	runtime	stack	1024	latency	4	19038	30078493	151555307	412610930	23743441505	23743441505
keccak1600-avx2-rust	keccak1600-x86_64	fixed	stack	1024	throughput	4	18593	29198866	147060267	384001583	23772643599	23772643599
keccak1600-avx2-rust	keccak1600-x86_64	fixed	stack	1024	latency	4	19081	30077963	151514098	394118411	23802725512	23802725512
keccak1600-avx2-rust	keccak1600-x86_64	runtime	asm	1024	throughput	4	19374	30569732	152426862	761301684	23833299525	23833299525
keccak1600-avx2-rust	keccak1600-x86_64	runtime	asm	1024	latency	4	19190	30339022	151197599	754109781	23863642098	23863642098
keccak1600-avx2-rust	keccak1600-x86_64	fixed	asm	1024	throughput	4	19198	30223483	150451536	753733029	23893869441	23893869441
keccak1600-avx2-rust	keccak1600-x86_64	fixed	asm	1024	latency	4	19117	30272453	150670225	750591118	23924147444	23924147444
keccak1600-avx2-rust	keccak1600-x86_64	runtime	tail	1024	throughput	4	18792	29659674	149215151	418291480	23953811958	23953811958
keccak1600-avx2-rust	keccak1600-x86_64	runtime	tail	1024	latency	4	18991	30102113	151631656	422759007	23983917331	23983917331
keccak1600-avx2-rust	keccak1600-x86_64	fixed	tail	1024	throughput	4	19057	30062594	151446221	424018601	24013983214	24013983214
keccak1600-avx2-rust	keccak1600-x86_64	fixed	tail	1024	latency	4	18987	30078173	151525686	422499079	24044064537	24044064537
keccak1600-avx2-rust	keccak1600-x86_64	control	empty	1024	throughput	0	2000000	2780232	14004064	30000321	24046847895	24046847895
keccak1600-avx2-rust	keccak1600-x86_64	control	empty	1024	latency	0	2000000	2421873	12114449	34000322	24049272723	24049272723
keccak1600-avx2-rust	keccak1600-x86_64	runtime	shared	4096	throughput	0	4896	29920513	150693673	421012290	24079197076	24079197076
keccak1600-avx2-rust	keccak1600-x86_64	runtime	shared	4096	latency	0	4881	29871544	150290968	419732186	24109072959	24109072959
keccak1600-avx2-rust	keccak1600-x86_64	fixed	shared	4096	throughput	0	4917	30067463	151281295	422724678	24139144642	24139144642
keccak1600-avx2-rust	keccak1600-x86_64	fixed	shared	4096	latency	0	4921	30099803	151547002	423078414	24169243245	24169243245
keccak1600-avx2-rust	keccak1600-x86_64	runtime	stack	4096	throughput	0	4938	30113663	151569566	416283626	24199360978	24199360978
keccak1600-avx2-rust	keccak1600-x86_64	runtime	stack	4096	latency	0	4885	29803124	150129979	411825389	24229168062	24229168062
keccak1600-avx2-rust	keccak1600-x86_64	fixed	stack	4096	throughput	0	4946	30087922	151529528	395329185	24259259586	24259259586
keccak1600-avx2-rust	keccak1600-x86_64	fixed	stack	4096	latency	0	4900	29829104	150248463	391662251	24289092200	24289092200
keccak1600-avx2-rust	keccak1600-x86_64	runtime	asm	4096	throughput	0	5010	30649881	152650261	759661646	24319745633	24319745633
keccak1600-avx2-rust	keccak1600-x86_64	runtime	asm	4096	latency	0	4954	30332332	150709344	751180319	24350081666	24350081666
keccak1600-avx2-rust	keccak1600-x86_64	fixed	asm	4096	throughput	0	4939	30030304	149570938	748703366	24380115219	24380115219
keccak1600-avx2-rust	keccak1600-x86_64	fixed	asm	4096	latency	0	4949	30245173	150400196	750229157	24410363782	24410363782
keccak1600-avx2-rust	keccak1600-x86_64	runtime	tail	4096	throughput	0	4859	29721174	149570652	417864638	24440089255	24440089255
keccak1600-avx2-rust	keccak1600-x86_64	runtime	tail	4096	latency	0	4917	30114233	151516512	422862349	24470207668	24470207668
keccak1600-avx2-rust	keccak1600-x86_64	fixed	tail	4096	throughput	0	4925	30129023	151502671	423496176	24500340421	24500340421
keccak1600-avx2-rust	keccak1600-x86_64	fixed	tail	4096	latency	0	4875	29865983	150289955	419206471	24530210505	24530210505
keccak1600-avx2-rust	keccak1600-x86_64	runtime	stack	4096	throughput	1	4937	30096483	151528585	416199323	24560304139	24560304139
keccak1600-avx2-rust	keccak1600-x86_64	runtime	stack	4096	latency	1	4890	29883813	150278154	412246912	24590191313	24590191313
keccak1600-avx2-rust	keccak1600-x86_64	fixed	stack	4096	throughput	1	4946	30120203	151515141	395329184	24620314966	24620314966
keccak1600-avx2-rust	keccak1600-x86_64	fixed	stack	4096	latency	1	4893	29784524	150030852	391102731	24650102879	24650102879
keccak1600-avx2-rust	keccak1600-x86_64	runtime	asm	4096	throughput	1	4940	30465792	151502036	749047612	24680572182	24680572182
keccak1600-avx2-rust	keccak1600-x86_64	runtime	asm	4096	latency	1	4907	30374302	151088710	744053673	24710949715	24710949715
keccak1600-avx2-rust	keccak1600-x86_64	fixed	asm	4096	throughput	1	4932	30241962	150351918	747642227	24741195038	24741195038
keccak1600-avx2-rust	keccak1600-x86_64	fixed	asm	4096	latency	1	4970	30297502	150634020	753412593	24771495911	24771495911
keccak1600-avx2-rust	keccak1600-x86_64	runtime	tail	4096	throughput	1	4872	29823074	150010176	418982605	24801322505	24801322505
keccak1600-avx2-rust	keccak1600-x86_64	runtime	tail	4096	latency	1	4881	29883103	150405428	419766352	24831208939	24831208939
keccak1600-avx2-rust	keccak1600-x86_64	fixed	tail	4096	throughput	1	4920	30063133	151420613	423066223	24861275802	24861275802
keccak1600-avx2-rust	keccak1600-x86_64	fixed	tail	4096	latency	1	4915	30076023	151433764	422646121	24891358085	24891358085
keccak1600-avx2-rust	keccak1600-x86_64	runtime	shared	4096	throughput	1	4924	30114763	151612937	423420033	24921476208	24921476208
keccak1600-avx2-rust	keccak1600-x86_64	runtime	shared	4096	latency	1	4872	29795743	150004394	418958248	24951275431	24951275431
keccak1600-avx2-rust	keccak1600-x86_64	fixed	shared	4096	throughput	1	4921	30100263	151431059	423068566	24981370614	24981370614
keccak1600-avx2-rust	keccak1600-x86_64	fixed	shared	4096	latency	1	4828	29537865	148686534	415082819	25010911628	25010911628
keccak1600-avx2-rust	keccak1600-x86_64	runtime	asm	4096	throughput	2	4772	29968934	148908959	723573937	25040883921	25040883921
keccak1600-avx2-rust	keccak1600-x86_64	runtime	asm	4096	latency	2	4953	30290533	150563368	751028693	25071177824	25071177824
keccak1600-avx2-rust	keccak1600-x86_64	fixed	asm	4096	throughput	2	4974	30362652	151005008	754009011	25101544237	25101544237
keccak1600-avx2-rust	keccak1600-x86_64	fixed	asm	4096	latency	2	4527	27709169	137522235	686257328	25129257752	25129257752
keccak1600-avx2-rust	keccak1600-x86_64	runtime	tail	4096	throughput	2	4850	29697704	149304437	417090655	25158959435	25158959435
keccak1600-avx2-rust	keccak1600-x86_64	runtime	tail	4096	latency	2	4918	30105084	151574203	422948356	25189063608	25189063608
keccak1600-avx2-rust	keccak1600-x86_64	fixed	tail	4096	throughput	2	4887	29856904	150397354	420228599	25218923791	25218923791
keccak1600-avx2-rust	keccak1600-x86_64	fixed	tail	4096	latency	2	4916	30125933	151531573	422732108	25249047954	25249047954
keccak1600-avx2-rust	keccak1600-x86_64	runtime	shared	4096	throughput	2	4881	29831673	150282435	419722420	25278883058	25278883058
keccak1600-avx2-rust	keccak1600-x86_64	runtime	shared	4096	latency	2	4918	30093773	151474160	422913929	25308980092	25308980092
keccak1600-avx2-rust	keccak1600-x86_64	fixed	shared	4096	throughput	2	4880	29849284	150151465	419543713	25338832756	25338832756
keccak1600-avx2-rust	keccak1600-x86_64	fixed	shared	4096	latency	2	4921	30083322	151553235	423078410	25368919289	25368919289
keccak1600-avx2-rust	keccak1600-x86_64	runtime	stack	4096	throughput	2	4901	29918254	150413793	413164450	25398840872	25398840872
keccak1600-avx2-rust	keccak1600-x86_64	runtime	stack	4096	latency	2	4932	30165663	151574950	415787681	25429010135	25429010135
keccak1600-avx2-rust	keccak1600-x86_64	fixed	stack	4096	throughput	2	4913	29863104	150508575	392691525	25458876618	25458876618
keccak1600-avx2-rust	keccak1600-x86_64	fixed	stack	4096	latency	2	4939	30071303	151456571	394779559	25488951051	25488951051
keccak1600-avx2-rust	keccak1600-x86_64	runtime	tail	4096	throughput	3	4884	29837304	150361837	420014581	25518791645	25518791645
keccak1600-avx2-rust	keccak1600-x86_64	runtime	tail	4096	latency	3	4934	30186182	152049022	424324355	25548981409	25548981409
keccak1600-avx2-rust	keccak1600-x86_64	fixed	tail	4096	throughput	3	4885	29846003	150312850	420056610	25578830643	25578830643
keccak1600-avx2-rust	keccak1600-x86_64	fixed	tail	4096	latency	3	4915	30058303	151428789	422646123	25608892236	25608892236
keccak1600-avx2-rust	keccak1600-x86_64	runtime	shared	4096	throughput	3	4879	29827913	150251742	419550441	25638723459	25638723459
keccak1600-avx2-rust	keccak1600-x86_64	runtime	shared	4096	latency	3	4878	29867914	150238859	419474203	25668594752	25668594752
keccak1600-avx2-rust	keccak1600-x86_64	fixed	shared	4096	throughput	3	4927	30163543	151589242	423584402	25698754805	25698754805
keccak1600-avx2-rust	keccak1600-x86_64	fixed	shared	4096	latency	3	4897	29959873	150851020	421015028	25728718158	25728718158
keccak1600-avx2-rust	keccak1600-x86_64	runtime	stack	4096	throughput	3	4938	30086833	151555199	416283634	25758808231	25758808231
keccak1600-avx2-rust	keccak1600-x86_64	runtime	stack	4096	latency	3	4928	30068863	151442267	415450463	25788880555	25788880555
keccak1600-avx2-rust	keccak1600-x86_64	fixed	stack	4096	throughput	3	4908	29847834	150348557	392291879	25818731759	25818731759
keccak1600-avx2-rust	keccak1600-x86_64	fixed	stack	4096	latency	3	4892	29770544	150018551	391022801	25848505673	25848505673
keccak1600-avx2-rust	keccak1600-x86_64	runtime	asm	4096	throughput	3	5026	30531132	152301805	762087710	25879040726	25879040726
keccak1600-avx2-rust	keccak1600-x86_64	runtime	asm	4096	latency	3	4979	30628401	152707628	754971098	25909673019	25909673019
keccak1600-avx2-rust	keccak1600-x86_64	fixed	asm	4096	throughput	3	4793	30015133	149420154	726571225	25939692052	25939692052
keccak1600-avx2-rust	keccak1600-x86_64	fixed	asm	4096	latency	3	4873	29835314	148624823	738708168	25969531165	25969531165
keccak1600-avx2-rust	keccak1600-x86_64	runtime	shared	4096	throughput	4	4875	29863863	150080885	419206472	25999398838	25999398838
keccak1600-avx2-rust	keccak1600-x86_64	runtime	shared	4096	latency	4	4812	29444125	148176839	413798660	26028847582	26028847582
keccak1600-avx2-rust	keccak1600-x86_64	fixed	shared	4096	throughput	4	4928	30098473	151612811	423670370	26058949666	26058949666
keccak1600-avx2-rust	keccak1600-x86_64	fixed	shared	4096	latency	4	4922	30096053	151599005	423164379	26089049079	26089049079
keccak1600-avx2-rust	keccak1600-x86_64	runtime	stack	4096	throughput	4	4894	29831854	150220653	412574341	26118879372	26118879372
keccak1600-avx2-rust	keccak1600-x86_64	runtime	stack	4096	latency	4	4932	30095773	151551674	415787679	26148978465	26148978465
keccak1600-avx2-rust	keccak1600-x86_64	fixed	stack	4096	throughput	4	4914	29917464	150551474	392771449	26178899478	26178899478
keccak1600-avx2-rust	keccak1600-x86_64	fixed	stack	4096	latency	4	4917	29943964	150793123	393021080	26208846871	26208846871
keccak1600-avx2-rust	keccak1600-x86_64	runtime	asm	4096	throughput	4	4998	30874401	153750889	757842095	26239724623	26239724623
keccak1600-avx2-rust	keccak1600-x86_64	runtime	asm	4096	latency	4	4857	29607415	147390148	736472116	26269335476	26269335476
keccak1600-avx2-rust	keccak1600-x86_64	fixed	asm	4096	throughput	4	4957	30401102	151176194	751431980	26299739949	26299739949
keccak1600-avx2-rust	keccak1600-x86_64	fixed	asm	4096	latency	4	4852	29502125	147082719	735524738	26329245613	26329245613
keccak1600-avx2-rust	keccak1600-x86_64	runtime	tail	4096	throughput	4	4835	29578995	148812490	415800684	26358828106	26358828106
keccak1600-avx2-rust	keccak1600-x86_64	runtime	tail	4096	latency	4	4872	29839483	150121202	418992347	26388670929	26388670929
keccak1600-avx2-rust	keccak1600-x86_64	fixed	tail	4096	throughput	4	4928	30099603	151624652	423754143	26418773872	26418773872
keccak1600-avx2-rust	keccak1600-x86_64	fixed	tail	4096	latency	4	4871	29816404	150115457	418862513	26448593545	26448593545
keccak1600-avx2-rust	keccak1600-x86_64	control	empty	4096	throughput	0	2000000	2015014	10130044	30000318	26450611813	26450611813
keccak1600-avx2-rust	keccak1600-x86_64	control	empty	4096	latency	0	2000000	2791242	14002760	34000320	26453406081	26453406081
keccak1600-avx2-rust	keccak1600-x86_64	runtime	shared	16384	throughput	0	1245	29720154	149544313	417400296	26483129495	26483129495
keccak1600-avx2-rust	keccak1600-x86_64	runtime	shared	16384	latency	0	1259	30040203	151267137	422096463	26513173478	26513173478
keccak1600-avx2-rust	keccak1600-x86_64	fixed	shared	16384	throughput	0	1259	30035393	151207852	422070029	26543212691	26543212691
keccak1600-avx2-rust	keccak1600-x86_64	fixed	shared	16384	latency	0	1258	30065323	151130819	421737302	26573277544	26573277544
keccak1600-avx2-rust	keccak1600-x86_64	runtime	stack	16384	throughput	0	1262	30062853	151218528	415665293	26603343937	26603343937
keccak1600-avx2-rust	keccak1600-x86_64	runtime	stack	16384	latency	0	1261	30009453	151144938	415338445	26633357141	26633357141
keccak1600-avx2-rust	keccak1600-x86_64	fixed	stack	16384	throughput	0	1263	29974814	150993674	394116977	26663335724	26663335724
keccak1600-avx2-rust	keccak1600-x86_64	fixed	stack	16384	latency	0	1261	29950333	150858339	393495403	26693289828	26693289828
keccak1600-avx2-rust	keccak1600-x86_64	runtime	asm	16384	throughput	0	1281	30526322	151687072	757310902	26723819791	26723819791
keccak1600-avx2-rust	keccak1600-x86_64	runtime	asm	16384	latency	0	1155	27666860	137491527	682823642	26751490197	26751490197
keccak1600-avx2-rust	keccak1600-x86_64	fixed	asm	16384	throughput	0	1271	30212262	150339190	751353278	26781705770	26781705770
keccak1600-avx2-rust	keccak1600-x86_64	fixed	asm	16384	latency	0	1244	29687585	147458985	735394681	26811396874	26811396874
keccak1600-avx2-rust	keccak1600-x86_64	runtime	tail	16384	throughput	0	1236	29510605	148436505	414391603	26840911018	26840911018
keccak1600-avx2-rust	keccak1600-x86_64	runtime	tail	16384	latency	0	1258	30043114	151147726	421770013	26870957911	26870957911
keccak1600-avx2-rust	keccak1600-x86_64	fixed	tail	16384	throughput	0	1259	30050263	151207051	422091433	26901012104	26901012104
keccak1600-avx2-rust	keccak1600-x86_64	fixed	tail	16384	latency	0	1258	30044933	151145707	421758694	26931053698	26931053698
keccak1600-avx2-rust	keccak1600-x86_64	runtime	stack	16384	throughput	1	1259	29964304	150859766	414677183	26961021421	26961021421
keccak1600-avx2-rust	keccak1600-x86_64	runtime	stack	16384	latency	1	1259	29963844	150894881	414679696	26990988824	26990988824
keccak1600-avx2-rust	keccak1600-x86_64	fixed	stack	16384	throughput	1	1263	30005873	150980625	394116971	27020998737	27020998737
keccak1600-avx2-rust	keccak1600-x86_64	fixed	stack	16384	latency	1	1261	29954963	150872391	393495399	27050957150	27050957150
keccak1600-avx2-rust	keccak1600-x86_64	runtime	asm	16384	throughput	1	1271	30377582	150884430	751399023	27081338533	27081338533
keccak1600-avx2-rust	keccak1600-x86_64	runtime	asm	16384	latency	1	1259	30118872	149497852	744307298	27111455836	27111455836
keccak1600-avx2-rust	keccak1600-x86_64	fixed	asm	16384	throughput	1	1262	30609682	152314748	746032908	27142069369	27142069369
keccak1600-avx2-rust	keccak1600-x86_64	fixed	asm	16384	latency	1	1245	29713914	147431915	735985835	27171786933	27171786933
keccak1600-avx2-rust	keccak1600-x86_64	runtime	tail	16384	throughput	1	1239	29591065	148808190	415397407	27201381807	27201381807
keccak1600-avx2-rust	keccak1600-x86_64	runtime	tail	16384	latency	1	1256	29950793	150887906	421099473	27231336350	27231336350
keccak1600-avx2-rust	keccak1600-x86_64	fixed	tail	16384	throughput	1	1259	30023904	151229019	422091427	27261364113	27261364113
keccak1600-avx2-rust	keccak1600-x86_64	fixed	tail	16384	latency	1	1258	29998754	151129628	421758693	27291366517	27291366517
keccak1600-avx2-rust	keccak1600-x86_64	runtime	shared	16384	throughput	1	1259	30027434	151243564	422093949	27321398830	27321398830
keccak1600-avx2-rust	keccak1600-x86_64	runtime	shared	16384	latency	1	1258	30001733	151132694	421761202	27351404593	27351404593
keccak1600-avx2-rust	keccak1600-x86_64	fixed	shared	16384	throughput	1	1258	30002803	151108077	421734780	27381411466	27381411466
keccak1600-avx2-rust	keccak1600-x86_64	fixed	shared	16384	latency	1	1259	30020364	151243031	422072545	27411435159	27411435159
keccak1600-avx2-rust	keccak1600-x86_64	runtime	asm	16384	throughput	2	1285	30765762	153158037	759675649	27442204482	27442204482
keccak1600-avx2-rust	keccak1600-x86_64	runtime	asm	16384	latency	2	1177	28992526	144582088	695829806	27471200776	27471200776
keccak1600-avx2-rust	keccak1600-x86_64	fixed	asm	16384	throughput	2	1272	30320522	150836245	751944420	27501524989	27501524989
keccak1600-avx2-rust	keccak1600-x86_64	fixed	asm	16384	latency	2	1238	30003043	149313397	731847769	27531531842	27531531842
keccak1600-avx2-rust	keccak1600-x86_64	runtime	tail	16384	throughput	2	1243	29648305	149293427	416738479	27561183715	27561183715
keccak1600-avx2-rust	keccak1600-x86_64	runtime	tail	16384	latency	2	1258	30019823	151137465	421770017	27591200478	27591200478
keccak1600-avx2-rust	keccak1600-x86_64	fixed	tail	16384	throughput	2	1259	29943433	151222430	422091434	27621147912	27621147912
keccak1600-avx2-rust	keccak1600-x86_64	fixed	tail	16384	latency	2	1265	30258063	151974221	424105516	27651410125	27651410125
keccak1600-avx2-rust	keccak1600-x86_64	runtime	shared	16384	throughput	2	1252	29874324	150396181	419747127	27681288399	27681288399
keccak1600-avx2-rust	keccak1600-x86_64	runtime	shared	16384	latency	2	1258	30001654	151126261	421761202	27711293622	27711293622
keccak1600-avx2-rust	keccak1600-x86_64	fixed	shared	16384	throughput	2	1259	30047874	151214746	422070028	27741344875	27741344875
keccak1600-avx2-rust	keccak1600-x86_64	fixed	shared	16384	latency	2	1258	30004943	151122932	421737303	27771353448	27771353448
keccak1600-avx2-rust	keccak1600-x86_64	runtime	stack	16384	throughput	2	1260	29972923	150972671	415006548	27801329961	27801329961
keccak1600-avx2-rust	keccak1600-x86_64	runtime	stack	16384	latency	2	1257	29916623	150677140	414020959	27831250595	27831250595
keccak1600-avx2-rust	keccak1600-x86_64	fixed	stack	16384	throughput	2	1262	29950473	150879993	393804925	27861204438	27861204438
keccak1600-avx2-rust	keccak1600-x86_64	fixed	stack	16384	latency	2	1261	29957133	150882410	393495396	27891165021	27891165021
keccak1600-avx2-rust	keccak1600-x86_64	runtime	tail	16384	throughput	3	1259	30037353	151196412	422102770	27921206225	27921206225
keccak1600-avx2-rust	keccak1600-x86_64	runtime	tail	16384	latency	3	1257	29990634	151031051	421434743	27951202268	27951202268
keccak1600-avx2-rust	keccak1600-x86_64	fixed	tail	16384	throughput	3	1259	30036573	151213312	422091436	27981243011	27981243011
keccak1600-avx2-rust	keccak1600-x86_64	fixed	tail	16384	latency	3	1259	30042184	151253157	422093951	28011288924	28011288924
keccak1600-avx2-rust	keccak1600-x86_64	runtime	shared	16384	throughput	3	1258	29994804	151100588	421758689	28041287317	28041287317
keccak1600-avx2-rust	keccak1600-x86_64	runtime	shared	16384	latency	3	1258	30049863	151122992	421761209	28071334831	28071334831
keccak1600-avx2-rust	keccak1600-x86_64	fixed	shared	16384	throughput	3	1258	29994554	151077619	421734789	28101332984	28101332984
keccak1600-avx2-rust	keccak1600-x86_64	fixed	shared	16384	latency	3	1259	30054993	151257511	422072545	28131391807	28131391807
keccak1600-avx2-rust	keccak1600-x86_64	runtime	stack	16384	throughput	3	1259	29956074	150860562	414677181	28161352420	28161352420
keccak1600-avx2-rust	keccak1600-x86_64	runtime	stack	16384	latency	3	1259	29993024	150915546	414679698	28191350493	28191350493
keccak1600-avx2-rust	keccak1600-x86_64	fixed	stack	16384	throughput	3	1262	29957733	150872403	393804926	28221313117	28221313117
keccak1600-avx2-rust	keccak1600-x86_64	fixed	stack	16384	latency	3	1261	29953904	150871573	393495397	28251271630	28251271630
keccak1600-avx2-rust	keccak1600-x86_64	runtime	asm	16384	throughput	3	1285	31108970	154619884	759675649	28282385012	28282385012
keccak1600-avx2-rust	keccak1600-x86_64	runtime	asm	16384	latency	3	1265	30380332	151022353	747854437	28312769675	28312769675
keccak1600-avx2-rust	keccak1600-x86_64	fixed	asm	16384	throughput	3	1184	28528688	141941156	699923131	28341303369	28341303369
keccak1600-avx2-rust	keccak1600-x86_64	fixed	asm	16384	latency	3	1269	30348362	151005865	750173511	28371656292	28371656292
keccak1600-avx2-rust	keccak1600-x86_64	runtime	shared	16384	throughput	4	1240	29583374	148949825	415723990	28401244375	28401244375
keccak1600-avx2-rust	keccak1600-x86_64	runtime	shared	16384	latency	4	1258	30023183	151144334	421761205	28431272388	28431272388
keccak1600-avx2-rust	keccak1600-x86_64	fixed	shared	16384	throughput	4	1251	29877313	150245613	419388091	28461154312	28461154312
keccak1600-avx2-rust	keccak1600-x86_64	fixed	shared	16384	latency	4	1256	29957564	150893237	421066811	28491116095	28491116095
keccak1600-avx2-rust	keccak1600-x86_64	runtime	stack	16384	throughput	4	1259	29955334	150865240	414677177	28521075698	28521075698
keccak1600-avx2-rust	keccak1600-x86_64	runtime	stack	16384	latency	4	1259	29956824	150901039	414679694	28551037162	28551037162
keccak1600-avx2-rust	keccak1600-x86_64	fixed	stack	16384	throughput	4	1262	29956414	150877521	393804923	28580997975	28580997975
keccak1600-avx2-rust	keccak1600-x86_64	fixed	stack	16384	latency	4	1262	29975544	151000416	393807453	28610977408	28610977408
keccak1600-avx2-rust	keccak1600-x86_64	runtime	asm	16384	throughput	4	1287	30667012	152640392	760858017	28641648191	28641648191
keccak1600-avx2-rust	keccak1600-x86_64	runtime	asm	16384	latency	4	1271	30153894	150129939	751401573	28671805444	28671805444
keccak1600-avx2-rust	keccak1600-x86_64	fixed	asm	16384	throughput	4	1248	29669884	147728231	737756797	28701478897	28701478897
keccak1600-avx2-rust	keccak1600-x86_64	fixed	asm	16384	latency	4	1210	28820136	143283521	715295481	28730303291	28730303291
keccak1600-avx2-rust	keccak1600-x86_64	runtime	tail	16384	throughput	4	1246	29757534	149671844	417744283	28760066375	28760066375
keccak1600-avx2-rust	keccak1600-x86_64	runtime	tail	16384	latency	4	1256	29973774	150900451	421099477	28790045068	28790045068
keccak1600-avx2-rust	keccak1600-x86_64	fixed	tail	16384	throughput	4	1249	29914914	150018801	418738841	28819963821	28819963821
keccak1600-avx2-rust	keccak1600-x86_64	fixed	tail	16384	latency	4	1251	29911583	150299035	419411867	28849871375	28849871375
keccak1600-avx2-rust	keccak1600-x86_64	control	empty	16384	throughput	0	2000000	1993075	10018243	30000319	28851867623	28851867623
keccak1600-avx2-rust	keccak1600-x86_64	control	empty	16384	latency	0	2000000	2805481	14002919	34000320	28854676041	28854676041
keccak1600-avx2-rust	keccak1600-x86_64	runtime	shared	131072	throughput	0	157	29933924	150229433	419247337	28884613984	28884613984
keccak1600-avx2-rust	keccak1600-x86_64	runtime	shared	131072	latency	0	157	29826924	150234341	419247657	28914444888	28914444888
keccak1600-avx2-rust	keccak1600-x86_64	fixed	shared	131072	throughput	0	157	29824754	150218206	419244363	28944273272	28944273272
keccak1600-avx2-rust	keccak1600-x86_64	fixed	shared	131072	latency	0	158	30013833	151184199	421915015	28974291126	28974291126
keccak1600-avx2-rust	keccak1600-x86_64	runtime	stack	131072	throughput	0	158	29948553	150854709	414728071	29004243529	29004243529
keccak1600-avx2-rust	keccak1600-x86_64	runtime	stack	131072	latency	0	158	29945783	150855282	414728388	29034193182	29034193182
keccak1600-avx2-rust	keccak1600-x86_64	fixed	stack	131072	throughput	0	158	29878024	150436684	392813940	29064075195	29064075195
keccak1600-avx2-rust	keccak1600-x86_64	fixed	stack	131072	latency	0	158	29885264	150509691	392814259	29093964238	29093964238
keccak1600-avx2-rust	keccak1600-x86_64	runtime	asm	131072	throughput	0	151	29338205	146122825	710968601	29123306472	29123306472
keccak1600-avx2-rust	keccak1600-x86_64	runtime	asm	131072	latency	0	155	29417755	146451636	729802503	29152728396	29152728396
keccak1600-avx2-rust	keccak1600-x86_64	fixed	asm	131072	throughput	0	158	29929074	149153708	743922333	29182661539	29182661539
keccak1600-avx2-rust	keccak1600-x86_64	fixed	asm	131072	latency	0	158	29842494	148824933	743922659	29212508662	29212508662
keccak1600-avx2-rust	keccak1600-x86_64	runtime	tail	131072	throughput	0	157	29827394	150218334	419248443	29242340046	29242340046
keccak1600-avx2-rust	keccak1600-x86_64	runtime	tail	131072	latency	0	157	29852674	150228119	419248755	29272189420	29272189420
keccak1600-avx2-rust	keccak1600-x86_64	fixed	tail	131072	throughput	0	157	29826604	150223240	419247027	29302019574	29302019574
keccak1600-avx2-rust	keccak1600-x86_64	fixed	tail	131072	latency	0	157	29825634	150222081	419247335	29331849128	29331849128
keccak1600-avx2-rust	keccak1600-x86_64	runtime	stack	131072	throughput	1	158	29951804	150861490	414728071	29361804612	29361804612
keccak1600-avx2-rust	keccak1600-x86_64	runtime	stack	131072	latency	1	158	29946454	150858905	414728391	29391755005	29391755005
keccak1600-avx2-rust	keccak1600-x86_64	fixed	stack	131072	throughput	1	158	29864614	150437028	392813949	29421623318	29421623318
keccak1600-avx2-rust	keccak1600-x86_64	fixed	stack	131072	latency	1	158	29869254	150480208	392814266	29451496301	29451496301
keccak1600-avx2-rust	keccak1600-x86_64	runtime	asm	131072	throughput	1	158	30394352	151461413	743927392	29481894594	29481894594
keccak1600-avx2-rust	keccak1600-x86_64	runtime	asm	131072	latency	1	158	30030653	149505001	743927714	29511929188	29511929188
keccak1600-avx2-rust	keccak1600-x86_64	fixed	asm	131072	throughput	1	158	29943564	149139679	743922332	29541876792	29541876792
keccak1600-avx2-rust	keccak1600-x86_64	fixed	asm	131072	latency	1	157	29829484	148335235	739214282	29571710065	29571710065
keccak1600-avx2-rust	keccak1600-x86_64	runtime	tail	131072	throughput	1	157	29815844	150211867	419248443	29601529618	29601529618
keccak1600-avx2-rust	keccak1600-x86_64	runtime	tail	131072	latency	1	157	29828274	150214146	419248754	29631361601	29631361601
keccak1600-avx2-rust	keccak1600-x86_64	fixed	tail	131072	throughput	1	157	29835315	150224850	419247033	29661195444	29661195444
keccak1600-avx2-rust	keccak1600-x86_64	fixed	tail	131072	latency	1	157	29821545	150213715	419247344	29691020717	29691020717
keccak1600-avx2-rust	keccak1600-x86_64	runtime	shared	131072	throughput	1	157	29831564	150232942	419247341	29720856620	29720856620
keccak1600-avx2-rust	keccak1600-x86_64	runtime	shared	131072	latency	1	157	29871444	150236909	419247657	29750732543	29750732543
keccak1600-avx2-rust	keccak1600-x86_64	fixed	shared	131072	throughput	1	157	29848994	150221111	419244363	29780585437	29780585437
keccak1600-avx2-rust	keccak1600-x86_64	fixed	shared	131072	latency	1	157	29855274	150228085	419244677	29810444441	29810444441
keccak1600-avx2-rust	keccak1600-x86_64	runtime	asm	131072	throughput	2	157	29957253	148740088	739218990	29840405895	29840405895
keccak1600-avx2-rust	keccak1600-x86_64	runtime	asm	131072	latency	2	157	29954324	148946223	739219307	29870364518	29870364518
keccak1600-avx2-rust	keccak1600-x86_64	fixed	asm	131072	throughput	2	158	30121763	149383097	743922334	29900486731	29900486731
keccak1600-avx2-rust	keccak1600-x86_64	fixed	asm	131072	latency	2	158	29924923	148933818	743922649	29930415444	29930415444
keccak1600-avx2-rust	keccak1600-x86_64	runtime	tail	131072	throughput	2	157	29824304	150213045	419248450	29960243408	29960243408
keccak1600-avx2-rust	keccak1600-x86_64	runtime	tail	131072	latency	2	157	29825334	150225154	419248756	29990072392	29990072392
keccak1600-avx2-rust	keccak1600-x86_64	fixed	tail	131072	throughput	2	157	29853264	150230310	419247026	30019929486	30019929486
keccak1600-avx2-rust	keccak1600-x86_64	fixed	tail	131072	latency	2	157	29831484	150225820	419247346	30049764760	30049764760
keccak1600-avx2-rust	keccak1600-x86_64	runtime	shared	131072	throughput	2	157	29851014	150224092	419247343	30079619634	30079619634
keccak1600-avx2-rust	keccak1600-x86_64	runtime	shared	131072	latency	2	157	29826794	150231043	419247656	30109450137	30109450137
keccak1600-avx2-rust	keccak1600-x86_64	fixed	shared	131072	throughput	2	157	29824394	150221296	419244364	30139278450	30139278450
keccak1600-avx2-rust	keccak1600-x86_64	fixed	shared	131072	latency	2	157	29835474	150219947	419244667	30169110513	30169110513
keccak1600-avx2-rust	keccak1600-x86_64	runtime	stack	131072	throughput	2	158	29958224	150876506	414728072	30199073976	30199073976
keccak1600-avx2-rust	keccak1600-x86_64	runtime	stack	131072	latency	2	158	29948943	150858025	414728387	30229027799	30229027799
keccak1600-avx2-rust	keccak1600-x86_64	fixed	stack	131072	throughput	2	158	29866184	150453819	392813947	30258898362	30258898362
keccak1600-avx2-rust	keccak1600-x86_64	fixed	stack	131072	latency	2	158	29903083	150486194	392814268	30288799225	30288799225
keccak1600-avx2-rust	keccak1600-x86_64	runtime	tail	131072	throughput	3	157	29814704	150208889	419248445	30318617569	30318617569
keccak1600-avx2-rust	keccak1600-x86_64	runtime	tail	131072	latency	3	157	29818124	150212896	419248759	30348439203	30348439203
keccak1600-avx2-rust	keccak1600-x86_64	fixed	tail	131072	throughput	3	157	29824584	150217758	419247029	30378267227	30378267227
keccak1600-avx2-rust	keccak1600-x86_64	fixed	tail	131072	latency	3	158	29908214	151178139	421917712	30408179451	30408179451
keccak1600-avx2-rust	keccak1600-x86_64	runtime	shared	131072	throughput	3	159	29977904	152119336	424588068	30438160845	30438160845
keccak1600-avx2-rust	keccak1600-x86_64	runtime	shared	131072	latency	3	159	29787394	152163231	424588385	30467951899	30467951899
keccak1600-avx2-rust	keccak1600-x86_64	fixed	shared	131072	throughput	3	160	29953654	153096263	427255386	30497909963	30497909963
keccak1600-avx2-rust	keccak1600-x86_64	fixed	shared	131072	latency	3	160	29967654	153089873	427255712	30527881567	30527881567
keccak1600-avx2-rust	keccak1600-x86_64	runtime	stack	131072	throughput	3	160	29889594	152760615	419977789	30557775181	30557775181
keccak1600-avx2-rust	keccak1600-x86_64	runtime	stack	131072	latency	3	160	29910334	152768990	419978110	30587682514	30587682514
keccak1600-avx2-rust	keccak1600-x86_64	fixed	stack	131072	throughput	3	161	29995974	153368616	400272429	30617683097	30617683097
keccak1600-avx2-rust	keccak1600-x86_64	fixed	stack	131072	latency	3	160	29893054	152396178	397786587	30647582720	30647582720
keccak1600-avx2-rust	keccak1600-x86_64	runtime	asm	131072	throughput	3	155	29459005	146181087	729802194	30677047154	30677047154
keccak1600-avx2-rust	keccak1600-x86_64	runtime	asm	131072	latency	3	155	30135683	150153923	729802504	30707186837	30707186837
keccak1600-avx2-rust	keccak1600-x86_64	fixed	asm	131072	throughput	3	159	30082484	149827826	748630707	30737272940	30737272940
keccak1600-avx2-rust	keccak1600-x86_64	fixed	asm	131072	latency	3	152	29108426	144924138	715672442	30766380024	30766380024
keccak1600-avx2-rust	keccak1600-x86_64	runtime	shared	131072	throughput	4	158	29841524	151209882	421917700	30796228707	30796228707
keccak1600-avx2-rust	keccak1600-x86_64	runtime	shared	131072	latency	4	159	29832914	152155943	424588383	30826067120	30826067120
keccak1600-avx2-rust	keccak1600-x86_64	fixed	shared	131072	throughput	4	160	30026363	153111751	427255389	30856097923	30856097923
keccak1600-avx2-rust	keccak1600-x86_64	fixed	shared	131072	latency	4	159	29885644	152143127	424585360	30885987626	30885987626
keccak1600-avx2-rust	keccak1600-x86_64	runtime	stack	131072	throughput	4	160	29916794	152759749	419977791	30915908469	30915908469
keccak1600-avx2-rust	keccak1600-x86_64	runtime	stack	131072	latency	4	160	29908304	152786376	419978110	30945820802	30945820802
keccak1600-avx2-rust	keccak1600-x86_64	fixed	stack	131072	throughput	4	160	30121083	152351868	397786273	30975624985	30975624985
keccak1600-avx2-rust	keccak1600-x86_64	fixed	stack	131072	latency	4	160	29833314	152383687	397786587	31005461958	31005461958
keccak1600-avx2-rust	keccak1600-x86_64	runtime	asm	131072	throughput	4	153	29441455	146706520	720385389	31034907492	31034907492
keccak1600-avx2-rust	keccak1600-x86_64	runtime	asm	131072	latency	4	158	30130623	150133305	743927706	31065041955	31065041955
keccak1600-avx2-rust	keccak1600-x86_64	fixed	asm	131072	throughput	4	158	30330923	150934080	743922336	31095366578	31095366578
keccak1600-avx2-rust	keccak1600-x86_64	fixed	asm	131072	latency	4	156	29672724	147875168	734505913	31125042982	31125042982
keccak1600-avx2-rust	keccak1600-x86_64	runtime	tail	131072	throughput	4	158	29772474	151164162	421918813	31154819236	31154819236
keccak1600-avx2-rust	keccak1600-x86_64	runtime	tail	131072	latency	4	160	29962054	153091992	427259868	31184785730	31184785730
keccak1600-avx2-rust	keccak1600-x86_64	fixed	tail	131072	throughput	4	160	29976184	153099448	427258106	31214765984	31214765984
keccak1600-avx2-rust	keccak1600-x86_64	fixed	tail	131072	latency	4	160	29975683	153093297	427258435	31244745358	31244745358
keccak1600-avx2-rust	keccak1600-x86_64	control	empty	131072	throughput	0	2000000	2382543	12090041	30000319	31247131256	31247131256
keccak1600-avx2-rust	keccak1600-x86_64	control	empty	131072	latency	0	2000000	2801372	14034771	34000319	31249935963	31249935963
