backend	asm_backend	shape	implementation	bytes	mode	repeat	iterations	ns	cycles	instructions	enabled	running
keccak1600-avx2-rust	keccak1600-x86_64	runtime	shared	0	throughput	0	152139	29709844	149782569	434509330	29714664	29714664
keccak1600-avx2-rust	keccak1600-x86_64	runtime	shared	0	latency	0	146788	30117044	152182190	419373664	59835677	59835677
keccak1600-avx2-rust	keccak1600-x86_64	fixed	shared	0	throughput	0	157894	30070824	151467747	397419540	89910420	89910420
keccak1600-avx2-rust	keccak1600-x86_64	fixed	shared	0	latency	0	151898	29952244	150557529	382479508	119866354	119866354
keccak1600-avx2-rust	keccak1600-x86_64	runtime	stack	0	throughput	0	144687	30056514	151348658	377488731	149929067	149929067
keccak1600-avx2-rust	keccak1600-x86_64	runtime	stack	0	latency	0	142011	30042334	151364504	370649059	179977840	179977840
keccak1600-avx2-rust	keccak1600-x86_64	fixed	stack	0	throughput	0	154216	30020624	151033611	388162015	210005004	210005004
keccak1600-avx2-rust	keccak1600-x86_64	fixed	stack	0	latency	0	149649	30092024	151414692	376816527	240104147	240104147
keccak1600-avx2-rust	keccak1600-x86_64	runtime	asm	0	throughput	0	136557	29614154	147180552	692071223	269720920	269720920
keccak1600-avx2-rust	keccak1600-x86_64	runtime	asm	0	latency	0	138129	30689183	152797120	700176250	300414043	300414043
keccak1600-avx2-rust	keccak1600-x86_64	fixed	asm	0	throughput	0	145344	30460323	151114819	730208602	330878186	330878186
keccak1600-avx2-rust	keccak1600-x86_64	fixed	asm	0	latency	0	141488	30555643	152040079	710977551	361437689	361437689
keccak1600-avx2-rust	keccak1600-x86_64	runtime	stack	0	throughput	1	143497	29835214	150248159	374384025	391277252	391277252
keccak1600-avx2-rust	keccak1600-x86_64	runtime	stack	0	latency	1	141280	29956684	150786370	368741146	421238835	421238835
keccak1600-avx2-rust	keccak1600-x86_64	fixed	stack	0	throughput	1	153969	29888285	150761348	387540317	451133499	451133499
keccak1600-avx2-rust	keccak1600-x86_64	fixed	stack	0	latency	1	149416	30044154	151170592	376229835	481181712	481181712
keccak1600-avx2-rust	keccak1600-x86_64	runtime	asm	0	throughput	1	140453	30459354	151565489	711816151	511644575	511644575
keccak1600-avx2-rust	keccak1600-x86_64	runtime	asm	0	latency	1	138628	30597882	152262460	702705682	542246018	542246018
keccak1600-avx2-rust	keccak1600-x86_64	fixed	asm	0	throughput	1	146118	30348404	151016445	734097188	572597731	572597731
keccak1600-avx2-rust	keccak1600-x86_64	fixed	asm	0	latency	1	141186	30424403	150987381	709460002	603025534	603025534
keccak1600-avx2-rust	keccak1600-x86_64	runtime	shared	0	throughput	1	152260	29835885	149887167	434854915	632866097	632866097
keccak1600-avx2-rust	keccak1600-x86_64	runtime	shared	0	latency	1	146007	30053474	151352106	417142350	662924020	662924020
keccak1600-avx2-rust	keccak1600-x86_64	fixed	shared	0	throughput	1	158677	30132424	152214863	399390357	693059794	693059794
keccak1600-avx2-rust	keccak1600-x86_64	fixed	shared	0	latency	1	151910	30023755	150692335	382509727	723087847	723087847
keccak1600-avx2-rust	keccak1600-x86_64	runtime	asm	0	throughput	2	140566	30671253	152120213	712388833	753766800	753766800
keccak1600-avx2-rust	keccak1600-x86_64	runtime	asm	0	latency	2	136073	30252834	150245102	689754390	784015924	784015924
keccak1600-avx2-rust	keccak1600-x86_64	fixed	asm	0	throughput	2	145465	30447224	151018879	730816509	814466936	814466936
keccak1600-avx2-rust	keccak1600-x86_64	fixed	asm	0	latency	2	139534	29934584	149090015	701158701	844405340	844405340
keccak1600-avx2-rust	keccak1600-x86_64	runtime	shared	0	throughput	2	147931	28977127	145652875	422491282	873387794	873387794
keccak1600-avx2-rust	keccak1600-x86_64	runtime	shared	0	latency	2	146007	29927894	151375048	417142347	903320607	903320607
keccak1600-avx2-rust	keccak1600-x86_64	fixed	shared	0	throughput	2	159203	30172364	152724281	400714300	933496990	933496990
keccak1600-avx2-rust	keccak1600-x86_64	fixed	shared	0	latency	2	152744	29994484	151323601	384609742	963495434	963495434
keccak1600-avx2-rust	keccak1600-x86_64	runtime	stack	0	throughput	2	144360	30125184	150917770	376635597	993624277	993624277
keccak1600-avx2-rust	keccak1600-x86_64	runtime	stack	0	latency	2	125572	26662512	133821150	327743266	1020290273	1020290273
keccak1600-avx2-rust	keccak1600-x86_64	fixed	stack	0	throughput	2	154093	30076504	150904284	387852431	1050370596	1050370596
keccak1600-avx2-rust	keccak1600-x86_64	fixed	stack	0	latency	2	149532	30080444	151278422	376521930	1080455060	1080455060
keccak1600-avx2-rust	keccak1600-x86_64	runtime	shared	0	throughput	3	153722	30080884	151347662	439030387	1110541493	1110541493
keccak1600-avx2-rust	keccak1600-x86_64	runtime	shared	0	latency	3	146007	30103654	151451984	417142350	1140651956	1140651956
keccak1600-avx2-rust	keccak1600-x86_64	fixed	shared	0	throughput	3	157894	30145944	151618136	397419541	1170804239	1170804239
keccak1600-avx2-rust	keccak1600-x86_64	fixed	shared	0	latency	3	151181	29826854	149864794	380674106	1200636063	1200636063
keccak1600-avx2-rust	keccak1600-x86_64	runtime	stack	0	throughput	3	144687	30071654	151321403	377488726	1230711536	1230711536
keccak1600-avx2-rust	keccak1600-x86_64	runtime	stack	0	latency	3	141384	29930484	150616514	369012592	1260645959	1260645959
keccak1600-avx2-rust	keccak1600-x86_64	fixed	stack	0	throughput	3	153969	29965784	150741876	387540321	1290610163	1290610163
keccak1600-avx2-rust	keccak1600-x86_64	fixed	stack	0	latency	3	149532	29977604	151268514	376521930	1320591566	1320591566
keccak1600-avx2-rust	keccak1600-x86_64	runtime	asm	0	throughput	3	138228	30324654	151105923	700539855	1350920209	1350920209
keccak1600-avx2-rust	keccak1600-x86_64	runtime	asm	0	latency	3	137940	30539273	152047132	699218213	1381463912	1381463912
keccak1600-avx2-rust	keccak1600-x86_64	fixed	asm	0	throughput	3	146341	30422244	151302359	735217537	1411890425	1411890425
keccak1600-avx2-rust	keccak1600-x86_64	fixed	asm	0	latency	3	140556	30039344	149490411	706294255	1441933218	1441933218
keccak1600-avx2-rust	keccak1600-x86_64	runtime	stack	0	throughput	4	143070	29765795	149613096	373269985	1471702541	1471702541
keccak1600-avx2-rust	keccak1600-x86_64	runtime	stack	0	latency	4	141280	29877034	150553186	368741151	1501582905	1501582905
keccak1600-avx2-rust	keccak1600-x86_64	fixed	stack	0	throughput	4	154963	30137064	151699293	390042223	1531723388	1531723388
keccak1600-avx2-rust	keccak1600-x86_64	fixed	stack	0	latency	4	149649	30031734	151383749	376816531	1561758441	1561758441
keccak1600-avx2-rust	keccak1600-x86_64	runtime	asm	0	throughput	4	137535	29996684	149447659	697027735	1591759195	1591759195
keccak1600-avx2-rust	keccak1600-x86_64	runtime	asm	0	latency	4	137044	30160624	150314293	694676385	1621923958	1621923958
keccak1600-avx2-rust	keccak1600-x86_64	fixed	asm	0	throughput	4	145344	30340894	150784036	730208612	1652268601	1652268601
keccak1600-avx2-rust	keccak1600-x86_64	fixed	asm	0	latency	4	142116	30354963	151192986	714133248	1682627784	1682627784
keccak1600-avx2-rust	keccak1600-x86_64	runtime	shared	0	throughput	4	152380	29843984	150008086	435197631	1712475977	1712475977
keccak1600-avx2-rust	keccak1600-x86_64	runtime	shared	0	latency	4	146007	30067464	151382371	417142348	1742548330	1742548330
keccak1600-avx2-rust	keccak1600-x86_64	fixed	shared	0	throughput	4	158808	30226114	152336036	399720086	1772778733	1772778733
keccak1600-avx2-rust	keccak1600-x86_64	fixed	shared	0	latency	4	152623	29789984	150940777	384305068	1802572137	1802572137
keccak1600-avx2-rust	keccak1600-x86_64	control	empty	0	throughput	0	2000000	1992396	10123616	30000318	1804567585	1804567585
keccak1600-avx2-rust	keccak1600-x86_64	control	empty	0	latency	0	2000000	12622182	64110423	32000341	1817193224	1817193224
keccak1600-avx2-rust	keccak1600-x86_64	runtime	shared	20	throughput	0	156097	30472103	153561569	449091435	1847668347	1847668347
keccak1600-avx2-rust	keccak1600-x86_64	runtime	shared	20	latency	0	148033	29959374	151361591	426483446	1877631050	1877631050
keccak1600-avx2-rust	keccak1600-x86_64	fixed	shared	20	throughput	0	159336	30221344	153070374	402323770	1907855503	1907855503
keccak1600-avx2-rust	keccak1600-x86_64	fixed	shared	20	latency	0	153232	29973164	151238505	387524096	1937831747	1937831747
keccak1600-avx2-rust	keccak1600-x86_64	runtime	stack	20	throughput	0	145896	30157513	152224958	380351245	1967992431	1967992431
keccak1600-avx2-rust	keccak1600-x86_64	runtime	stack	20	latency	0	140762	29602355	148659507	367529947	1997600044	1997600044
keccak1600-avx2-rust	keccak1600-x86_64	fixed	stack	20	throughput	0	151778	29607865	149137483	383239810	2027214868	2027214868
keccak1600-avx2-rust	keccak1600-x86_64	fixed	stack	20	latency	0	150117	30150614	151790843	379646259	2057370381	2057370381
keccak1600-avx2-rust	keccak1600-x86_64	runtime	asm	20	throughput	0	145564	31209421	154852022	737427588	2088583223	2088583223
keccak1600-avx2-rust	keccak1600-x86_64	runtime	asm	20	latency	0	140762	30426823	150985258	713663702	2119013736	2119013736
keccak1600-avx2-rust	keccak1600-x86_64	fixed	asm	20	throughput	0	145564	30366203	150651977	731896152	2149383459	2149383459
keccak1600-avx2-rust	keccak1600-x86_64	fixed	asm	20	latency	0	142857	30103694	149276057	718856787	2179490642	2179490642
keccak1600-avx2-rust	keccak1600-x86_64	runtime	stack	20	throughput	1	143820	29908804	150107123	374939095	2209403626	2209403626
keccak1600-avx2-rust	keccak1600-x86_64	runtime	stack	20	latency	1	142538	30036684	150547959	372167084	2239445529	2239445529
keccak1600-avx2-rust	keccak1600-x86_64	fixed	stack	20	throughput	1	154838	30215404	152079935	390966312	2269666132	2269666132
keccak1600-avx2-rust	keccak1600-x86_64	fixed	stack	20	latency	1	150000	30137493	151638992	379350367	2299807745	2299807745
keccak1600-avx2-rust	keccak1600-x86_64	runtime	asm	20	throughput	1	145344	31503681	156392131	736313067	2331308657	2331308657
keccak1600-avx2-rust	keccak1600-x86_64	runtime	asm	20	latency	1	141384	31165662	154632921	716817250	2362479170	2362479170
keccak1600-avx2-rust	keccak1600-x86_64	fixed	asm	20	throughput	1	145454	30382893	150783720	731343082	2392866423	2392866423
keccak1600-avx2-rust	keccak1600-x86_64	fixed	asm	20	latency	1	142644	30058854	149037204	717784977	2422929087	2422929087
keccak1600-avx2-rust	keccak1600-x86_64	runtime	shared	20	throughput	1	151193	29642655	148928846	434982628	2452575850	2452575850
keccak1600-avx2-rust	keccak1600-x86_64	runtime	shared	20	latency	1	147806	30066724	151115668	425829450	2482646464	2482646464
keccak1600-avx2-rust	keccak1600-x86_64	fixed	shared	20	throughput	1	157894	30190954	151683648	398682715	2512841177	2512841177
keccak1600-avx2-rust	keccak1600-x86_64	fixed	shared	20	latency	1	152623	30008474	150701452	385983930	2542856110	2542856110
keccak1600-avx2-rust	keccak1600-x86_64	runtime	asm	20	throughput	2	142222	30410523	151003593	720497018	2573272313	2573272313
keccak1600-avx2-rust	keccak1600-x86_64	runtime	asm	20	latency	2	139941	30322013	150631729	709501241	2603599316	2603599316
keccak1600-avx2-rust	keccak1600-x86_64	fixed	asm	20	throughput	2	145454	30518993	151394282	731343073	2634122879	2634122879
keccak1600-avx2-rust	keccak1600-x86_64	fixed	asm	20	latency	2	144469	30416853	151077174	726968375	2664544172	2664544172
keccak1600-avx2-rust	keccak1600-x86_64	runtime	shared	20	throughput	2	152380	29844385	150038925	438397627	2694392425	2694392425
keccak1600-avx2-rust	keccak1600-x86_64	runtime	shared	20	latency	2	148262	30164354	151639985	427143192	2724560378	2724560378
keccak1600-avx2-rust	keccak1600-x86_64	fixed	shared	20	throughput	2	157635	30090324	151480260	398028736	2754654691	2754654691
keccak1600-avx2-rust	keccak1600-x86_64	fixed	shared	20	latency	2	153354	30070044	151416312	387832631	2784728745	2784728745
keccak1600-avx2-rust	keccak1600-x86_64	runtime	stack	20	throughput	2	145785	30197043	152116871	380061858	2814929378	2814929378
keccak1600-avx2-rust	keccak1600-x86_64	runtime	stack	20	latency	2	143176	30049404	151196858	373832900	2844982191	2844982191
keccak1600-avx2-rust	keccak1600-x86_64	fixed	stack	20	throughput	2	111627	21766752	109719982	281858519	2866752212	2866752212
keccak1600-avx2-rust	keccak1600-x86_64	fixed	stack	20	latency	2	149765	30002704	151469298	378756045	2896758715	2896758715
keccak1600-avx2-rust	keccak1600-x86_64	runtime	shared	20	throughput	3	153600	30024944	151147186	441907565	2926788008	2926788008
keccak1600-avx2-rust	keccak1600-x86_64	runtime	shared	20	latency	3	147806	29961804	151107367	425829453	2956753232	2956753232
keccak1600-avx2-rust	keccak1600-x86_64	fixed	shared	20	throughput	3	157635	30047824	151498499	398028735	2986804456	2986804456
keccak1600-avx2-rust	keccak1600-x86_64	fixed	shared	20	latency	3	152988	30007504	151022224	386907015	3016817039	3016817039
keccak1600-avx2-rust	keccak1600-x86_64	runtime	stack	20	throughput	3	145015	30046594	151322630	378054471	3046867892	3046867892
keccak1600-avx2-rust	keccak1600-x86_64	runtime	stack	20	latency	3	143390	29988274	151465103	374391654	3076860236	3076860236
keccak1600-avx2-rust	keccak1600-x86_64	fixed	stack	20	throughput	3	154093	30007424	151431036	389085190	3106873259	3106873259
keccak1600-avx2-rust	keccak1600-x86_64	fixed	stack	20	latency	3	150117	30168953	151801660	379646257	3137049202	3137049202
keccak1600-avx2-rust	keccak1600-x86_64	runtime	asm	20	throughput	3	142327	30460693	151337303	721028943	3167514865	3167514865
keccak1600-avx2-rust	keccak1600-x86_64	runtime	asm	20	latency	3	139029	30335894	150772201	704877390	3197855398	3197855398
keccak1600-avx2-rust	keccak1600-x86_64	fixed	asm	20	throughput	3	146341	30582543	151951507	735802916	3228442621	3228442621
keccak1600-avx2-rust	keccak1600-x86_64	fixed	asm	20	latency	3	144252	30389334	150941048	725876430	3258836064	3258836064
keccak1600-avx2-rust	keccak1600-x86_64	runtime	stack	20	throughput	4	142963	29608134	149193862	372704906	3288442457	3288442457
keccak1600-avx2-rust	keccak1600-x86_64	runtime	stack	20	latency	4	144036	30039924	152155834	376078362	3318486651	3318486651
keccak1600-avx2-rust	keccak1600-x86_64	fixed	stack	20	throughput	4	154713	30183624	151990758	390650693	3348674165	3348674165
keccak1600-avx2-rust	keccak1600-x86_64	fixed	stack	20	latency	4	149765	29988524	151460080	378756053	3378666708	3378666708
keccak1600-avx2-rust	keccak1600-x86_64	runtime	asm	20	throughput	4	143605	30585153	152217794	727503300	3409256331	3409256331
keccak1600-avx2-rust	keccak1600-x86_64	runtime	asm	20	latency	4	140350	30406593	151163311	711574869	3439667284	3439667284
keccak1600-avx2-rust	keccak1600-x86_64	fixed	asm	20	throughput	4	146230	30405933	151263564	735244802	3470077487	3470077487
keccak1600-avx2-rust	keccak1600-x86_64	fixed	asm	20	latency	4	145234	30579313	152295641	730817855	3500660609	3500660609
keccak1600-avx2-rust	keccak1600-x86_64	runtime	shared	20	throughput	4	152260	29824355	149925077	438052381	3530489413	3530489413
keccak1600-avx2-rust	keccak1600-x86_64	runtime	shared	20	latency	4	148148	30235444	151600956	426814756	3560730236	3560730236
keccak1600-avx2-rust	keccak1600-x86_64	fixed	shared	20	throughput	4	150352	28865027	144611786	379639160	3589600940	3589600940
keccak1600-avx2-rust	keccak1600-x86_64	fixed	shared	20	latency	4	153232	30052154	151283436	387524088	3619657503	3619657503
keccak1600-avx2-rust	keccak1600-x86_64	control	empty	20	throughput	0	2000000	2397074	12091833	30000318	3622058321	3622058321
keccak1600-avx2-rust	keccak1600-x86_64	control	empty	20	latency	0	2000000	2803494	14051911	38000322	3624864889	3624864889
keccak1600-avx2-rust	keccak1600-x86_64	runtime	shared	32	throughput	0	153477	30171794	151577872	438791105	3655041412	3655041412
keccak1600-avx2-rust	keccak1600-x86_64	runtime	shared	32	latency	0	150000	30186683	151818840	429150362	3685235455	3685235455
keccak1600-avx2-rust	keccak1600-x86_64	fixed	shared	32	throughput	0	157635	30274144	151788928	397555834	3715516318	3715516318
keccak1600-avx2-rust	keccak1600-x86_64	fixed	shared	32	latency	0	153354	30099953	151398179	387065855	3745617151	3745617151
keccak1600-avx2-rust	keccak1600-x86_64	runtime	stack	32	throughput	0	145124	30067624	151440523	378048386	3775688505	3775688505
keccak1600-avx2-rust	keccak1600-x86_64	runtime	stack	32	latency	0	144360	30154794	151999933	376346891	3805846808	3805846808
keccak1600-avx2-rust	keccak1600-x86_64	fixed	stack	32	throughput	0	154713	30145544	152341149	390341265	3835995531	3835995531
keccak1600-avx2-rust	keccak1600-x86_64	fixed	stack	32	latency	0	150588	30208323	152295137	380235069	3866207194	3866207194
keccak1600-avx2-rust	keccak1600-x86_64	runtime	asm	32	throughput	0	145896	30807702	153479359	738817709	3897018257	3897018257
keccak1600-avx2-rust	keccak1600-x86_64	runtime	asm	32	latency	0	135306	29188116	145393726	685460557	3926209821	3926209821
keccak1600-avx2-rust	keccak1600-x86_64	fixed	asm	32	throughput	0	146230	30426783	151371552	734952343	3956639853	3956639853
keccak1600-avx2-rust	keccak1600-x86_64	fixed	asm	32	latency	0	143928	30506183	151776708	723670348	3987150056	3987150056
keccak1600-avx2-rust	keccak1600-x86_64	runtime	stack	32	throughput	1	143497	29761595	149760757	373810046	4016915840	4016915840
keccak1600-avx2-rust	keccak1600-x86_64	runtime	stack	32	latency	1	143830	30065254	151617723	374965174	4046984473	4046984473
keccak1600-avx2-rust	keccak1600-x86_64	fixed	stack	32	throughput	1	127744	24919816	125791324	322298465	4071907971	4071907971
keccak1600-avx2-rust	keccak1600-x86_64	fixed	stack	32	latency	1	150470	30080654	152181692	379937111	4101992004	4101992004
keccak1600-avx2-rust	keccak1600-x86_64	runtime	asm	32	throughput	1	147352	31322960	155651434	746190898	4133318356	4133318356
keccak1600-avx2-rust	keccak1600-x86_64	runtime	asm	32	latency	1	142538	30344744	151209773	722097882	4163666969	4163666969
keccak1600-avx2-rust	keccak1600-x86_64	fixed	asm	32	throughput	1	145675	30294973	150975099	732162923	4193965522	4193965522
keccak1600-avx2-rust	keccak1600-x86_64	fixed	asm	32	latency	1	144578	30498253	152007819	726938552	4224467155	4224467155
keccak1600-avx2-rust	keccak1600-x86_64	runtime	shared	32	throughput	1	152139	29696085	149301873	434965768	4254166699	4254166699
keccak1600-avx2-rust	keccak1600-x86_64	runtime	shared	32	latency	1	147931	29708925	149452799	423230959	4283878982	4283878982
keccak1600-avx2-rust	keccak1600-x86_64	fixed	shared	32	throughput	1	158154	30133084	151962766	398864753	4314009325	4314009325
keccak1600-avx2-rust	keccak1600-x86_64	fixed	shared	32	latency	1	153110	30021594	151130841	386450005	4344034659	4344034659
keccak1600-avx2-rust	keccak1600-x86_64	runtime	asm	32	throughput	2	145675	30903472	153992293	737698568	4374942191	4374942191
keccak1600-avx2-rust	keccak1600-x86_64	runtime	asm	32	latency	2	133891	28678617	142352853	678292170	4403625046	4403625046
keccak1600-avx2-rust	keccak1600-x86_64	fixed	asm	32	throughput	2	145675	30427463	151229650	732162914	4434056409	4434056409
keccak1600-avx2-rust	keccak1600-x86_64	fixed	asm	32	latency	2	144036	30287343	150681495	724213382	4464347803	4464347803
keccak1600-avx2-rust	keccak1600-x86_64	runtime	shared	32	throughput	2	152623	29820055	149927622	436349526	4494173146	4494173146
keccak1600-avx2-rust	keccak1600-x86_64	runtime	shared	32	latency	2	149765	30013503	151129177	428478031	4524195079	4524195079
keccak1600-avx2-rust	keccak1600-x86_64	fixed	shared	32	throughput	2	157377	29977364	151232377	396905158	4554179133	4554179133
keccak1600-avx2-rust	keccak1600-x86_64	fixed	shared	32	latency	2	153846	30151634	151890527	388307671	4584334816	4584334816
keccak1600-avx2-rust	keccak1600-x86_64	runtime	stack	32	throughput	2	145015	30057884	151387362	377764438	4614396799	4614396799
keccak1600-avx2-rust	keccak1600-x86_64	runtime	stack	32	latency	2	143497	30168814	151196141	374097045	4644569722	4644569722
keccak1600-avx2-rust	keccak1600-x86_64	fixed	stack	32	throughput	2	152988	30038944	150639235	385989084	4674612625	4674612625
keccak1600-avx2-rust	keccak1600-x86_64	fixed	stack	32	latency	2	149068	30059294	150748687	376397069	4704676519	4704676519
keccak1600-avx2-rust	keccak1600-x86_64	runtime	shared	32	throughput	3	154340	30165844	151430965	441258428	4734846922	4734846922
keccak1600-avx2-rust	keccak1600-x86_64	runtime	shared	32	latency	3	148491	29956634	150000774	424833116	4764807855	4764807855
keccak1600-avx2-rust	keccak1600-x86_64	fixed	shared	32	throughput	3	156734	29985684	150573895	395283516	4794797798	4794797798
keccak1600-avx2-rust	keccak1600-x86_64	fixed	shared	32	latency	3	153354	30190884	151393301	387065858	4824993802	4824993802
keccak1600-avx2-rust	keccak1600-x86_64	runtime	stack	32	throughput	3	144469	30132903	150810824	376342113	4855131456	4855131456
keccak1600-avx2-rust	keccak1600-x86_64	runtime	stack	32	latency	3	142750	30030944	150466542	372149613	4885167169	4885167169
keccak1600-avx2-rust	keccak1600-x86_64	fixed	stack	32	throughput	3	153969	30226374	151610740	388464148	4915398232	4915398232
keccak1600-avx2-rust	keccak1600-x86_64	fixed	stack	32	latency	3	149765	30156723	151477547	378156992	4945559555	4945559555
keccak1600-avx2-rust	keccak1600-x86_64	runtime	asm	32	throughput	3	142857	30553403	150769071	723428213	4976117498	4976117498
keccak1600-avx2-rust	keccak1600-x86_64	runtime	asm	32	latency	3	140145	30605473	150965778	709974934	5006729251	5006729251
keccak1600-avx2-rust	keccak1600-x86_64	fixed	asm	32	throughput	3	144905	30559943	150735605	728292893	5037295874	5037295874
keccak1600-avx2-rust	keccak1600-x86_64	fixed	asm	32	latency	3	143176	30558813	150776063	719889294	5067858687	5067858687
keccak1600-avx2-rust	keccak1600-x86_64	runtime	stack	32	throughput	4	142857	29714835	149025707	372142855	5097577151	5097577151
keccak1600-avx2-rust	keccak1600-x86_64	runtime	stack	32	latency	4	143508	30063554	151205312	374125727	5127644204	5127644204
keccak1600-avx2-rust	keccak1600-x86_64	fixed	stack	32	throughput	4	153846	30155344	151475766	388153823	5157803197	5157803197
keccak1600-avx2-rust	keccak1600-x86_64	fixed	stack	32	latency	4	149184	30063114	150853070	376689970	5187870770	5187870770
keccak1600-avx2-rust	keccak1600-x86_64	runtime	asm	32	throughput	4	144036	30789082	152147798	729398675	5218664883	5218664883
keccak1600-avx2-rust	keccak1600-x86_64	runtime	asm	32	latency	4	141906	30447573	150883721	718896164	5249116136	5249116136
keccak1600-avx2-rust	keccak1600-x86_64	fixed	asm	32	throughput	4	145454	30432233	150742867	731052164	5279552789	5279552789
keccak1600-avx2-rust	keccak1600-x86_64	fixed	asm	32	latency	4	143070	30255974	149929370	719356327	5309813122	5309813122
keccak1600-avx2-rust	keccak1600-x86_64	runtime	shared	32	throughput	4	151898	29742724	149104414	434276745	5339552885	5339552885
keccak1600-avx2-rust	keccak1600-x86_64	runtime	shared	32	latency	4	148952	29917834	150441468	426152036	5369475379	5369475379
keccak1600-avx2-rust	keccak1600-x86_64	fixed	shared	32	throughput	4	157377	30133674	151219367	396905156	5399613102	5399613102
keccak1600-avx2-rust	keccak1600-x86_64	fixed	shared	32	latency	4	152501	30023414	150523476	384912891	5429640535	5429640535
keccak1600-avx2-rust	keccak1600-x86_64	control	empty	32	throughput	0	2000000	2400235	12070901	30000320	5432044713	5432044713
keccak1600-avx2-rust	keccak1600-x86_64	control	empty	32	latency	0	2000000	2591734	12960354	34000318	5434640361	5434640361
keccak1600-avx2-rust	keccak1600-x86_64	runtime	shared	64	throughput	0	153600	30065414	150872337	436838763	5464710674	5464710674
keccak1600-avx2-rust	keccak1600-x86_64	runtime	shared	64	latency	0	149416	30044834	150765444	425238305	5494759697	5494759697
keccak1600-avx2-rust	keccak1600-x86_64	fixed	shared	64	throughput	0	126315	24178337	121575413	319324674	5518941726	5518941726
keccak1600-avx2-rust	keccak1600-x86_64	fixed	shared	64	latency	0	150706	30123144	151582968	381286548	5549070429	5549070429
keccak1600-avx2-rust	keccak1600-x86_64	runtime	stack	64	throughput	0	140659	29561065	148524536	366417054	5578639153	5578639153
keccak1600-avx2-rust	keccak1600-x86_64	runtime	stack	64	latency	0	139332	29538285	148403449	363238893	5608187426	5608187426
keccak1600-avx2-rust	keccak1600-x86_64	fixed	stack	64	throughput	0	153600	30081414	151026653	387840364	5638275740	5638275740
keccak1600-avx2-rust	keccak1600-x86_64	fixed	stack	64	latency	0	146901	30006244	150774018	371219188	5668287344	5668287344
keccak1600-avx2-rust	keccak1600-x86_64	runtime	asm	64	throughput	0	146564	31181492	154723292	742200457	5699473516	5699473516
keccak1600-avx2-rust	keccak1600-x86_64	runtime	asm	64	latency	0	141176	30360633	150551883	715197984	5729838249	5729838249
keccak1600-avx2-rust	keccak1600-x86_64	fixed	asm	64	throughput	0	143712	30203234	149832129	722440594	5760044842	5760044842
keccak1600-avx2-rust	keccak1600-x86_64	fixed	asm	64	latency	0	144905	30813253	152890667	728727616	5790861815	5790861815
keccak1600-avx2-rust	keccak1600-x86_64	runtime	stack	64	throughput	1	142116	29745834	149398518	370212550	5820611638	5820611638
keccak1600-avx2-rust	keccak1600-x86_64	runtime	stack	64	latency	1	142538	30126334	151578345	371596938	5850742031	5850742031
keccak1600-avx2-rust	keccak1600-x86_64	fixed	stack	64	throughput	1	153969	30086284	151396175	388772090	5880832395	5880832395
keccak1600-avx2-rust	keccak1600-x86_64	fixed	stack	64	latency	1	147578	30102394	151501960	372929972	5910939028	5910939028
keccak1600-avx2-rust	keccak1600-x86_64	runtime	asm	64	throughput	1	144480	30719113	152608826	731647093	5941662420	5941662420
keccak1600-avx2-rust	keccak1600-x86_64	runtime	asm	64	latency	1	141072	30294003	150357551	714671117	5971960033	5971960033
keccak1600-avx2-rust	keccak1600-x86_64	fixed	asm	64	throughput	1	143820	30396853	150766697	722983509	6002361166	6002361166
keccak1600-avx2-rust	keccak1600-x86_64	fixed	asm	64	latency	1	143390	30538033	151482771	721108679	6032903479	6032903479
keccak1600-avx2-rust	keccak1600-x86_64	runtime	shared	64	throughput	1	151778	29715865	149109979	431656995	6062623833	6062623833
keccak1600-avx2-rust	keccak1600-x86_64	runtime	shared	64	latency	1	149416	30019844	150752498	425238295	6092650596	6092650596
keccak1600-avx2-rust	keccak1600-x86_64	fixed	shared	64	throughput	1	157248	30165484	151380845	397523307	6122824549	6122824549
keccak1600-avx2-rust	keccak1600-x86_64	fixed	shared	64	latency	1	150588	30143034	151490392	380988004	6152960322	6152960322
keccak1600-avx2-rust	keccak1600-x86_64	runtime	asm	64	throughput	2	146007	31155161	154613163	739379813	6184120185	6184120185
keccak1600-avx2-rust	keccak1600-x86_64	runtime	asm	64	latency	2	141906	30628623	151791930	718896166	6214748587	6214748587
keccak1600-avx2-rust	keccak1600-x86_64	fixed	asm	64	throughput	2	143176	30201893	149798816	719746122	6244954100	6244954100
keccak1600-avx2-rust	keccak1600-x86_64	fixed	asm	64	latency	2	144144	30684763	152127419	724900550	6275637873	6275637873
keccak1600-avx2-rust	keccak1600-x86_64	runtime	shared	64	throughput	2	151778	29697044	149044435	431656997	6305338477	6305338477
keccak1600-avx2-rust	keccak1600-x86_64	runtime	shared	64	latency	2	149649	30090444	151147783	425901422	6335432690	6335432690
keccak1600-avx2-rust	keccak1600-x86_64	fixed	shared	64	throughput	2	157119	30120474	151227156	397197198	6365556953	6365556953
keccak1600-avx2-rust	keccak1600-x86_64	fixed	shared	64	latency	2	148377	29652345	149225802	375394179	6395214207	6395214207
keccak1600-avx2-rust	keccak1600-x86_64	runtime	stack	64	throughput	2	144252	30228584	152099447	375776819	6425446310	6425446310
keccak1600-avx2-rust	keccak1600-x86_64	runtime	stack	64	latency	2	142538	30109634	151556720	371596935	6455559563	6455559563
keccak1600-avx2-rust	keccak1600-x86_64	fixed	stack	64	throughput	2	153600	30018444	151011375	387840367	6485581386	6485581386
keccak1600-avx2-rust	keccak1600-x86_64	fixed	stack	64	latency	2	147578	30100773	151474922	372929971	6515685289	6515685289
keccak1600-avx2-rust	keccak1600-x86_64	runtime	shared	64	throughput	3	154340	30119354	151550833	438943321	6545808043	6545808043
keccak1600-avx2-rust	keccak1600-x86_64	runtime	shared	64	latency	3	149532	30003994	150948394	425568431	6575815276	6575815276
keccak1600-avx2-rust	keccak1600-x86_64	fixed	shared	64	throughput	3	113341	21729342	109088378	286526401	6597547937	6597547937
keccak1600-avx2-rust	keccak1600-x86_64	fixed	shared	64	latency	3	150588	30194814	151470813	380988005	6627745960	6627745960
keccak1600-avx2-rust	keccak1600-x86_64	runtime	stack	64	throughput	3	143390	30046964	150969120	373531311	6657796783	6657796783
keccak1600-avx2-rust	keccak1600-x86_64	runtime	stack	64	latency	3	142327	30065763	151319354	371046854	6687867056	6687867056
keccak1600-avx2-rust	keccak1600-x86_64	fixed	stack	64	throughput	3	153969	30085554	151425800	388772091	6717956459	6717956459
keccak1600-avx2-rust	keccak1600-x86_64	fixed	stack	64	latency	3	145344	29642955	149136458	367284652	6747604443	6747604443
keccak1600-avx2-rust	keccak1600-x86_64	runtime	asm	64	throughput	3	144144	30553823	151859823	729945581	6778162326	6778162326
keccak1600-avx2-rust	keccak1600-x86_64	runtime	asm	64	latency	3	141592	30558413	151606475	717305440	6808724399	6808724399
keccak1600-avx2-rust	keccak1600-x86_64	fixed	asm	64	throughput	3	143294	30191084	149859885	720339306	6838919192	6838919192
keccak1600-avx2-rust	keccak1600-x86_64	fixed	asm	64	latency	3	143497	30526663	151437243	721646779	6869449795	6869449795
keccak1600-avx2-rust	keccak1600-x86_64	runtime	stack	64	throughput	4	142222	29759904	149433186	370488677	6899213578	6899213578
keccak1600-avx2-rust	keccak1600-x86_64	runtime	stack	64	latency	4	142538	30152654	151597940	371596932	6929369661	6929369661
keccak1600-avx2-rust	keccak1600-x86_64	fixed	stack	64	throughput	4	153969	30074194	151370542	388772093	6959447154	6959447154
keccak1600-avx2-rust	keccak1600-x86_64	fixed	stack	64	latency	4	147352	30052614	151235737	372358874	6989503318	6989503318
keccak1600-avx2-rust	keccak1600-x86_64	runtime	asm	64	throughput	4	121595	25815353	128293059	615757435	7015322865	7015322865
keccak1600-avx2-rust	keccak1600-x86_64	runtime	asm	64	latency	4	140453	30469293	151233171	711535262	7045797058	7045797058
keccak1600-avx2-rust	keccak1600-x86_64	fixed	asm	64	throughput	4	117216	24669435	122470736	589245186	7070470786	7070470786
keccak1600-avx2-rust	keccak1600-x86_64	fixed	asm	64	latency	4	144144	30549903	151687724	724900537	7101024248	7101024248
keccak1600-avx2-rust	keccak1600-x86_64	runtime	shared	64	throughput	4	152019	29689655	149258480	432342403	7130717382	7130717382
keccak1600-avx2-rust	keccak1600-x86_64	runtime	shared	64	latency	4	150470	30139893	151808085	428237979	7160861265	7160861265
keccak1600-avx2-rust	keccak1600-x86_64	fixed	shared	64	throughput	4	157248	30070124	151362958	397523310	7190936518	7190936518
keccak1600-avx2-rust	keccak1600-x86_64	fixed	shared	64	latency	4	150588	30024874	151424877	380988011	7220965532	7220965532
keccak1600-avx2-rust	keccak1600-x86_64	control	empty	64	throughput	0	2000000	2386635	12003961	30000321	7223355330	7223355330
keccak1600-avx2-rust	keccak1600-x86_64	control	empty	64	latency	0	2000000	2418394	12080762	34000320	7225776637	7225776637
keccak1600-avx2-rust	keccak1600-x86_64	runtime	shared	135	throughput	0	153232	29815935	149894051	433187217	7255596131	7255596131
keccak1600-avx2-rust	keccak1600-x86_64	runtime	shared	135	latency	0	150352	30108493	151554846	425346160	7285708854	7285708854
keccak1600-avx2-rust	keccak1600-x86_64	fixed	shared	135	throughput	0	157506	30036574	152138251	401483148	7315742997	7315742997
keccak1600-avx2-rust	keccak1600-x86_64	fixed	shared	135	latency	0	151658	29967984	152753752	386879912	7345715451	7345715451
keccak1600-avx2-rust	keccak1600-x86_64	runtime	stack	135	throughput	0	146007	30134234	153908495	381808656	7375854144	7375854144
keccak1600-avx2-rust	keccak1600-x86_64	runtime	stack	135	latency	0	143070	30356643	153788773	374414544	7406215097	7406215097
keccak1600-avx2-rust	keccak1600-x86_64	fixed	stack	135	throughput	0	153969	30070344	152097330	392159397	7436289690	7436289690
keccak1600-avx2-rust	keccak1600-x86_64	fixed	stack	135	latency	0	147465	29972584	151533549	375888642	7466267603	7466267603
keccak1600-avx2-rust	keccak1600-x86_64	runtime	asm	135	throughput	0	143820	30547023	151833005	729743034	7496819516	7496819516
keccak1600-avx2-rust	keccak1600-x86_64	runtime	asm	135	latency	0	140350	30492873	151190164	712416951	7527317759	7527317759
keccak1600-avx2-rust	keccak1600-x86_64	fixed	asm	135	throughput	0	145454	30323943	150335233	731488521	7557646352	7557646352
keccak1600-avx2-rust	keccak1600-x86_64	fixed	asm	135	latency	0	142433	30266033	150096241	716580775	7587917135	7587917135
keccak1600-avx2-rust	keccak1600-x86_64	runtime	stack	135	throughput	1	141384	29624215	149024537	369719510	7617545709	7617545709
keccak1600-avx2-rust	keccak1600-x86_64	runtime	stack	135	latency	1	140865	30085824	151336627	368644059	7647636452	7647636452
keccak1600-avx2-rust	keccak1600-x86_64	fixed	stack	135	throughput	1	153477	30130693	151601708	390906269	7677772055	7677772055
keccak1600-avx2-rust	keccak1600-x86_64	fixed	stack	135	latency	1	147465	30152924	151611616	375888633	7707929578	7707929578
keccak1600-avx2-rust	keccak1600-x86_64	runtime	asm	135	throughput	1	145344	30793802	152958032	737475806	7738722901	7738722901
keccak1600-avx2-rust	keccak1600-x86_64	runtime	asm	135	latency	1	102400	22294171	110558697	519782736	7761021871	7761021871
keccak1600-avx2-rust	keccak1600-x86_64	fixed	asm	135	throughput	1	145564	30445533	150981077	732041705	7791472374	7791472374
keccak1600-avx2-rust	keccak1600-x86_64	fixed	asm	135	latency	1	142222	30131904	149153790	715519235	7821608647	7821608647
keccak1600-avx2-rust	keccak1600-x86_64	runtime	shared	135	throughput	1	151778	29678394	148443921	429076761	7851290681	7851290681
keccak1600-avx2-rust	keccak1600-x86_64	runtime	shared	135	latency	1	150117	30119364	151349454	424681344	7881415894	7881415894
keccak1600-avx2-rust	keccak1600-x86_64	fixed	shared	135	throughput	1	156734	30108194	151421102	399515317	7911531547	7911531547
keccak1600-avx2-rust	keccak1600-x86_64	fixed	shared	135	latency	1	149649	30002184	150746259	381754956	7941539660	7941539660
keccak1600-avx2-rust	keccak1600-x86_64	runtime	asm	135	throughput	2	145785	31073291	154315049	739713440	7972618933	7972618933
keccak1600-avx2-rust	keccak1600-x86_64	runtime	asm	135	latency	2	119328	25841673	128238178	605709273	7998465381	7998465381
keccak1600-avx2-rust	keccak1600-x86_64	fixed	asm	135	throughput	2	145454	30426373	150841538	731488522	8028895704	8028895704
keccak1600-avx2-rust	keccak1600-x86_64	fixed	asm	135	latency	2	144252	30749363	152504255	725732160	8059649267	8059649267
keccak1600-avx2-rust	keccak1600-x86_64	runtime	shared	135	throughput	2	152501	29700284	149210570	431120673	8089353861	8089353861
keccak1600-avx2-rust	keccak1600-x86_64	runtime	shared	135	latency	2	150234	30108794	151459128	425012341	8119468424	8119468424
keccak1600-avx2-rust	keccak1600-x86_64	fixed	shared	135	throughput	2	147239	28251048	142224608	375312568	8147698189	8147698189
keccak1600-avx2-rust	keccak1600-x86_64	fixed	shared	135	latency	2	151062	30172953	152165787	385359514	8177876492	8177876492
keccak1600-avx2-rust	keccak1600-x86_64	runtime	stack	135	throughput	2	143928	29957634	151792300	376372069	8207838675	8207838675
keccak1600-avx2-rust	keccak1600-x86_64	runtime	stack	135	latency	2	140145	29947514	150619192	366759816	8237789578	8237789578
keccak1600-avx2-rust	keccak1600-x86_64	fixed	stack	135	throughput	2	151062	29914065	149257237	384755267	8267701392	8267701392
keccak1600-avx2-rust	keccak1600-x86_64	fixed	stack	135	latency	2	146788	30149323	150991168	374162963	8297854135	8297854135
keccak1600-avx2-rust	keccak1600-x86_64	runtime	shared	135	throughput	3	153969	30184474	150610573	435270713	8328042968	8328042968
keccak1600-avx2-rust	keccak1600-x86_64	runtime	shared	135	latency	3	149765	30230653	150975882	423685537	8358277971	8358277971
keccak1600-avx2-rust	keccak1600-x86_64	fixed	shared	135	throughput	3	155970	30144344	150637229	397567880	8388427664	8388427664
keccak1600-avx2-rust	keccak1600-x86_64	fixed	shared	135	latency	3	149765	29966454	150857153	382050869	8418398458	8418398458
keccak1600-avx2-rust	keccak1600-x86_64	runtime	stack	135	throughput	3	144144	30150613	152112401	376936905	8448554611	8448554611
keccak1600-avx2-rust	keccak1600-x86_64	runtime	stack	135	latency	3	140453	29884665	150987112	367565853	8478444124	8478444124
keccak1600-avx2-rust	keccak1600-x86_64	fixed	stack	135	throughput	3	155088	30251643	153177853	395009482	8508702597	8508702597
keccak1600-avx2-rust	keccak1600-x86_64	fixed	stack	135	latency	3	148262	30076354	152327928	377920191	8538785310	8538785310
keccak1600-avx2-rust	keccak1600-x86_64	runtime	asm	135	throughput	3	146453	31077401	153826420	743102876	8569867513	8569867513
keccak1600-avx2-rust	keccak1600-x86_64	runtime	asm	135	latency	3	139433	30283754	150347978	707762257	8600157476	8600157476
keccak1600-avx2-rust	keccak1600-x86_64	fixed	asm	135	throughput	3	146901	30634432	152017111	738765476	8630796939	8630796939
keccak1600-avx2-rust	keccak1600-x86_64	fixed	asm	135	latency	3	130968	27701699	137582163	658900356	8658502514	8658502514
keccak1600-avx2-rust	keccak1600-x86_64	runtime	stack	135	throughput	4	140248	29347175	147920643	366748866	8687853638	8687853638
keccak1600-avx2-rust	keccak1600-x86_64	runtime	stack	135	latency	4	141384	29910565	151916600	370002281	8717768891	8717768891
keccak1600-avx2-rust	keccak1600-x86_64	fixed	stack	135	throughput	4	154465	29883144	152532745	393422700	8747658125	8747658125
keccak1600-avx2-rust	keccak1600-x86_64	fixed	stack	135	latency	4	149649	30152943	153894704	381455646	8777815078	8777815078
keccak1600-avx2-rust	keccak1600-x86_64	runtime	asm	135	throughput	4	147465	31691061	156080201	748237759	8809510169	8809510169
keccak1600-avx2-rust	keccak1600-x86_64	runtime	asm	135	latency	4	141592	30769092	152546105	718721345	8840287032	8840287032
keccak1600-avx2-rust	keccak1600-x86_64	fixed	asm	135	throughput	4	144036	30234203	149864942	724357397	8870531345	8870531345
keccak1600-avx2-rust	keccak1600-x86_64	fixed	asm	135	latency	4	142327	30178834	149627770	716047486	8900715468	8900715468
keccak1600-avx2-rust	keccak1600-x86_64	runtime	shared	135	throughput	4	152380	29609984	149026724	430778607	8930329062	8930329062
keccak1600-avx2-rust	keccak1600-x86_64	runtime	shared	135	latency	4	151062	30027194	152295407	427354746	8960359705	8960359705
keccak1600-avx2-rust	keccak1600-x86_64	fixed	shared	135	throughput	4	158154	29968934	152749291	403134895	8990332789	8990332789
keccak1600-avx2-rust	keccak1600-x86_64	fixed	shared	135	latency	4	152623	30109194	153741110	389341624	9020445772	9020445772
keccak1600-avx2-rust	keccak1600-x86_64	control	empty	135	throughput	0	2000000	2123125	10775086	30000319	9022572040	9022572040
keccak1600-avx2-rust	keccak1600-x86_64	control	empty	135	latency	0	2000000	2870914	14162229	34000320	9025445887	9025445887
keccak1600-avx2-rust	keccak1600-x86_64	runtime	shared	136	throughput	0	76341	29581555	149265137	429494814	9055030581	9055030581
keccak1600-avx2-rust	keccak1600-x86_64	runtime	shared	136	latency	0	77108	30094034	152982935	433964170	9085127874	9085127874
keccak1600-avx2-rust	keccak1600-x86_64	fixed	shared	136	throughput	0	79080	30181874	153756901	431935311	9115313097	9115313097
keccak1600-avx2-rust	keccak1600-x86_64	fixed	shared	136	latency	0	77858	30228184	153924447	425416457	9145544570	9145544570
keccak1600-avx2-rust	keccak1600-x86_64	runtime	stack	136	throughput	0	77544	30427722	154042939	413852674	9175976143	9175976143
keccak1600-avx2-rust	keccak1600-x86_64	runtime	stack	136	latency	0	75323	29957185	152233311	402149845	9205936757	9205936757
keccak1600-avx2-rust	keccak1600-x86_64	fixed	stack	136	throughput	0	77985	30132673	153731732	398893626	9236073260	9236073260
keccak1600-avx2-rust	keccak1600-x86_64	fixed	stack	136	latency	0	76250	30041284	153428645	390171601	9266118063	9266118063
keccak1600-avx2-rust	keccak1600-x86_64	runtime	asm	136	throughput	0	76738	31549821	155238773	766996661	9297664645	9297664645
keccak1600-avx2-rust	keccak1600-x86_64	runtime	asm	136	latency	0	43224	17633022	87427295	432110656	9315301089	9315301089
keccak1600-avx2-rust	keccak1600-x86_64	fixed	asm	136	throughput	0	75090	30503353	151196494	747371117	9345807762	9345807762
keccak1600-avx2-rust	keccak1600-x86_64	fixed	asm	136	latency	0	74912	30544303	151386026	745749311	9376355715	9376355715
keccak1600-avx2-rust	keccak1600-x86_64	runtime	stack	136	throughput	1	75146	29654825	149310486	401054549	9406015228	9406015228
keccak1600-avx2-rust	keccak1600-x86_64	runtime	stack	136	latency	1	75235	29978814	152049652	401680015	9435998612	9435998612
keccak1600-avx2-rust	keccak1600-x86_64	fixed	stack	136	throughput	1	77641	30017915	153125670	397134066	9466021365	9466021365
keccak1600-avx2-rust	keccak1600-x86_64	fixed	stack	136	latency	1	72782	28701177	146476163	372425838	9494730089	9494730089
keccak1600-avx2-rust	keccak1600-x86_64	runtime	asm	136	throughput	1	76738	31605581	155483783	766996658	9526339841	9526339841
keccak1600-avx2-rust	keccak1600-x86_64	runtime	asm	136	latency	1	74016	30286364	150150141	739938297	9556631374	9556631374
keccak1600-avx2-rust	keccak1600-x86_64	fixed	asm	136	throughput	1	74592	30298673	150185379	742414527	9586934657	9586934657
keccak1600-avx2-rust	keccak1600-x86_64	fixed	asm	136	latency	1	75000	30505353	151198141	746625345	9617443920	9617443920
keccak1600-avx2-rust	keccak1600-x86_64	runtime	shared	136	throughput	1	76341	29683244	149261144	429494809	9647130774	9647130774
keccak1600-avx2-rust	keccak1600-x86_64	runtime	shared	136	latency	1	76707	30019144	152234397	431707346	9677153097	9677153097
keccak1600-avx2-rust	keccak1600-x86_64	fixed	shared	136	throughput	1	78656	30006274	152929204	429619422	9707162540	9707162540
keccak1600-avx2-rust	keccak1600-x86_64	fixed	shared	136	latency	1	77764	30116414	153791260	424902845	9737282073	9737282073
keccak1600-avx2-rust	keccak1600-x86_64	runtime	asm	136	throughput	2	76738	31462601	155420027	766996663	9768747785	9768747785
keccak1600-avx2-rust	keccak1600-x86_64	runtime	asm	136	latency	2	74188	30442032	151175146	741657787	9799193088	9799193088
keccak1600-avx2-rust	keccak1600-x86_64	fixed	asm	136	throughput	2	75087	30490793	151308810	747341260	9829687401	9829687401
keccak1600-avx2-rust	keccak1600-x86_64	fixed	asm	136	latency	2	75029	30350724	150725302	746914044	9860041874	9860041874
keccak1600-avx2-rust	keccak1600-x86_64	runtime	shared	136	throughput	2	76341	29618575	149257714	429494820	9889664468	9889664468
keccak1600-avx2-rust	keccak1600-x86_64	runtime	shared	136	latency	2	76769	29994124	152346929	432056279	9919662491	9919662491
keccak1600-avx2-rust	keccak1600-x86_64	fixed	shared	136	throughput	2	78720	29989794	153017594	429968987	9949656734	9949656734
keccak1600-avx2-rust	keccak1600-x86_64	fixed	shared	136	latency	2	77701	30081874	153642395	424558614	9979741957	9979741957
keccak1600-avx2-rust	keccak1600-x86_64	runtime	stack	136	throughput	2	77544	30160023	154005871	413852683	10009897931	10009897931
keccak1600-avx2-rust	keccak1600-x86_64	runtime	stack	136	latency	2	76039	30067864	153634331	405972571	10039968895	10039968895
keccak1600-avx2-rust	keccak1600-x86_64	fixed	stack	136	throughput	2	78017	30077644	153715629	399057307	10070049578	10070049578
keccak1600-avx2-rust	keccak1600-x86_64	fixed	stack	136	latency	2	76433	30098383	153748134	391108010	10100151371	10100151371
keccak1600-avx2-rust	keccak1600-x86_64	runtime	shared	136	throughput	3	78688	30134714	153801847	442699041	10130289604	10130289604
keccak1600-avx2-rust	keccak1600-x86_64	runtime	shared	136	latency	3	77450	30187764	153687961	435888949	10160480857	10160480857
keccak1600-avx2-rust	keccak1600-x86_64	fixed	shared	136	throughput	3	78656	30098054	152895704	429619424	10190573471	10190573471
keccak1600-avx2-rust	keccak1600-x86_64	fixed	shared	136	latency	3	77764	30124784	153776310	424902845	10220701524	10220701524
keccak1600-avx2-rust	keccak1600-x86_64	runtime	stack	136	throughput	3	77419	30114274	153779837	413185553	10250819067	10250819067
keccak1600-avx2-rust	keccak1600-x86_64	runtime	stack	136	latency	3	76133	30135074	153883695	406474435	10280957460	10280957460
keccak1600-avx2-rust	keccak1600-x86_64	fixed	stack	136	throughput	3	77827	30050704	153400486	398085455	10311006873	10311006873
keccak1600-avx2-rust	keccak1600-x86_64	fixed	stack	136	latency	3	76402	30100894	153718471	390949381	10341110977	10341110977
keccak1600-avx2-rust	keccak1600-x86_64	runtime	asm	136	throughput	3	76738	31509310	155481917	766996659	10372623479	10372623479
keccak1600-avx2-rust	keccak1600-x86_64	runtime	asm	136	latency	3	74447	30410073	150850812	744247010	10403037022	10403037022
keccak1600-avx2-rust	keccak1600-x86_64	fixed	asm	136	throughput	3	75471	30640683	152059653	751163212	10433681935	10433681935
keccak1600-avx2-rust	keccak1600-x86_64	fixed	asm	136	latency	3	75382	30522332	151330288	750428160	10464208738	10464208738
keccak1600-avx2-rust	keccak1600-x86_64	runtime	stack	136	throughput	4	75412	29733945	149880128	402474202	10493946111	10493946111
keccak1600-avx2-rust	keccak1600-x86_64	runtime	stack	136	latency	4	75323	29994624	152193507	402149851	10523944035	10523944035
keccak1600-avx2-rust	keccak1600-x86_64	fixed	stack	136	throughput	4	77638	30007594	153028457	397118725	10553954768	10553954768
keccak1600-avx2-rust	keccak1600-x86_64	fixed	stack	136	latency	4	76341	30228803	153625905	390637241	10584187941	10584187941
keccak1600-avx2-rust	keccak1600-x86_64	runtime	asm	136	throughput	4	76463	32143259	158144767	764248038	10616338822	10616338822
keccak1600-avx2-rust	keccak1600-x86_64	runtime	asm	136	latency	4	74650	30611803	151726030	746276395	10646956965	10646956965
keccak1600-avx2-rust	keccak1600-x86_64	fixed	asm	136	throughput	4	75087	30443973	150932899	747341255	10677404458	10677404458
keccak1600-avx2-rust	keccak1600-x86_64	fixed	asm	136	latency	4	74824	30375803	150701055	744873267	10707783631	10707783631
keccak1600-avx2-rust	keccak1600-x86_64	runtime	shared	136	throughput	4	76707	29771714	149970014	431553933	10737558795	10737558795
keccak1600-avx2-rust	keccak1600-x86_64	runtime	shared	136	latency	4	76800	30022574	152371930	432230756	10767584759	10767584759
keccak1600-avx2-rust	keccak1600-x86_64	fixed	shared	136	throughput	4	78688	30006814	152975393	429794203	10797594742	10797594742
keccak1600-avx2-rust	keccak1600-x86_64	fixed	shared	136	latency	4	77827	30276103	153884941	425247081	10827875065	10827875065
keccak1600-avx2-rust	keccak1600-x86_64	control	empty	136	throughput	0	2000000	2142186	10852081	30000319	10830021613	10830021613
keccak1600-avx2-rust	keccak1600-x86_64	control	empty	136	latency	0	2000000	2856694	14036960	34000322	10832881331	10832881331
keccak1600-avx2-rust	keccak1600-x86_64	runtime	shared	137	throughput	0	75859	29501345	148606589	427086519	10862386474	10862386474
keccak1600-avx2-rust	keccak1600-x86_64	runtime	shared	137	latency	0	76707	29979554	152163540	432014175	10892370048	10892370048
keccak1600-avx2-rust	keccak1600-x86_64	fixed	shared	137	throughput	0	78367	30116624	153051623	440971455	10922491371	10922491371
keccak1600-avx2-rust	keccak1600-x86_64	fixed	shared	137	latency	0	77266	30130234	153145654	434930659	10952625774	10952625774
keccak1600-avx2-rust	keccak1600-x86_64	runtime	stack	137	throughput	0	77201	30060764	152926266	412253688	10982690477	10982690477
keccak1600-avx2-rust	keccak1600-x86_64	runtime	stack	137	latency	0	75709	30102174	152973439	404437827	11012797780	11012797780
keccak1600-avx2-rust	keccak1600-x86_64	fixed	stack	137	throughput	0	77953	30264663	153927650	398963807	11043066933	11043066933
keccak1600-avx2-rust	keccak1600-x86_64	fixed	stack	137	latency	0	76311	30132144	153776321	390712670	11073203677	11073203677
keccak1600-avx2-rust	keccak1600-x86_64	runtime	asm	137	throughput	0	76987	31406411	154647452	769716372	11104614139	11104614139
keccak1600-avx2-rust	keccak1600-x86_64	runtime	asm	137	latency	0	74274	30377253	150597548	742740348	11134995392	11134995392
keccak1600-avx2-rust	keccak1600-x86_64	fixed	asm	137	throughput	0	74737	30276584	150084807	744007183	11165276305	11165276305
keccak1600-avx2-rust	keccak1600-x86_64	fixed	asm	137	latency	0	74795	30675812	152050172	744734162	11195956837	11195956837
keccak1600-avx2-rust	keccak1600-x86_64	runtime	stack	137	throughput	1	75679	29713525	149816122	404126210	11225675221	11225675221
keccak1600-avx2-rust	keccak1600-x86_64	runtime	stack	137	latency	1	75353	29987023	152247042	402536077	11255665404	11255665404
keccak1600-avx2-rust	keccak1600-x86_64	fixed	stack	137	throughput	1	77544	30009764	153078784	396870544	11285672967	11285672967
keccak1600-avx2-rust	keccak1600-x86_64	fixed	stack	137	latency	1	66620	26293152	134283462	341094743	11311969474	11311969474
keccak1600-avx2-rust	keccak1600-x86_64	runtime	asm	137	throughput	1	77170	31641451	155732556	771546005	11343614336	11343614336
keccak1600-avx2-rust	keccak1600-x86_64	runtime	asm	137	latency	1	74074	30287513	150146651	740740347	11373905259	11373905259
keccak1600-avx2-rust	keccak1600-x86_64	fixed	asm	137	throughput	1	75117	30464843	151059470	747790083	11404373692	11404373692
keccak1600-avx2-rust	keccak1600-x86_64	fixed	asm	137	latency	1	74912	30784912	152555567	745899132	11435162964	11435162964
keccak1600-avx2-rust	keccak1600-x86_64	runtime	shared	137	throughput	1	75087	29255696	147059729	422740161	11464425158	11464425158
keccak1600-avx2-rust	keccak1600-x86_64	runtime	shared	137	latency	1	74418	29178696	147715469	419122523	11493608832	11493608832
keccak1600-avx2-rust	keccak1600-x86_64	fixed	shared	137	throughput	1	77575	29792745	151477572	436514877	11523406396	11523406396
keccak1600-avx2-rust	keccak1600-x86_64	fixed	shared	137	latency	1	77201	30110444	153034727	434564778	11553520399	11553520399
keccak1600-avx2-rust	keccak1600-x86_64	runtime	asm	137	throughput	2	76738	31352261	154501067	767226881	11584875871	11584875871
keccak1600-avx2-rust	keccak1600-x86_64	runtime	asm	137	latency	2	74476	30318773	150422286	744760355	11615197974	11615197974
keccak1600-avx2-rust	keccak1600-x86_64	fixed	asm	137	throughput	2	75087	30360253	150588410	747491443	11645561507	11645561507
keccak1600-avx2-rust	keccak1600-x86_64	fixed	asm	137	latency	2	74853	30455843	150963218	745311669	11676020870	11676020870
keccak1600-avx2-rust	keccak1600-x86_64	runtime	shared	137	throughput	2	76800	29818854	150263293	432384355	11705843023	11705843023
keccak1600-avx2-rust	keccak1600-x86_64	runtime	shared	137	latency	2	76830	30042534	152424645	432706912	11735884536	11735884536
keccak1600-avx2-rust	keccak1600-x86_64	fixed	shared	137	throughput	2	78367	30032024	153032823	440971460	11765921020	11765921020
keccak1600-avx2-rust	keccak1600-x86_64	fixed	shared	137	latency	2	77607	30244214	153845659	436850150	11796169443	11796169443
keccak1600-avx2-rust	keccak1600-x86_64	runtime	stack	137	throughput	2	77173	30121074	153108526	412104164	11826295896	11826295896
keccak1600-avx2-rust	keccak1600-x86_64	runtime	stack	137	latency	2	75769	30141414	153099927	404758346	11856442019	11856442019
keccak1600-avx2-rust	keccak1600-x86_64	fixed	stack	137	throughput	2	77922	30107273	153808850	398805147	11886552792	11886552792
keccak1600-avx2-rust	keccak1600-x86_64	fixed	stack	137	latency	2	76281	30120534	153747543	390559068	11916677365	11916677365
keccak1600-avx2-rust	keccak1600-x86_64	runtime	shared	137	throughput	3	78720	30246573	154090912	443193949	11946927328	11946927328
keccak1600-avx2-rust	keccak1600-x86_64	runtime	shared	137	latency	3	77544	30141684	153804327	436728153	11977072532	11977072532
keccak1600-avx2-rust	keccak1600-x86_64	fixed	shared	137	throughput	3	78720	30091743	153691241	442957786	12007167565	12007167565
keccak1600-avx2-rust	keccak1600-x86_64	fixed	shared	137	latency	3	77575	30128534	153784299	436670020	12037291988	12037291988
keccak1600-avx2-rust	keccak1600-x86_64	runtime	stack	137	throughput	3	77607	30097484	153728717	414421727	12067392731	12067392731
keccak1600-avx2-rust	keccak1600-x86_64	runtime	stack	137	latency	3	76160	30140543	153789676	406847069	12097536674	12097536674
keccak1600-avx2-rust	keccak1600-x86_64	fixed	stack	137	throughput	3	77953	30153004	153878101	398963809	12127693187	12127693187
keccak1600-avx2-rust	keccak1600-x86_64	fixed	stack	137	latency	3	75919	29990344	153009084	388705627	12157679481	12157679481
keccak1600-avx2-rust	keccak1600-x86_64	runtime	asm	137	throughput	3	77139	31615030	155426281	771236069	12189297863	12189297863
keccak1600-avx2-rust	keccak1600-x86_64	runtime	asm	137	latency	3	74447	30399023	150649715	744470347	12219700436	12219700436
keccak1600-avx2-rust	keccak1600-x86_64	fixed	asm	137	throughput	3	75117	30406793	150852012	747790080	12250110618	12250110618
keccak1600-avx2-rust	keccak1600-x86_64	fixed	asm	137	latency	3	75323	30633763	152001777	749991459	12280747781	12280747781
keccak1600-avx2-rust	keccak1600-x86_64	runtime	stack	137	throughput	4	75412	29717434	149721991	402700431	12310464785	12310464785
keccak1600-avx2-rust	keccak1600-x86_64	runtime	stack	137	latency	4	75709	30263193	153469778	404437822	12340734408	12340734408
keccak1600-avx2-rust	keccak1600-x86_64	fixed	stack	137	throughput	4	77544	30206774	153457734	396870540	12370949541	12370949541
keccak1600-avx2-rust	keccak1600-x86_64	fixed	stack	137	latency	4	75919	30211543	153409499	388705627	12401169364	12401169364
keccak1600-avx2-rust	keccak1600-x86_64	runtime	asm	137	throughput	4	76738	32721848	160992651	767226871	12433900405	12433900405
keccak1600-avx2-rust	keccak1600-x86_64	runtime	asm	137	latency	4	61657	25227014	125020375	616570348	12459134762	12459134762
keccak1600-avx2-rust	keccak1600-x86_64	fixed	asm	137	throughput	4	70124	28539207	141415962	698084771	12487680607	12487680607
keccak1600-avx2-rust	keccak1600-x86_64	fixed	asm	137	latency	4	70175	28600767	141771373	698732822	12516287851	12516287851
keccak1600-avx2-rust	keccak1600-x86_64	runtime	shared	137	throughput	4	76372	29717895	149503979	429974709	12546011615	12546011615
keccak1600-avx2-rust	keccak1600-x86_64	runtime	shared	137	latency	4	76769	30031154	152279756	432363356	12576046628	12576046628
keccak1600-avx2-rust	keccak1600-x86_64	fixed	shared	137	throughput	4	78335	30089213	152950764	440791392	12606139701	12606139701
keccak1600-avx2-rust	keccak1600-x86_64	fixed	shared	137	latency	4	77201	30105164	153001756	434564775	12636248205	12636248205
keccak1600-avx2-rust	keccak1600-x86_64	control	empty	137	throughput	0	2000000	2372295	12024609	30000319	12638623623	12638623623
keccak1600-avx2-rust	keccak1600-x86_64	control	empty	137	latency	0	2000000	3253363	16121697	34000321	12641880210	12641880210
keccak1600-avx2-rust	keccak1600-x86_64	runtime	shared	272	throughput	0	51187	29688135	149894336	429766407	12671571624	12671571624
keccak1600-avx2-rust	keccak1600-x86_64	runtime	shared	272	latency	0	51145	30050964	152897458	429516067	12701625717	12701625717
keccak1600-avx2-rust	keccak1600-x86_64	fixed	shared	272	throughput	0	52588	30219193	153802666	436533343	12731848820	12731848820
keccak1600-avx2-rust	keccak1600-x86_64	fixed	shared	272	latency	0	51295	30087054	153052933	425902738	12761940254	12761940254
keccak1600-avx2-rust	keccak1600-x86_64	runtime	stack	272	throughput	0	51391	30163813	152921322	414211810	12792107448	12792107448
keccak1600-avx2-rust	keccak1600-x86_64	runtime	stack	272	latency	0	50340	30130864	152887132	405841436	12822242171	12822242171
keccak1600-avx2-rust	keccak1600-x86_64	fixed	stack	272	throughput	0	51612	30097613	153240062	411606045	12852343254	12852343254
keccak1600-avx2-rust	keccak1600-x86_64	fixed	stack	272	latency	0	50793	30094144	153677526	405176106	12882440727	12882440727
keccak1600-avx2-rust	keccak1600-x86_64	runtime	asm	272	throughput	0	51738	31562210	155569402	769810052	12914006249	12914006249
keccak1600-avx2-rust	keccak1600-x86_64	runtime	asm	272	latency	0	49844	30367604	150551650	741728911	12944377092	12944377092
keccak1600-avx2-rust	keccak1600-x86_64	fixed	asm	272	throughput	0	50499	30454582	151018695	749254013	12974834815	12974834815
keccak1600-avx2-rust	keccak1600-x86_64	fixed	asm	272	latency	0	49818	30524463	151283448	739249654	13005362778	13005362778
keccak1600-avx2-rust	keccak1600-x86_64	runtime	stack	272	throughput	1	50130	29595215	149139300	404048154	13034961331	13034961331
keccak1600-avx2-rust	keccak1600-x86_64	runtime	stack	272	latency	1	50156	30005114	152302425	404358026	13064969515	13064969515
keccak1600-avx2-rust	keccak1600-x86_64	fixed	stack	272	throughput	1	51585	30001303	153095563	411390732	13094973769	13094973769
keccak1600-avx2-rust	keccak1600-x86_64	fixed	stack	272	latency	1	50887	30130984	153925223	405925953	13125107712	13125107712
keccak1600-avx2-rust	keccak1600-x86_64	runtime	asm	272	throughput	1	51710	31530831	155164207	769393443	13156642064	13156642064
keccak1600-avx2-rust	keccak1600-x86_64	runtime	asm	272	latency	1	49883	30302424	150246151	742309283	13186947547	13186947547
keccak1600-avx2-rust	keccak1600-x86_64	fixed	asm	272	throughput	1	50222	30215043	149854267	745144169	13217165660	13217165660
keccak1600-avx2-rust	keccak1600-x86_64	fixed	asm	272	latency	1	47267	28699857	142301113	701395365	13245868544	13245868544
keccak1600-avx2-rust	keccak1600-x86_64	runtime	shared	272	throughput	1	51200	29724104	149920033	429875554	13275595778	13275595778
keccak1600-avx2-rust	keccak1600-x86_64	runtime	shared	272	latency	1	50928	29968804	152252754	427693700	13305562381	13305562381
keccak1600-avx2-rust	keccak1600-x86_64	fixed	shared	272	throughput	1	52301	30186384	152953155	434150955	13335752064	13335752064
keccak1600-avx2-rust	keccak1600-x86_64	fixed	shared	272	latency	1	51242	30054254	152945332	425462670	13365809717	13365809717
keccak1600-avx2-rust	keccak1600-x86_64	runtime	asm	272	throughput	2	51724	31501341	155408547	769601747	13397314319	13397314319
keccak1600-avx2-rust	keccak1600-x86_64	runtime	asm	272	latency	2	49921	30418823	150962304	742874754	13427736812	13427736812
keccak1600-avx2-rust	keccak1600-x86_64	fixed	asm	272	throughput	2	50646	30629352	151915000	751435058	13458369945	13458369945
keccak1600-avx2-rust	keccak1600-x86_64	fixed	asm	272	latency	2	45272	27483569	136409944	671791552	13485857511	13485857511
keccak1600-avx2-rust	keccak1600-x86_64	runtime	shared	272	throughput	2	50996	29651465	149371757	428162772	13515512235	13515512235
keccak1600-avx2-rust	keccak1600-x86_64	runtime	shared	272	latency	2	50928	29984034	152245418	427693702	13545499698	13545499698
keccak1600-avx2-rust	keccak1600-x86_64	fixed	shared	272	throughput	2	52287	29935824	152896222	434034744	13575439152	13575439152
keccak1600-avx2-rust	keccak1600-x86_64	fixed	shared	272	latency	2	51529	30146334	153784169	427845640	13605589325	13605589325
keccak1600-avx2-rust	keccak1600-x86_64	runtime	stack	272	throughput	2	51668	30147064	153763902	416444429	13635740238	13635740238
keccak1600-avx2-rust	keccak1600-x86_64	runtime	stack	272	latency	2	50659	30135514	153819626	408413206	13665879211	13665879211
keccak1600-avx2-rust	keccak1600-x86_64	fixed	stack	272	throughput	2	51809	30205244	153813011	413177124	13696087754	13696087754
keccak1600-avx2-rust	keccak1600-x86_64	fixed	stack	272	latency	2	50780	30116594	153672932	405072407	13726207737	13726207737
keccak1600-avx2-rust	keccak1600-x86_64	runtime	shared	272	throughput	3	52460	30219794	153656132	440454515	13756430880	13756430880
keccak1600-avx2-rust	keccak1600-x86_64	runtime	shared	272	latency	3	51159	30104484	152978143	429633636	13786540274	13786540274
keccak1600-avx2-rust	keccak1600-x86_64	fixed	shared	272	throughput	3	52575	30203384	153754693	436425429	13816747967	13816747967
keccak1600-avx2-rust	keccak1600-x86_64	fixed	shared	272	latency	3	46511	27296580	138802121	386181179	13844047982	13844047982
keccak1600-avx2-rust	keccak1600-x86_64	runtime	stack	272	throughput	3	51752	30228443	153964849	417121471	13874279885	13874279885
keccak1600-avx2-rust	keccak1600-x86_64	runtime	stack	272	latency	3	50367	29962524	152976661	406059104	13904246159	13904246159
keccak1600-avx2-rust	keccak1600-x86_64	fixed	stack	272	throughput	3	51877	30145173	153982392	413719432	13934395382	13934395382
keccak1600-avx2-rust	keccak1600-x86_64	fixed	stack	272	latency	3	50766	30097684	153597143	404960730	13964498315	13964498315
keccak1600-avx2-rust	keccak1600-x86_64	runtime	asm	272	throughput	3	51752	31492901	155121013	770018362	13995995427	13995995427
keccak1600-avx2-rust	keccak1600-x86_64	runtime	asm	272	latency	3	49858	30464053	151003116	741937250	14026456590	14026456590
keccak1600-avx2-rust	keccak1600-x86_64	fixed	asm	272	throughput	3	49548	29808005	147851283	735144034	14056268123	14056268123
keccak1600-avx2-rust	keccak1600-x86_64	fixed	asm	272	latency	3	46635	28459667	141356342	692017117	14084734798	14084734798
keccak1600-avx2-rust	keccak1600-x86_64	runtime	stack	272	throughput	4	50065	29572375	148954994	403524253	14114310642	14114310642
keccak1600-avx2-rust	keccak1600-x86_64	runtime	stack	272	latency	4	50196	30037413	152432500	404680500	14144345236	14144345236
keccak1600-avx2-rust	keccak1600-x86_64	fixed	stack	272	throughput	4	51849	30136384	153910318	413496127	14174485159	14174485159
keccak1600-avx2-rust	keccak1600-x86_64	fixed	stack	272	latency	4	50673	30046244	153322386	404218869	14204534772	14204534772
keccak1600-avx2-rust	keccak1600-x86_64	runtime	asm	272	throughput	4	51462	31310691	154178328	765703450	14235848804	14235848804
keccak1600-avx2-rust	keccak1600-x86_64	runtime	asm	272	latency	4	49870	30635803	151808580	742115828	14266482737	14266482737
keccak1600-avx2-rust	keccak1600-x86_64	fixed	asm	272	throughput	4	50235	30287003	150183339	745337049	14296773340	14296773340
keccak1600-avx2-rust	keccak1600-x86_64	fixed	asm	272	latency	4	49256	30341163	150457873	730910133	14327120073	14327120073
keccak1600-avx2-rust	keccak1600-x86_64	runtime	shared	272	throughput	4	51200	29787474	150000240	429875550	14356913076	14356913076
keccak1600-avx2-rust	keccak1600-x86_64	runtime	shared	272	latency	4	50955	30033424	152364475	427920436	14386950550	14386950550
keccak1600-avx2-rust	keccak1600-x86_64	fixed	shared	272	throughput	4	52358	30092154	153114477	434624115	14417037963	14417037963
keccak1600-avx2-rust	keccak1600-x86_64	fixed	shared	272	latency	4	51254	30053423	152984846	425562315	14447094916	14447094916
keccak1600-avx2-rust	keccak1600-x86_64	control	empty	272	throughput	0	2000000	2062426	10464848	30000318	14449160544	14449160544
keccak1600-avx2-rust	keccak1600-x86_64	control	empty	272	latency	0	2000000	15510586	78148949	34000345	14464674190	14464674190
keccak1600-avx2-rust	keccak1600-x86_64	runtime	shared	532	throughput	0	39207	30191293	153094315	436727125	14494868743	14494868743
keccak1600-avx2-rust	keccak1600-x86_64	runtime	shared	532	latency	0	38961	30065754	153036971	434064847	14524938147	14524938147
keccak1600-avx2-rust	keccak1600-x86_64	fixed	shared	532	throughput	0	39271	30096833	153007489	432609695	14555038130	14555038130
keccak1600-avx2-rust	keccak1600-x86_64	fixed	shared	532	latency	0	38937	30119774	153029747	429008217	14585161083	14585161083
keccak1600-avx2-rust	keccak1600-x86_64	runtime	stack	532	throughput	0	38577	30018884	153008287	415821829	14615183866	14615183866
keccak1600-avx2-rust	keccak1600-x86_64	runtime	stack	532	latency	0	35281	27661619	141168058	380364812	14642850262	14642850262
keccak1600-avx2-rust	keccak1600-x86_64	fixed	stack	532	throughput	0	38827	30125544	153831478	401549188	14672980256	14672980256
keccak1600-avx2-rust	keccak1600-x86_64	fixed	stack	532	latency	0	38476	30139614	153908516	397996090	14703123899	14703123899
keccak1600-avx2-rust	keccak1600-x86_64	runtime	asm	532	throughput	0	38616	31219052	153764201	763013903	14734346421	14734346421
keccak1600-avx2-rust	keccak1600-x86_64	runtime	asm	532	latency	0	38020	30527333	151652705	751313568	14764877064	14764877064
keccak1600-avx2-rust	keccak1600-x86_64	fixed	asm	532	throughput	0	35352	28347178	140883845	697353900	14793228508	14793228508
keccak1600-avx2-rust	keccak1600-x86_64	fixed	asm	532	latency	0	38155	30672572	152384896	752722193	14823905341	14823905341
keccak1600-avx2-rust	keccak1600-x86_64	runtime	stack	532	throughput	1	37839	29756164	150075647	407866930	14853664785	14853664785
keccak1600-avx2-rust	keccak1600-x86_64	runtime	stack	532	latency	1	36246	28498937	145004659	390768477	14882166799	14882166799
keccak1600-avx2-rust	keccak1600-x86_64	fixed	stack	532	throughput	1	38772	30033864	153633694	400980386	14912203652	14912203652
keccak1600-avx2-rust	keccak1600-x86_64	fixed	stack	532	latency	1	38647	30102374	154512351	399764923	14942309066	14942309066
keccak1600-avx2-rust	keccak1600-x86_64	runtime	asm	532	throughput	1	39239	31621130	156331503	775323752	14973933358	14973933358
keccak1600-avx2-rust	keccak1600-x86_64	runtime	asm	532	latency	1	38049	30453633	151626711	751886640	15004390141	15004390141
keccak1600-avx2-rust	keccak1600-x86_64	fixed	asm	532	throughput	1	37997	30359803	151059975	749529171	15034753134	15034753134
keccak1600-avx2-rust	keccak1600-x86_64	fixed	asm	532	latency	1	37180	29818484	148534134	733487387	15064575418	15064575418
keccak1600-avx2-rust	keccak1600-x86_64	runtime	shared	532	throughput	1	38269	29607625	149381470	426278747	15094187271	15094187271
keccak1600-avx2-rust	keccak1600-x86_64	runtime	shared	532	latency	1	38772	29963245	152281682	431959206	15124154154	15124154154
keccak1600-avx2-rust	keccak1600-x86_64	fixed	shared	532	throughput	1	39490	30129564	153861641	435022193	15154288288	15154288288
keccak1600-avx2-rust	keccak1600-x86_64	fixed	shared	532	latency	1	39143	30112094	153822884	431277926	15184404641	15184404641
keccak1600-avx2-rust	keccak1600-x86_64	runtime	asm	532	throughput	2	39064	31575680	156053140	771865929	15215984263	15215984263
keccak1600-avx2-rust	keccak1600-x86_64	runtime	asm	532	latency	2	25603	20495724	101938382	505941217	15236484134	15236484134
keccak1600-avx2-rust	keccak1600-x86_64	fixed	asm	532	throughput	2	37944	30255954	150489293	748483702	15266743267	15266743267
keccak1600-avx2-rust	keccak1600-x86_64	fixed	asm	532	latency	2	38057	30596722	152059673	750788846	15297337150	15297337150
keccak1600-avx2-rust	keccak1600-x86_64	runtime	shared	532	throughput	2	38231	29627645	149213947	425855458	15326968764	15326968764
keccak1600-avx2-rust	keccak1600-x86_64	runtime	shared	532	latency	2	38842	30056454	152564379	432739081	15357029197	15357029197
keccak1600-avx2-rust	keccak1600-x86_64	fixed	shared	532	throughput	2	39271	30012584	153012402	432609692	15387045100	15387045100
keccak1600-avx2-rust	keccak1600-x86_64	fixed	shared	532	latency	2	39127	30184494	153760941	431101643	15417232723	15417232723
keccak1600-avx2-rust	keccak1600-x86_64	runtime	stack	532	throughput	2	38353	29857664	152151672	413407336	15447094657	15447094657
keccak1600-avx2-rust	keccak1600-x86_64	runtime	stack	532	latency	2	38231	30042764	152925571	412168765	15477141711	15477141711
keccak1600-avx2-rust	keccak1600-x86_64	fixed	stack	532	throughput	2	36565	28417158	144879654	378155587	15505562125	15505562125
keccak1600-avx2-rust	keccak1600-x86_64	fixed	stack	532	latency	2	38446	30097153	153750505	397685776	15535662389	15535662389
keccak1600-avx2-rust	keccak1600-x86_64	runtime	shared	532	throughput	3	39159	29932914	152873671	436192452	15565598622	15565598622
keccak1600-avx2-rust	keccak1600-x86_64	runtime	shared	532	latency	3	39143	30121904	153751100	436092519	15595724375	15595724375
keccak1600-avx2-rust	keccak1600-x86_64	fixed	shared	532	throughput	3	39271	30062703	153015104	432609695	15625791328	15625791328
keccak1600-avx2-rust	keccak1600-x86_64	fixed	shared	532	latency	3	38523	29628945	151377041	424446767	15655423902	15655423902
keccak1600-avx2-rust	keccak1600-x86_64	runtime	stack	532	throughput	3	38780	30107613	153816099	418009974	15685534515	15685534515
keccak1600-avx2-rust	keccak1600-x86_64	runtime	stack	532	latency	3	38415	30104174	153794768	414152473	15715641798	15715641798
keccak1600-avx2-rust	keccak1600-x86_64	fixed	stack	532	throughput	3	36781	28526007	145696853	380389458	15744166633	15744166633
keccak1600-avx2-rust	keccak1600-x86_64	fixed	stack	532	latency	3	38446	30083244	153733001	397685781	15774253226	15774253226
keccak1600-avx2-rust	keccak1600-x86_64	runtime	asm	532	throughput	3	39025	31474691	155327309	771095331	15805731008	15805731008
keccak1600-avx2-rust	keccak1600-x86_64	runtime	asm	532	latency	3	38027	30470213	151613206	751451899	15836204531	15836204531
keccak1600-avx2-rust	keccak1600-x86_64	fixed	asm	532	throughput	3	38133	30602552	152042845	752211919	15866810563	15866810563
keccak1600-avx2-rust	keccak1600-x86_64	fixed	asm	532	latency	3	37750	30418453	150918257	744732345	15897232306	15897232306
keccak1600-avx2-rust	keccak1600-x86_64	runtime	stack	532	throughput	4	37787	29754295	149930537	407306420	15926989910	15926989910
keccak1600-avx2-rust	keccak1600-x86_64	runtime	stack	532	latency	4	38050	29980215	152256827	410217398	15956973813	15956973813
keccak1600-avx2-rust	keccak1600-x86_64	fixed	stack	532	throughput	4	38640	30003344	153119984	399615237	15986981686	15986981686
keccak1600-avx2-rust	keccak1600-x86_64	fixed	stack	532	latency	4	29887	23403458	119563224	309151473	16010388665	16010388665
keccak1600-avx2-rust	keccak1600-x86_64	runtime	asm	532	throughput	4	39016	31659881	155893976	770917502	16042052117	16042052117
keccak1600-avx2-rust	keccak1600-x86_64	runtime	asm	532	latency	4	28343	22845140	113303817	560086363	16064901637	16064901637
keccak1600-avx2-rust	keccak1600-x86_64	fixed	asm	532	throughput	4	38027	30475133	151216830	750120956	16095381540	16095381540
keccak1600-avx2-rust	keccak1600-x86_64	fixed	asm	532	latency	4	37952	30528693	151338618	748717411	16125907853	16125907853
keccak1600-avx2-rust	keccak1600-x86_64	runtime	shared	532	throughput	4	38224	29672355	149261870	425777491	16155584397	16155584397
keccak1600-avx2-rust	keccak1600-x86_64	runtime	shared	532	latency	4	38772	30067503	152308313	431959207	16185655760	16185655760
keccak1600-avx2-rust	keccak1600-x86_64	fixed	shared	532	throughput	4	39247	30102084	152941910	432345305	16215762963	16215762963
keccak1600-avx2-rust	keccak1600-x86_64	fixed	shared	532	latency	4	38953	30136074	153086952	429184506	16245897336	16245897336
keccak1600-avx2-rust	keccak1600-x86_64	control	empty	532	throughput	0	2000000	2398495	12110462	30000317	16248299694	16248299694
keccak1600-avx2-rust	keccak1600-x86_64	control	empty	532	latency	0	2000000	3219353	16101924	34000323	16251522171	16251522171
keccak1600-avx2-rust	keccak1600-x86_64	runtime	shared	1024	throughput	0	19339	29854634	150884284	430003009	16281380175	16281380175
keccak1600-avx2-rust	keccak1600-x86_64	runtime	shared	1024	latency	0	19567	30106293	153061456	435111732	16311489988	16311489988
keccak1600-avx2-rust	keccak1600-x86_64	fixed	shared	1024	throughput	0	19645	30096564	152998078	431954611	16341590241	16341590241
keccak1600-avx2-rust	keccak1600-x86_64	fixed	shared	1024	latency	0	19565	30132303	153063742	430234705	16371718664	16371718664
keccak1600-avx2-rust	keccak1600-x86_64	runtime	stack	1024	throughput	0	18563	29091696	147222632	402279121	16400818048	16400818048
keccak1600-avx2-rust	keccak1600-x86_64	runtime	stack	1024	latency	0	19236	30134914	153196034	416902182	16430958991	16430958991
keccak1600-avx2-rust	keccak1600-x86_64	fixed	stack	1024	throughput	0	19347	29988384	152910396	399573942	16460951004	16460951004
keccak1600-avx2-rust	keccak1600-x86_64	fixed	stack	1024	latency	0	19350	30163033	153794922	399674601	16491117487	16491117487
keccak1600-avx2-rust	keccak1600-x86_64	runtime	asm	1024	throughput	0	18899	30343073	149498687	742636558	16521463950	16521463950
keccak1600-avx2-rust	keccak1600-x86_64	runtime	asm	1024	latency	0	19077	30334613	150463825	749669220	16551801853	16551801853
keccak1600-avx2-rust	keccak1600-x86_64	fixed	asm	1024	throughput	0	19207	30542702	151567916	754086377	16582347906	16582347906
keccak1600-avx2-rust	keccak1600-x86_64	fixed	asm	1024	latency	0	19108	30478203	151195641	750237748	16612829619	16612829619
keccak1600-avx2-rust	keccak1600-x86_64	runtime	stack	1024	throughput	1	18834	29639104	149343590	408151955	16642472733	16642472733
keccak1600-avx2-rust	keccak1600-x86_64	runtime	stack	1024	latency	1	18392	28856276	146477735	398610158	16671332417	16671332417
keccak1600-avx2-rust	keccak1600-x86_64	fixed	stack	1024	throughput	1	18584	28763857	146881435	383815695	16700099512	16700099512
keccak1600-avx2-rust	keccak1600-x86_64	fixed	stack	1024	latency	1	19360	30066923	153870970	399881145	16730170216	16730170216
keccak1600-avx2-rust	keccak1600-x86_64	runtime	asm	1024	throughput	1	19421	31286321	153785026	763148544	16761462638	16761462638
keccak1600-avx2-rust	keccak1600-x86_64	runtime	asm	1024	latency	1	19094	30550953	151431843	750337270	16792023180	16792023180
keccak1600-avx2-rust	keccak1600-x86_64	fixed	asm	1024	throughput	1	19040	30417573	150755214	747529789	16822447983	16822447983
keccak1600-avx2-rust	keccak1600-x86_64	fixed	asm	1024	latency	1	18523	29651855	146979929	727268900	16852104307	16852104307
keccak1600-avx2-rust	keccak1600-x86_64	runtime	shared	1024	throughput	1	19140	29677355	149350287	425578249	16881785750	16881785750
keccak1600-avx2-rust	keccak1600-x86_64	runtime	shared	1024	latency	1	19466	30021513	152280473	432865794	16911810793	16911810793
keccak1600-avx2-rust	keccak1600-x86_64	fixed	shared	1024	throughput	1	19651	30178474	153042037	432086535	16941992496	16941992496
keccak1600-avx2-rust	keccak1600-x86_64	fixed	shared	1024	latency	1	19557	30030093	153023551	430058777	16972025810	16972025810
keccak1600-avx2-rust	keccak1600-x86_64	runtime	asm	1024	throughput	2	18755	29916964	148107506	736978068	17001946124	17001946124
keccak1600-avx2-rust	keccak1600-x86_64	runtime	asm	1024	latency	2	18675	29643575	147525189	733871818	17031592977	17031592977
keccak1600-avx2-rust	keccak1600-x86_64	fixed	asm	1024	throughput	2	19227	30576023	152150303	754871596	17062172440	17062172440
keccak1600-avx2-rust	keccak1600-x86_64	fixed	asm	1024	latency	2	19159	30354443	151261294	752240165	17092530273	17092530273
keccak1600-avx2-rust	keccak1600-x86_64	runtime	shared	1024	throughput	2	19173	29656975	149598880	426312000	17122190476	17122190476
keccak1600-avx2-rust	keccak1600-x86_64	runtime	shared	1024	latency	2	19567	30116844	153069474	435111727	17152310420	17152310420
keccak1600-avx2-rust	keccak1600-x86_64	fixed	shared	1024	throughput	2	19742	30249484	153751600	434087439	17182563114	17182563114
keccak1600-avx2-rust	keccak1600-x86_64	fixed	shared	1024	latency	2	19555	30013624	153008662	430014795	17212579858	17212579858
keccak1600-avx2-rust	keccak1600-x86_64	runtime	stack	1024	throughput	2	19421	30146494	153957266	420872838	17242729611	17242729611
keccak1600-avx2-rust	keccak1600-x86_64	runtime	stack	1024	latency	2	19300	30115064	153705057	418289255	17272840464	17272840464
keccak1600-avx2-rust	keccak1600-x86_64	fixed	stack	1024	throughput	2	19452	30109073	153737889	401742507	17302952777	17302952777
keccak1600-avx2-rust	keccak1600-x86_64	fixed	stack	1024	latency	2	19360	30125054	153850070	399881147	17333081120	17333081120
keccak1600-avx2-rust	keccak1600-x86_64	runtime	shared	1024	throughput	3	19708	30107164	153771906	438207736	17363191573	17363191573
keccak1600-avx2-rust	keccak1600-x86_64	runtime	shared	1024	latency	3	19662	30113564	153821933	437224250	17393308246	17393308246
keccak1600-avx2-rust	keccak1600-x86_64	fixed	shared	1024	throughput	3	19818	30243354	154341050	435758535	17423554819	17423554819
keccak1600-avx2-rust	keccak1600-x86_64	fixed	shared	1024	latency	3	19559	30080834	153020533	430102756	17453639032	17453639032
keccak1600-avx2-rust	keccak1600-x86_64	runtime	stack	1024	throughput	3	19223	30117113	152335510	416581986	17483760125	17483760125
keccak1600-avx2-rust	keccak1600-x86_64	runtime	stack	1024	latency	3	18447	28884296	146887691	399802180	17512647710	17512647710
keccak1600-avx2-rust	keccak1600-x86_64	fixed	stack	1024	throughput	3	18786	29050226	148393625	387987609	17541701334	17541701334
keccak1600-avx2-rust	keccak1600-x86_64	fixed	stack	1024	latency	3	19354	30073404	153816998	399757223	17571778087	17571778087
keccak1600-avx2-rust	keccak1600-x86_64	runtime	asm	1024	throughput	3	19640	31616751	155665839	771754151	17603398269	17603398269
keccak1600-avx2-rust	keccak1600-x86_64	runtime	asm	1024	latency	3	19182	30568743	151781229	753795403	17633970232	17633970232
keccak1600-avx2-rust	keccak1600-x86_64	fixed	asm	1024	throughput	3	19134	30474923	151205084	751220325	17664448375	17664448375
keccak1600-avx2-rust	keccak1600-x86_64	fixed	asm	1024	latency	3	19062	30433293	151170082	748431654	17694884878	17694884878
keccak1600-avx2-rust	keccak1600-x86_64	runtime	stack	1024	throughput	4	18275	28746337	144902431	396037869	17723634422	17723634422
keccak1600-avx2-rust	keccak1600-x86_64	runtime	stack	1024	latency	4	19129	30005884	152344043	414583165	17753643515	17753643515
keccak1600-avx2-rust	keccak1600-x86_64	fixed	stack	1024	throughput	4	18808	29118806	148720829	388441974	17782765449	17782765449
keccak1600-avx2-rust	keccak1600-x86_64	fixed	stack	1024	latency	4	19464	30278033	154684916	402029266	17813046572	17813046572
keccak1600-avx2-rust	keccak1600-x86_64	runtime	asm	1024	throughput	4	19672	31602270	155809066	773011589	17844652024	17844652024
keccak1600-avx2-rust	keccak1600-x86_64	runtime	asm	1024	latency	4	19083	30622872	151786845	749905000	17875278807	17875278807
keccak1600-avx2-rust	keccak1600-x86_64	fixed	asm	1024	throughput	4	19123	30559953	151566573	750788456	17905843489	17905843489
keccak1600-avx2-rust	keccak1600-x86_64	fixed	asm	1024	latency	4	19112	30713353	152352305	750394804	17936561332	17936561332
keccak1600-avx2-rust	keccak1600-x86_64	runtime	shared	1024	throughput	4	18355	28437047	143240421	408123773	17964995117	17964995117
keccak1600-avx2-rust	keccak1600-x86_64	runtime	shared	1024	latency	4	19460	29969303	152212731	432732374	17994967701	17994967701
keccak1600-avx2-rust	keccak1600-x86_64	fixed	shared	1024	throughput	4	19649	29973644	153017390	432042562	18024944634	18024944634
keccak1600-avx2-rust	keccak1600-x86_64	fixed	shared	1024	latency	4	19664	30128204	153852057	432411711	18055076197	18055076197
keccak1600-avx2-rust	keccak1600-x86_64	control	empty	1024	throughput	0	2000000	2380914	12025229	30000319	18057460205	18057460205
keccak1600-avx2-rust	keccak1600-x86_64	control	empty	1024	latency	0	2000000	3222403	16065973	34000321	18060685532	18060685532
keccak1600-avx2-rust	keccak1600-x86_64	runtime	shared	4096	throughput	0	4932	29388155	149024431	424024119	18090077046	18090077046
keccak1600-avx2-rust	keccak1600-x86_64	runtime	shared	4096	latency	0	5062	29999704	153039427	435210858	18120079919	18120079919
keccak1600-avx2-rust	keccak1600-x86_64	fixed	shared	4096	throughput	0	5042	29871114	152291127	430395556	18149954502	18149954502
keccak1600-avx2-rust	keccak1600-x86_64	fixed	shared	4096	latency	0	5056	30030974	152850505	431600734	18179982335	18179982335
keccak1600-avx2-rust	keccak1600-x86_64	runtime	stack	4096	throughput	0	4959	29816484	152296245	418053958	18209801968	18209801968
keccak1600-avx2-rust	keccak1600-x86_64	runtime	stack	4096	latency	0	5004	30122954	153806020	421857567	18239928281	18239928281
keccak1600-avx2-rust	keccak1600-x86_64	fixed	stack	4096	throughput	0	4971	29806954	152277820	397327408	18269739244	18269739244
keccak1600-avx2-rust	keccak1600-x86_64	fixed	stack	4096	latency	0	4975	29886234	152611617	397657078	18299624807	18299624807
keccak1600-avx2-rust	keccak1600-x86_64	runtime	asm	4096	throughput	0	5075	31566701	155347607	769517534	18331194549	18331194549
keccak1600-avx2-rust	keccak1600-x86_64	runtime	asm	4096	latency	0	4934	30503032	151078740	748147721	18361685922	18361685922
keccak1600-avx2-rust	keccak1600-x86_64	fixed	asm	4096	throughput	0	4766	29260546	145098605	722478290	18390949756	18390949756
keccak1600-avx2-rust	keccak1600-x86_64	fixed	asm	4096	latency	0	4954	30449123	150987781	750987123	18421402259	18421402259
keccak1600-avx2-rust	keccak1600-x86_64	runtime	stack	4096	throughput	1	4863	29660084	149385665	409960979	18451066372	18451066372
keccak1600-avx2-rust	keccak1600-x86_64	runtime	stack	4096	latency	1	4952	29979424	152213060	417473758	18481049385	18481049385
keccak1600-avx2-rust	keccak1600-x86_64	fixed	stack	4096	throughput	1	4952	29765784	151719338	395808763	18510819218	18510819218
keccak1600-avx2-rust	keccak1600-x86_64	fixed	stack	4096	latency	1	4968	29835605	152410513	397097559	18540658761	18540658761
keccak1600-avx2-rust	keccak1600-x86_64	runtime	asm	4096	throughput	1	4856	30106684	148149575	736310776	18570769554	18570769554
keccak1600-avx2-rust	keccak1600-x86_64	runtime	asm	4096	latency	1	4855	30259353	150043272	736168855	18601032967	18601032967
keccak1600-avx2-rust	keccak1600-x86_64	fixed	asm	4096	throughput	1	4767	29684395	147072339	722629875	18630721541	18630721541
keccak1600-avx2-rust	keccak1600-x86_64	fixed	asm	4096	latency	1	4923	30590612	151629850	746287766	18661317074	18661317074
keccak1600-avx2-rust	keccak1600-x86_64	runtime	shared	4096	throughput	1	4897	29364175	147962280	421015028	18690685688	18690685688
keccak1600-avx2-rust	keccak1600-x86_64	runtime	shared	4096	latency	1	4988	29722055	150826188	428848639	18720412072	18720412072
keccak1600-avx2-rust	keccak1600-x86_64	fixed	shared	4096	throughput	1	5067	29989464	153028032	432529609	18750405966	18750405966
keccak1600-avx2-rust	keccak1600-x86_64	fixed	shared	4096	latency	1	5088	30111483	153809625	434332390	18780521299	18780521299
keccak1600-avx2-rust	keccak1600-x86_64	runtime	asm	4096	throughput	2	5095	31884750	157505488	772550109	18812410211	18812410211
keccak1600-avx2-rust	keccak1600-x86_64	runtime	asm	4096	latency	2	4936	30529413	151891052	748450966	18842943494	18842943494
keccak1600-avx2-rust	keccak1600-x86_64	fixed	asm	4096	throughput	2	4980	30681382	152530918	754918551	18873628396	18873628396
keccak1600-avx2-rust	keccak1600-x86_64	fixed	asm	4096	latency	2	4892	29904124	148971351	741588413	18903536289	18903536289
keccak1600-avx2-rust	keccak1600-x86_64	runtime	shared	4096	throughput	2	4967	29763235	150077028	427033211	18933303522	18933303522
keccak1600-avx2-rust	keccak1600-x86_64	runtime	shared	4096	latency	2	5063	30084753	153074241	435296840	18963392475	18963392475
keccak1600-avx2-rust	keccak1600-x86_64	fixed	shared	4096	throughput	2	5043	29816654	152310224	430480919	18993212768	18993212768
keccak1600-avx2-rust	keccak1600-x86_64	fixed	shared	4096	latency	2	5087	30104664	153766373	434247021	19023321371	19023321371
keccak1600-avx2-rust	keccak1600-x86_64	runtime	stack	4096	throughput	2	4953	29782294	152133896	417548160	19053107755	19053107755
keccak1600-avx2-rust	keccak1600-x86_64	runtime	stack	4096	latency	2	5000	30074624	153665514	421520354	19083186048	19083186048
keccak1600-avx2-rust	keccak1600-x86_64	fixed	stack	4096	throughput	2	4973	29732704	152335695	397487271	19112922722	19112922722
keccak1600-avx2-rust	keccak1600-x86_64	fixed	stack	4096	latency	2	4965	29827495	152288833	396857767	19142753746	19142753746
keccak1600-avx2-rust	keccak1600-x86_64	runtime	shared	4096	throughput	3	5066	30033043	153061313	435544637	19172790439	19172790439
keccak1600-avx2-rust	keccak1600-x86_64	runtime	shared	4096	latency	3	5042	29834785	152422165	433491341	19202628423	19202628423
keccak1600-avx2-rust	keccak1600-x86_64	fixed	shared	4096	throughput	3	5090	30156914	153728794	434492930	19232781097	19232781097
keccak1600-avx2-rust	keccak1600-x86_64	fixed	shared	4096	latency	3	4978	29456415	150464760	424942344	19262240911	19262240911
keccak1600-avx2-rust	keccak1600-x86_64	runtime	stack	4096	throughput	3	4964	29838784	152466903	418475480	19292083314	19292083314
keccak1600-avx2-rust	keccak1600-x86_64	runtime	stack	4096	latency	3	4939	29715015	151794157	416377811	19321801557	19321801557
keccak1600-avx2-rust	keccak1600-x86_64	fixed	stack	4096	throughput	3	5021	30117473	153826788	401323861	19351922600	19351922600
keccak1600-avx2-rust	keccak1600-x86_64	fixed	stack	4096	latency	3	4958	29767425	152084148	396298253	19381694364	19381694364
keccak1600-avx2-rust	keccak1600-x86_64	runtime	asm	4096	throughput	3	5096	31492030	155298916	772701742	19413189606	19413189606
keccak1600-avx2-rust	keccak1600-x86_64	runtime	asm	4096	latency	3	4648	28687337	142341294	704781230	19441880271	19441880271
keccak1600-avx2-rust	keccak1600-x86_64	fixed	asm	4096	throughput	3	4911	30166723	149781565	744458833	19472050484	19472050484
keccak1600-avx2-rust	keccak1600-x86_64	fixed	asm	4096	latency	3	4891	30251514	150261709	741436825	19502307637	19502307637
keccak1600-avx2-rust	keccak1600-x86_64	runtime	stack	4096	throughput	4	4811	29464585	147779079	405577269	19531781781	19531781781
keccak1600-avx2-rust	keccak1600-x86_64	runtime	stack	4096	latency	4	4883	29658435	150095347	411656782	19561448434	19561448434
keccak1600-avx2-rust	keccak1600-x86_64	fixed	stack	4096	throughput	4	4941	29778594	151358500	394929542	19591235587	19591235587
keccak1600-avx2-rust	keccak1600-x86_64	fixed	stack	4096	latency	4	4989	30090624	153047651	398776109	19621330630	19621330630
keccak1600-avx2-rust	keccak1600-x86_64	runtime	asm	4096	throughput	4	5045	31077551	153772278	764968658	19652412312	19652412312
keccak1600-avx2-rust	keccak1600-x86_64	runtime	asm	4096	latency	4	4943	30825422	152939465	749512380	19683241664	19683241664
keccak1600-avx2-rust	keccak1600-x86_64	fixed	asm	4096	throughput	4	4861	29742635	147721308	736879339	19712988347	19712988347
keccak1600-avx2-rust	keccak1600-x86_64	fixed	asm	4096	latency	4	4912	30175773	149884331	744620254	19743167920	19743167920
keccak1600-avx2-rust	keccak1600-x86_64	runtime	shared	4096	throughput	4	4931	29577175	148998914	423938150	19772750693	19772750693
keccak1600-avx2-rust	keccak1600-x86_64	runtime	shared	4096	latency	4	5040	30117883	152403594	433319385	19802873096	19802873096
keccak1600-avx2-rust	keccak1600-x86_64	fixed	shared	4096	throughput	4	5042	30063634	152275299	430395555	19832940719	19832940719
keccak1600-avx2-rust	keccak1600-x86_64	fixed	shared	4096	latency	4	5013	30097494	151521699	427930085	19863041792	19863041792
keccak1600-avx2-rust	keccak1600-x86_64	control	empty	4096	throughput	0	2000000	1990855	10002773	30000320	19865036130	19865036130
keccak1600-avx2-rust	keccak1600-x86_64	control	empty	4096	latency	0	2000000	2446995	12213145	34000320	19867486078	19867486078
keccak1600-avx2-rust	keccak1600-x86_64	runtime	shared	16384	throughput	0	1271	29857245	149828266	426095479	19897346961	19897346961
keccak1600-avx2-rust	keccak1600-x86_64	runtime	shared	16384	latency	0	1264	29913044	149026585	423751301	19927264424	19927264424
keccak1600-avx2-rust	keccak1600-x86_64	fixed	shared	16384	throughput	0	1267	29973594	149202683	421034592	19957242188	19957242188
keccak1600-avx2-rust	keccak1600-x86_64	fixed	shared	16384	latency	0	1259	29925624	148309714	418378641	19987164531	19987164531
keccak1600-avx2-rust	keccak1600-x86_64	runtime	stack	16384	throughput	0	1239	29936934	148589330	408089781	20017106264	20017106264
keccak1600-avx2-rust	keccak1600-x86_64	runtime	stack	16384	latency	0	1242	30060604	148956429	409080375	20047171288	20047171288
keccak1600-avx2-rust	keccak1600-x86_64	fixed	stack	16384	throughput	0	1244	30031834	148790034	388188062	20077207931	20077207931
keccak1600-avx2-rust	keccak1600-x86_64	fixed	stack	16384	latency	0	1245	30069573	148908885	388502602	20107273855	20107273855
keccak1600-avx2-rust	keccak1600-x86_64	runtime	asm	16384	throughput	0	1163	28545337	139969747	687550826	20135824710	20135824710
keccak1600-avx2-rust	keccak1600-x86_64	runtime	asm	16384	latency	0	1249	30569382	149771598	738395415	20166399543	20166399543
keccak1600-avx2-rust	keccak1600-x86_64	fixed	asm	16384	throughput	0	1242	30016324	147234361	734209897	20196420386	20196420386
keccak1600-avx2-rust	keccak1600-x86_64	fixed	asm	16384	latency	0	1250	30438122	148969665	738941602	20226854979	20226854979
keccak1600-avx2-rust	keccak1600-x86_64	runtime	stack	16384	throughput	1	1225	29650835	146907275	403478600	20256509622	20256509622
keccak1600-avx2-rust	keccak1600-x86_64	runtime	stack	16384	latency	1	1238	29945285	148455499	407762886	20286458805	20286458805
keccak1600-avx2-rust	keccak1600-x86_64	fixed	stack	16384	throughput	1	1251	29987664	149614653	390372402	20316451308	20316451308
keccak1600-avx2-rust	keccak1600-x86_64	fixed	stack	16384	latency	1	1256	29893224	150231594	391935151	20346339281	20346339281
keccak1600-avx2-rust	keccak1600-x86_64	runtime	asm	16384	throughput	1	1263	30891372	151215341	746669532	20377234294	20377234294
keccak1600-avx2-rust	keccak1600-x86_64	runtime	asm	16384	latency	1	1263	30612012	151088309	746672055	20407849937	20407849937
keccak1600-avx2-rust	keccak1600-x86_64	fixed	asm	16384	throughput	1	1228	29706614	146632712	725933778	20437560561	20437560561
keccak1600-avx2-rust	keccak1600-x86_64	fixed	asm	16384	latency	1	1260	30673933	151486247	744853134	20468239104	20468239104
keccak1600-avx2-rust	keccak1600-x86_64	runtime	shared	16384	throughput	1	1251	29401075	147468501	419390597	20497644958	20497644958
keccak1600-avx2-rust	keccak1600-x86_64	runtime	shared	16384	latency	1	1276	30048974	150439887	427774241	20527698352	20527698352
keccak1600-avx2-rust	keccak1600-x86_64	fixed	shared	16384	throughput	1	1277	30023714	150390645	424357664	20557725705	20557725705
keccak1600-avx2-rust	keccak1600-x86_64	fixed	shared	16384	latency	1	1272	29812864	149855264	422698668	20587542368	20587542368
keccak1600-avx2-rust	keccak1600-x86_64	runtime	asm	16384	throughput	2	1230	29981484	148412346	727160362	20617527392	20617527392
keccak1600-avx2-rust	keccak1600-x86_64	runtime	asm	16384	latency	2	1206	29299366	145142455	712974283	20646830746	20646830746
keccak1600-avx2-rust	keccak1600-x86_64	fixed	asm	16384	throughput	2	1259	30321953	150189808	744259456	20677156699	20677156699
keccak1600-avx2-rust	keccak1600-x86_64	fixed	asm	16384	latency	2	1255	30170784	149571851	741897363	20707331263	20707331263
keccak1600-avx2-rust	keccak1600-x86_64	runtime	shared	16384	throughput	2	1263	29638734	148881591	423413521	20736973577	20736973577
keccak1600-avx2-rust	keccak1600-x86_64	runtime	shared	16384	latency	2	1278	29956494	150665536	428444734	20766933400	20766933400
keccak1600-avx2-rust	keccak1600-x86_64	fixed	shared	16384	throughput	2	1273	29790445	149919034	423028438	20796728003	20796728003
keccak1600-avx2-rust	keccak1600-x86_64	fixed	shared	16384	latency	2	1282	29946554	151013915	426021773	20826678067	20826678067
keccak1600-avx2-rust	keccak1600-x86_64	runtime	stack	16384	throughput	2	1266	30382533	151791153	416982773	20857064430	20857064430
keccak1600-avx2-rust	keccak1600-x86_64	runtime	stack	16384	latency	2	1239	29830084	148577345	408092261	20886897914	20886897914
keccak1600-avx2-rust	keccak1600-x86_64	fixed	stack	16384	throughput	2	1258	30195083	150413897	392556737	20917096137	20917096137
keccak1600-avx2-rust	keccak1600-x86_64	fixed	stack	16384	latency	2	1250	29826854	149486717	390062858	20946926911	20946926911
keccak1600-avx2-rust	keccak1600-x86_64	runtime	shared	16384	throughput	3	1283	29963474	151228872	430118407	20976893815	20976893815
keccak1600-avx2-rust	keccak1600-x86_64	runtime	shared	16384	latency	3	1284	29905154	151393053	430456216	21006793128	21006793128
keccak1600-avx2-rust	keccak1600-x86_64	fixed	shared	16384	throughput	3	1293	30028934	152279386	429674596	21036825701	21036825701
keccak1600-avx2-rust	keccak1600-x86_64	fixed	shared	16384	latency	3	1288	30105093	151723723	428015628	21066934425	21066934425
keccak1600-avx2-rust	keccak1600-x86_64	runtime	stack	16384	throughput	3	1257	29958814	150719345	414018438	21096897218	21096897218
keccak1600-avx2-rust	keccak1600-x86_64	runtime	stack	16384	latency	3	1260	29896734	151082700	415009070	21126797842	21126797842
keccak1600-avx2-rust	keccak1600-x86_64	fixed	stack	16384	throughput	3	1269	29907534	151748866	395989263	21156709056	21156709056
keccak1600-avx2-rust	keccak1600-x86_64	fixed	stack	16384	latency	3	1277	30076664	152743630	398488200	21186783459	21186783459
keccak1600-avx2-rust	keccak1600-x86_64	runtime	asm	16384	throughput	3	1279	31361721	153249142	756128515	21218151672	21218151672
keccak1600-avx2-rust	keccak1600-x86_64	runtime	asm	16384	latency	3	1182	29081916	143426476	698785743	21247239326	21247239326
keccak1600-avx2-rust	keccak1600-x86_64	fixed	asm	16384	throughput	3	1255	30364573	149081476	741894859	21277609169	21277609169
keccak1600-avx2-rust	keccak1600-x86_64	fixed	asm	16384	latency	3	1232	29975574	146340270	728300853	21307589233	21307589233
keccak1600-avx2-rust	keccak1600-x86_64	runtime	stack	16384	throughput	4	1216	29743554	145820012	400514270	21337338356	21337338356
keccak1600-avx2-rust	keccak1600-x86_64	runtime	stack	16384	latency	4	1224	30061043	146762646	403151676	21367406599	21367406599
keccak1600-avx2-rust	keccak1600-x86_64	fixed	stack	16384	throughput	4	1221	29951314	146017852	381010964	21397363933	21397363933
keccak1600-avx2-rust	keccak1600-x86_64	fixed	stack	16384	latency	4	1225	30075163	146531170	382261608	21427445396	21427445396
keccak1600-avx2-rust	keccak1600-x86_64	runtime	asm	16384	throughput	4	1235	30654773	148974373	730116295	21458106909	21458106909
keccak1600-avx2-rust	keccak1600-x86_64	runtime	asm	16384	latency	4	1234	30183544	146752860	729527580	21488296202	21488296202
keccak1600-avx2-rust	keccak1600-x86_64	fixed	asm	16384	throughput	4	1244	30395123	147615525	735392202	21518696655	21518696655
keccak1600-avx2-rust	keccak1600-x86_64	fixed	asm	16384	latency	4	1183	29063086	141029482	699334349	21547765469	21547765469
keccak1600-avx2-rust	keccak1600-x86_64	runtime	shared	16384	throughput	4	1232	29815385	145240854	413020963	21577586163	21577586163
keccak1600-avx2-rust	keccak1600-x86_64	runtime	shared	16384	latency	4	1235	29623915	145623453	414029166	21607206747	21607206747
keccak1600-avx2-rust	keccak1600-x86_64	fixed	shared	16384	throughput	4	1270	29960324	149574266	422031514	21637171290	21637171290
keccak1600-avx2-rust	keccak1600-x86_64	fixed	shared	16384	latency	4	1279	29878314	150675828	425024846	21667053903	21667053903
keccak1600-avx2-rust	keccak1600-x86_64	control	empty	16384	throughput	0	2000000	1995746	10047469	30000319	21669053051	21669053051
keccak1600-avx2-rust	keccak1600-x86_64	control	empty	16384	latency	0	2000000	2470615	12198519	34000320	21671526749	21671526749
keccak1600-avx2-rust	keccak1600-x86_64	runtime	shared	131072	throughput	0	160	29825074	150243421	427255393	21701355953	21701355953
keccak1600-avx2-rust	keccak1600-x86_64	runtime	shared	131072	latency	0	161	30029194	151185017	429926062	21731389756	21731389756
keccak1600-avx2-rust	keccak1600-x86_64	fixed	shared	131072	throughput	0	160	29999084	150163655	422777634	21761394079	21761394079
keccak1600-avx2-rust	keccak1600-x86_64	fixed	shared	131072	latency	0	159	29859814	149232756	420135595	21791251322	21791251322
keccak1600-avx2-rust	keccak1600-x86_64	runtime	stack	131072	throughput	0	156	29937504	148978025	409478356	21821193096	21821193096
keccak1600-avx2-rust	keccak1600-x86_64	runtime	stack	131072	latency	0	156	30041354	148987967	409478667	21851239699	21851239699
keccak1600-avx2-rust	keccak1600-x86_64	fixed	stack	131072	throughput	0	156	29953424	148599356	387841624	21881186662	21881186662
keccak1600-avx2-rust	keccak1600-x86_64	fixed	stack	131072	latency	0	157	30016374	149562320	390328103	21911208816	21911208816
keccak1600-avx2-rust	keccak1600-x86_64	runtime	asm	131072	throughput	0	155	29993794	147220628	729802200	21941207839	21941207839
keccak1600-avx2-rust	keccak1600-x86_64	runtime	asm	131072	latency	0	154	30049034	147383133	725094107	21971256672	21971256672
keccak1600-avx2-rust	keccak1600-x86_64	fixed	asm	131072	throughput	0	155	29816844	146458490	729797233	22001079085	22001079085
keccak1600-avx2-rust	keccak1600-x86_64	fixed	asm	131072	latency	0	155	30034044	148098567	729797545	22031122188	22031122188
keccak1600-avx2-rust	keccak1600-x86_64	runtime	stack	131072	throughput	1	155	30071094	148015913	406853498	22061192041	22061192041
keccak1600-avx2-rust	keccak1600-x86_64	runtime	stack	131072	latency	1	155	29652275	148028081	406853801	22090850914	22090850914
keccak1600-avx2-rust	keccak1600-x86_64	fixed	stack	131072	throughput	1	157	29665335	149543637	390327785	22120526177	22120526177
keccak1600-avx2-rust	keccak1600-x86_64	fixed	stack	131072	latency	1	159	29860995	151450145	395300426	22150392380	22150392380
keccak1600-avx2-rust	keccak1600-x86_64	runtime	asm	131072	throughput	1	154	29607605	146875244	725093802	22180003883	22180003883
keccak1600-avx2-rust	keccak1600-x86_64	runtime	asm	131072	latency	1	157	30295323	150253430	739219306	22210303506	22210303506
keccak1600-avx2-rust	keccak1600-x86_64	fixed	asm	131072	throughput	1	157	30161224	149696077	739213970	22240469289	22240469289
keccak1600-avx2-rust	keccak1600-x86_64	fixed	asm	131072	latency	1	156	29998304	148679570	734505915	22270473052	22270473052
keccak1600-avx2-rust	keccak1600-x86_64	runtime	shared	131072	throughput	1	160	29734424	150261351	427255393	22300212165	22300212165
keccak1600-avx2-rust	keccak1600-x86_64	runtime	shared	131072	latency	1	162	29889624	152134896	432596403	22330106558	22330106558
keccak1600-avx2-rust	keccak1600-x86_64	fixed	shared	131072	throughput	1	162	29839574	152043005	428062344	22359950922	22359950922
keccak1600-avx2-rust	keccak1600-x86_64	fixed	shared	131072	latency	1	163	29952384	152986540	430705035	22389907135	22389907135
keccak1600-avx2-rust	keccak1600-x86_64	runtime	asm	131072	throughput	2	154	29420375	145994200	725093798	22419331549	22419331549
keccak1600-avx2-rust	keccak1600-x86_64	runtime	asm	131072	latency	2	157	30116764	149603623	739219308	22449452783	22449452783
keccak1600-avx2-rust	keccak1600-x86_64	fixed	asm	131072	throughput	2	157	30046194	149339017	739213967	22479502806	22479502806
keccak1600-avx2-rust	keccak1600-x86_64	fixed	asm	131072	latency	2	157	29993624	149270117	739214278	22509500949	22509500949
keccak1600-avx2-rust	keccak1600-x86_64	runtime	shared	131072	throughput	2	161	29831144	151195536	429925735	22539335942	22539335942
keccak1600-avx2-rust	keccak1600-x86_64	runtime	shared	131072	latency	2	162	29841934	152162263	432596399	22569181646	22569181646
keccak1600-avx2-rust	keccak1600-x86_64	fixed	shared	131072	throughput	2	163	30058474	152986262	430704699	22599243669	22599243669
keccak1600-avx2-rust	keccak1600-x86_64	fixed	shared	131072	latency	2	163	30012264	152986984	430705034	22629260992	22629260992
keccak1600-avx2-rust	keccak1600-x86_64	runtime	stack	131072	throughput	2	159	29860544	151835792	417352934	22659126895	22659126895
keccak1600-avx2-rust	keccak1600-x86_64	runtime	stack	131072	latency	2	159	29891324	151849199	417353246	22689022558	22689022558
keccak1600-avx2-rust	keccak1600-x86_64	fixed	stack	131072	throughput	2	160	29843254	152366563	397786273	22718870911	22718870911
keccak1600-avx2-rust	keccak1600-x86_64	fixed	stack	131072	latency	2	160	29842174	152429532	397786592	22748718044	22748718044
keccak1600-avx2-rust	keccak1600-x86_64	runtime	shared	131072	throughput	3	163	30044684	153064767	435266425	22778766968	22778766968
keccak1600-avx2-rust	keccak1600-x86_64	runtime	shared	131072	latency	3	161	29684804	151197942	429926060	22808455812	22808455812
keccak1600-avx2-rust	keccak1600-x86_64	fixed	shared	131072	throughput	3	163	30016674	152982383	430704705	22838476365	22838476365
keccak1600-avx2-rust	keccak1600-x86_64	fixed	shared	131072	latency	3	163	30084484	152982722	430705032	22868564818	22868564818
keccak1600-avx2-rust	keccak1600-x86_64	runtime	stack	131072	throughput	3	160	29955874	152793934	419977794	22898524381	22898524381
keccak1600-avx2-rust	keccak1600-x86_64	runtime	stack	131072	latency	3	160	29975724	152794548	419978110	22928503774	22928503774
keccak1600-avx2-rust	keccak1600-x86_64	fixed	stack	131072	throughput	3	160	29830904	152382536	397786272	22958338398	22958338398
keccak1600-avx2-rust	keccak1600-x86_64	fixed	stack	131072	latency	3	160	29851934	152442402	397786588	22988195182	22988195182
keccak1600-avx2-rust	keccak1600-x86_64	runtime	asm	131072	throughput	3	154	30246244	150062164	725093799	23018445525	23018445525
keccak1600-avx2-rust	keccak1600-x86_64	runtime	asm	131072	latency	3	155	30305843	150581478	729802506	23048755158	23048755158
keccak1600-avx2-rust	keccak1600-x86_64	fixed	asm	131072	throughput	3	157	29866495	148323054	739213971	23078625381	23078625381
keccak1600-avx2-rust	keccak1600-x86_64	fixed	asm	131072	latency	3	157	30076364	149151748	739214280	23108697564	23108697564
keccak1600-avx2-rust	keccak1600-x86_64	runtime	stack	131072	throughput	4	158	29799824	150907615	414728071	23138501518	23138501518
keccak1600-avx2-rust	keccak1600-x86_64	runtime	stack	131072	latency	4	159	29737025	151854787	417353247	23168242831	23168242831
keccak1600-avx2-rust	keccak1600-x86_64	fixed	stack	131072	throughput	4	161	29987134	153368518	400272440	23198225474	23198225474
keccak1600-avx2-rust	keccak1600-x86_64	fixed	stack	131072	latency	4	161	30064534	153360216	400272756	23228294217	23228294217
keccak1600-avx2-rust	keccak1600-x86_64	runtime	asm	131072	throughput	4	154	29705495	147478203	725093794	23258003671	23258003671
keccak1600-avx2-rust	keccak1600-x86_64	runtime	asm	131072	latency	4	156	30355843	150708897	734510899	23288367364	23288367364
keccak1600-avx2-rust	keccak1600-x86_64	fixed	asm	131072	throughput	4	156	30069864	149047146	734505598	23318444297	23318444297
keccak1600-avx2-rust	keccak1600-x86_64	fixed	asm	131072	latency	4	156	30056674	149159106	734505913	23348505650	23348505650
keccak1600-avx2-rust	keccak1600-x86_64	runtime	shared	131072	throughput	4	160	29670704	150273016	427255395	23378174634	23378174634
keccak1600-avx2-rust	keccak1600-x86_64	runtime	shared	131072	latency	4	162	29800614	152144066	432596402	23407979367	23407979367
keccak1600-avx2-rust	keccak1600-x86_64	fixed	shared	131072	throughput	4	163	29951304	152992588	430704710	23437934870	23437934870
keccak1600-avx2-rust	keccak1600-x86_64	fixed	shared	131072	latency	4	163	30168204	152989297	430705032	23468107193	23468107193
keccak1600-avx2-rust	keccak1600-x86_64	control	empty	131072	throughput	0	2000000	2373944	12027223	30000320	23470484781	23470484781
keccak1600-avx2-rust	keccak1600-x86_64	control	empty	131072	latency	0	2000000	2424195	12086628	34000321	23472912029	23472912029
