backend	asm_backend	shape	implementation	bytes	mode	repeat	iterations	ns	cycles	instructions	enabled	running
keccak1600-avx512vl-rust	keccak1600-avx512	runtime	shared	0	throughput	0	173128	29646774	149918135	519730614	29629963	29629963
keccak1600-avx512vl-rust	keccak1600-avx512	runtime	shared	0	latency	0	163543	29979043	152837080	491119982	59612267	59612267
keccak1600-avx512vl-rust	keccak1600-avx512	fixed	shared	0	throughput	0	178604	30228343	154526426	499734344	89844050	89844050
keccak1600-avx512vl-rust	keccak1600-avx512	fixed	shared	0	latency	0	170062	29844414	152470218	476003890	119692553	119692553
keccak1600-avx512vl-rust	keccak1600-avx512	runtime	stack	0	throughput	0	169611	30038513	153368096	494077198	149734516	149734516
keccak1600-avx512vl-rust	keccak1600-avx512	runtime	stack	0	latency	0	164948	30067603	153402477	480658826	179805270	179805270
keccak1600-avx512vl-rust	keccak1600-avx512	fixed	stack	0	throughput	0	175985	30183424	153909244	492406381	209985323	209985323
keccak1600-avx512vl-rust	keccak1600-avx512	fixed	stack	0	latency	0	171122	30254543	154467893	478970832	240243016	240243016
keccak1600-avx512vl-rust	keccak1600-avx512	runtime	asm	0	throughput	0	118233	28540037	146065416	161624862	268786710	268786710
keccak1600-avx512vl-rust	keccak1600-avx512	runtime	asm	0	latency	0	123234	30123223	155057924	168584469	298913224	298913224
keccak1600-avx512vl-rust	keccak1600-avx512	fixed	asm	0	throughput	0	126732	30216373	155897130	167666793	329133067	329133067
keccak1600-avx512vl-rust	keccak1600-avx512	fixed	asm	0	latency	0	123870	29823354	153995684	164004233	358959500	358959500
keccak1600-avx512vl-rust	keccak1600-avx512	runtime	stack	0	throughput	1	172197	30501462	155719569	501610220	389464023	389464023
keccak1600-avx512vl-rust	keccak1600-avx512	runtime	stack	0	latency	1	164806	30067083	153326427	480245041	419528446	419528446
keccak1600-avx512vl-rust	keccak1600-avx512	fixed	stack	0	throughput	1	175182	30039424	153192324	490159586	449570940	449570940
keccak1600-avx512vl-rust	keccak1600-avx512	fixed	stack	0	latency	1	170212	30055983	153311456	476423737	479625434	479625434
keccak1600-avx512vl-rust	keccak1600-avx512	runtime	asm	0	throughput	1	124271	29860324	153642015	169878808	509488837	509488837
keccak1600-avx512vl-rust	keccak1600-avx512	runtime	asm	0	latency	1	121982	29558984	152785051	166871731	539043381	539043381
keccak1600-avx512vl-rust	keccak1600-avx512	fixed	asm	0	throughput	1	125819	29888194	154015602	166458888	568935614	568935614
keccak1600-avx512vl-rust	keccak1600-avx512	fixed	asm	0	latency	1	125326	30391962	155085589	165931970	599331157	599331157
keccak1600-avx512vl-rust	keccak1600-avx512	runtime	shared	0	throughput	1	177942	30139714	154092147	534182237	629474160	629474160
keccak1600-avx512vl-rust	keccak1600-avx512	runtime	shared	0	latency	1	164242	30057613	153464189	493219072	659526044	659526044
keccak1600-avx512vl-rust	keccak1600-avx512	fixed	shared	0	throughput	1	177613	30154633	153674766	496961528	689683867	689683867
keccak1600-avx512vl-rust	keccak1600-avx512	fixed	shared	0	latency	1	172351	30213003	154261776	482410799	719894900	719894900
keccak1600-avx512vl-rust	keccak1600-avx512	runtime	asm	0	throughput	2	124918	30003943	154179932	170763260	749901893	749901893
keccak1600-avx512vl-rust	keccak1600-avx512	runtime	asm	0	latency	2	123314	29978204	154651582	168693908	779883217	779883217
keccak1600-avx512vl-rust	keccak1600-avx512	fixed	asm	0	throughput	2	126816	30094043	155442364	167777919	809980561	809980561
keccak1600-avx512vl-rust	keccak1600-avx512	fixed	asm	0	latency	2	125244	29982933	154589124	165823407	839966764	839966764
keccak1600-avx512vl-rust	keccak1600-avx512	runtime	shared	0	throughput	2	179607	30470273	155470136	539180564	870434647	870434647
keccak1600-avx512vl-rust	keccak1600-avx512	runtime	shared	0	latency	2	163682	29988933	153003735	491537398	900426760	900426760
keccak1600-avx512vl-rust	keccak1600-avx512	fixed	shared	0	throughput	2	177285	30084023	153357694	496043779	930509313	930509313
keccak1600-avx512vl-rust	keccak1600-avx512	fixed	shared	0	latency	2	172506	30322423	154876755	482844647	960834826	960834826
keccak1600-avx512vl-rust	keccak1600-avx512	runtime	stack	0	throughput	2	170212	30163983	153968191	495827909	991001970	991001970
keccak1600-avx512vl-rust	keccak1600-avx512	runtime	stack	0	latency	2	164948	30030543	153348699	480658824	1021035623	1021035623
keccak1600-avx512vl-rust	keccak1600-avx512	fixed	stack	0	throughput	2	175182	30022474	153185604	490159587	1051058766	1051058766
keccak1600-avx512vl-rust	keccak1600-avx512	fixed	stack	0	latency	2	170212	30052553	153505210	476423735	1081114409	1081114409
keccak1600-avx512vl-rust	keccak1600-avx512	runtime	shared	0	throughput	3	176958	30061333	153205263	531228268	1111178863	1111178863
keccak1600-avx512vl-rust	keccak1600-avx512	runtime	shared	0	latency	3	163682	29988744	153081117	491537390	1141170706	1141170706
keccak1600-avx512vl-rust	keccak1600-avx512	fixed	shared	0	throughput	3	178107	30191183	154129796	498343739	1171365039	1171365039
keccak1600-avx512vl-rust	keccak1600-avx512	fixed	shared	0	latency	3	172506	30255472	154520988	482844640	1201623872	1201623872
keccak1600-avx512vl-rust	keccak1600-avx512	runtime	stack	0	throughput	3	169461	30223583	153283981	493640244	1231851675	1231851675
keccak1600-avx512vl-rust	keccak1600-avx512	runtime	stack	0	latency	3	163265	30207623	152459633	475754563	1262062698	1262062698
keccak1600-avx512vl-rust	keccak1600-avx512	fixed	stack	0	throughput	3	174386	30007994	152470895	487932380	1292073872	1292073872
keccak1600-avx512vl-rust	keccak1600-avx512	fixed	stack	0	latency	3	169162	29899003	152564793	473484784	1321976265	1321976265
keccak1600-avx512vl-rust	keccak1600-avx512	runtime	asm	0	throughput	3	123950	30059094	152958576	169440002	1352038708	1352038708
keccak1600-avx512vl-rust	keccak1600-avx512	runtime	asm	0	latency	3	121904	29811613	152941006	166765027	1381853682	1381853682
keccak1600-avx512vl-rust	keccak1600-avx512	fixed	asm	0	throughput	3	126732	30076424	155114176	167666782	1411933335	1411933335
keccak1600-avx512vl-rust	keccak1600-avx512	fixed	asm	0	latency	3	124031	29995293	154866160	164217396	1441931698	1441931698
keccak1600-avx512vl-rust	keccak1600-avx512	runtime	stack	0	throughput	4	172972	30593602	156547317	503867786	1472528401	1472528401
keccak1600-avx512vl-rust	keccak1600-avx512	runtime	stack	0	latency	4	164806	29956894	153008352	480245037	1502488534	1502488534
keccak1600-avx512vl-rust	keccak1600-avx512	fixed	stack	0	throughput	4	175985	30113353	153808296	492406374	1532605108	1532605108
keccak1600-avx512vl-rust	keccak1600-avx512	fixed	stack	0	latency	4	170970	30152803	154030616	478545376	1562761371	1562761371
keccak1600-avx512vl-rust	keccak1600-avx512	runtime	asm	0	throughput	4	124271	29987643	153360890	169878804	1592752554	1592752554
keccak1600-avx512vl-rust	keccak1600-avx512	runtime	asm	0	latency	4	121595	29755404	153156823	166342314	1622505578	1622505578
keccak1600-avx512vl-rust	keccak1600-avx512	fixed	asm	0	throughput	4	128170	30403533	156861423	169569258	1652912240	1652912240
keccak1600-avx512vl-rust	keccak1600-avx512	fixed	asm	0	latency	4	123393	29628384	153342747	163372685	1682543844	1682543844
keccak1600-avx512vl-rust	keccak1600-avx512	runtime	shared	0	throughput	4	179607	30409412	155538401	539180563	1712956417	1712956417
keccak1600-avx512vl-rust	keccak1600-avx512	runtime	shared	0	latency	4	164383	30060104	153651092	493642499	1743019790	1743019790
keccak1600-avx512vl-rust	keccak1600-avx512	fixed	shared	0	throughput	4	177777	30110093	153762434	497420394	1773133183	1773133183
keccak1600-avx512vl-rust	keccak1600-avx512	fixed	shared	0	latency	4	172506	30197463	154228655	482844641	1803334187	1803334187
keccak1600-avx512vl-rust	keccak1600-avx512	control	empty	0	throughput	0	2000000	2362915	12038201	30000318	1805700314	1805700314
keccak1600-avx512vl-rust	keccak1600-avx512	control	empty	0	latency	0	2000000	12692441	64156256	32000334	1818395813	1818395813
keccak1600-avx512vl-rust	keccak1600-avx512	runtime	shared	20	throughput	0	177942	30240093	153685245	535071961	1848639016	1848639016
keccak1600-avx512vl-rust	keccak1600-avx512	runtime	shared	20	latency	0	168126	30058754	153535900	506227747	1878700920	1878700920
keccak1600-avx512vl-rust	keccak1600-avx512	fixed	shared	20	throughput	0	178289	30254143	154185649	500101014	1908958293	1908958293
keccak1600-avx512vl-rust	keccak1600-avx512	fixed	shared	20	latency	0	168717	29945254	152815012	473926420	1938900106	1938900106
keccak1600-avx512vl-rust	keccak1600-avx512	runtime	stack	20	throughput	0	169014	30020333	153327142	492000126	1968923639	1968923639
keccak1600-avx512vl-rust	keccak1600-avx512	runtime	stack	20	latency	0	165660	30061193	153521335	482899268	1998988132	1998988132
keccak1600-avx512vl-rust	keccak1600-avx512	fixed	stack	20	throughput	0	176632	30160474	153970485	495453128	2029151936	2029151936
keccak1600-avx512vl-rust	keccak1600-avx512	fixed	stack	20	latency	0	167979	30020073	153035718	471853375	2059175379	2059175379
keccak1600-avx512vl-rust	keccak1600-avx512	runtime	asm	20	throughput	0	126732	30337223	155978297	172989552	2089506482	2089506482
keccak1600-avx512vl-rust	keccak1600-avx512	runtime	asm	20	latency	0	125490	30208402	155929385	171796177	2119718155	2119718155
keccak1600-avx512vl-rust	keccak1600-avx512	fixed	asm	20	throughput	0	126565	29976384	154869617	167952121	2149697828	2149697828
keccak1600-avx512vl-rust	keccak1600-avx512	fixed	asm	20	latency	0	124191	29831124	154280694	165298592	2179532032	2179532032
keccak1600-avx512vl-rust	keccak1600-avx512	runtime	stack	20	throughput	1	171428	30410872	155476732	499027275	2209940395	2209940395
keccak1600-avx512vl-rust	keccak1600-avx512	runtime	stack	20	latency	1	165946	30114893	153778468	483732958	2240058378	2240058378
keccak1600-avx512vl-rust	keccak1600-avx512	fixed	stack	20	throughput	1	175502	29976864	153023815	492283471	2270038331	2270038331
keccak1600-avx512vl-rust	keccak1600-avx512	fixed	stack	20	latency	1	168421	30047703	153495444	473094958	2300089154	2300089154
keccak1600-avx512vl-rust	keccak1600-avx512	runtime	asm	20	throughput	1	125984	30211683	154843239	171968525	2330304198	2330304198
keccak1600-avx512vl-rust	keccak1600-avx512	runtime	asm	20	latency	1	125244	30138563	155381237	171459405	2360445951	2360445951
keccak1600-avx512vl-rust	keccak1600-avx512	fixed	asm	20	throughput	1	126649	30138363	155593022	168063589	2390581784	2390581784
keccak1600-avx512vl-rust	keccak1600-avx512	fixed	asm	20	latency	1	124513	29815044	154355673	165727171	2420399867	2420399867
keccak1600-avx512vl-rust	keccak1600-avx512	runtime	shared	20	throughput	1	180451	30505712	155995519	542616530	2450903920	2450903920
keccak1600-avx512vl-rust	keccak1600-avx512	runtime	shared	20	latency	1	168568	30154213	153908770	507558613	2481061193	2481061193
keccak1600-avx512vl-rust	keccak1600-avx512	fixed	shared	20	throughput	1	176958	29974084	152995509	496367559	2511030577	2511030577
keccak1600-avx512vl-rust	keccak1600-avx512	fixed	shared	20	latency	1	170212	30193553	154193436	478125875	2541227160	2541227160
keccak1600-avx512vl-rust	keccak1600-avx512	runtime	asm	20	throughput	2	125408	29940113	154022524	171182290	2571170773	2571170773
keccak1600-avx512vl-rust	keccak1600-avx512	runtime	asm	20	latency	2	124513	30282733	155073073	170458658	2601456966	2601456966
keccak1600-avx512vl-rust	keccak1600-avx512	fixed	asm	20	throughput	2	126984	30146843	155460898	168508137	2631607029	2631607029
keccak1600-avx512vl-rust	keccak1600-avx512	fixed	asm	20	latency	2	127236	30440522	157408094	169351485	2662046712	2662046712
keccak1600-avx512vl-rust	keccak1600-avx512	runtime	shared	20	throughput	2	180451	30462963	155871893	542616529	2692512965	2692512965
keccak1600-avx512vl-rust	keccak1600-avx512	runtime	shared	20	latency	2	168126	30075833	153580614	506227754	2722585238	2722585238
keccak1600-avx512vl-rust	keccak1600-avx512	fixed	shared	20	throughput	2	179104	30324173	154864585	502387087	2752912701	2752912701
keccak1600-avx512vl-rust	keccak1600-avx512	fixed	shared	20	latency	2	169611	30083253	153670354	476437672	2782998995	2782998995
keccak1600-avx512vl-rust	keccak1600-avx512	runtime	stack	20	throughput	2	169911	30143243	153953248	494611283	2813145418	2813145418
keccak1600-avx512vl-rust	keccak1600-avx512	runtime	stack	20	latency	2	166233	30182573	154083306	484569571	2843324081	2843324081
keccak1600-avx512vl-rust	keccak1600-avx512	fixed	stack	20	throughput	2	175824	30010853	153261336	493186686	2873338094	2873338094
keccak1600-avx512vl-rust	keccak1600-avx512	fixed	stack	20	latency	2	168421	30057694	153498741	473094959	2903394537	2903394537
keccak1600-avx512vl-rust	keccak1600-avx512	runtime	shared	20	throughput	3	177794	30065414	153528237	534626920	2933463121	2933463121
keccak1600-avx512vl-rust	keccak1600-avx512	runtime	shared	20	latency	3	168273	30092263	153640969	506670374	2963552784	2963552784
keccak1600-avx512vl-rust	keccak1600-avx512	fixed	shared	20	throughput	3	177777	30094313	153675539	498664853	2993650157	2993650157
keccak1600-avx512vl-rust	keccak1600-avx512	fixed	shared	20	latency	3	169761	30108253	153782568	476859019	3023761630	3023761630
keccak1600-avx512vl-rust	keccak1600-avx512	runtime	stack	20	throughput	3	169461	30071154	153603084	493301333	3053835964	3053835964
keccak1600-avx512vl-rust	keccak1600-avx512	runtime	stack	20	latency	3	165374	29999763	153277980	482065576	3083838887	3083838887
keccak1600-avx512vl-rust	keccak1600-avx512	fixed	stack	20	throughput	3	175824	30009333	153303730	493186685	3113851410	3113851410
keccak1600-avx512vl-rust	keccak1600-avx512	fixed	stack	20	latency	3	168421	30037174	153467783	473094958	3143891733	3143891733
keccak1600-avx512vl-rust	keccak1600-avx512	runtime	asm	20	throughput	3	124513	29768074	153373587	169960616	3173662917	3173662917
keccak1600-avx512vl-rust	keccak1600-avx512	runtime	asm	20	latency	3	125244	30078293	155829742	171459398	3203744270	3203744270
keccak1600-avx512vl-rust	keccak1600-avx512	fixed	asm	20	throughput	3	127068	30021233	155631050	168619605	3233768663	3233768663
keccak1600-avx512vl-rust	keccak1600-avx512	fixed	asm	20	latency	3	126900	30694172	157513674	168904266	3264465936	3264465936
keccak1600-avx512vl-rust	keccak1600-avx512	runtime	stack	20	throughput	4	170970	30437222	155734011	497694037	3294906499	3294906499
keccak1600-avx512vl-rust	keccak1600-avx512	runtime	stack	20	latency	4	166522	30199773	154330475	485411996	3325109452	3325109452
keccak1600-avx512vl-rust	keccak1600-avx512	fixed	stack	20	throughput	4	177285	30234373	154600627	497284791	3355347045	3355347045
keccak1600-avx512vl-rust	keccak1600-avx512	fixed	stack	20	latency	4	168717	30100443	153796882	473926420	3385450618	3385450618
keccak1600-avx512vl-rust	keccak1600-avx512	runtime	asm	20	throughput	4	124675	29743254	153096168	170181742	3415197142	3415197142
keccak1600-avx512vl-rust	keccak1600-avx512	runtime	asm	20	latency	4	123631	29731394	153921514	169251205	3444932015	3444932015
keccak1600-avx512vl-rust	keccak1600-avx512	fixed	asm	20	throughput	4	127490	30180593	156406306	169179594	3475115629	3475115629
keccak1600-avx512vl-rust	keccak1600-avx512	fixed	asm	20	latency	4	124675	29698624	153961361	165942795	3504817342	3504817342
keccak1600-avx512vl-rust	keccak1600-avx512	runtime	shared	20	throughput	4	180451	30444793	155836449	542616519	3535265235	3535265235
keccak1600-avx512vl-rust	keccak1600-avx512	runtime	shared	20	latency	4	167979	29997993	153203794	505785140	3565266418	3565266418
keccak1600-avx512vl-rust	keccak1600-avx512	fixed	shared	20	throughput	4	177613	30071483	153560177	498204824	3595341322	3595341322
keccak1600-avx512vl-rust	keccak1600-avx512	fixed	shared	20	latency	4	169761	30096484	153818003	476859022	3625441465	3625441465
keccak1600-avx512vl-rust	keccak1600-avx512	control	empty	20	throughput	0	2000000	1957625	10002242	30000318	3627402093	3627402093
keccak1600-avx512vl-rust	keccak1600-avx512	control	empty	20	latency	0	2000000	2838704	14003756	38000322	3630243721	3630243721
keccak1600-avx512vl-rust	keccak1600-avx512	runtime	shared	32	throughput	0	169461	28988386	146212242	508383363	3659235276	3659235276
keccak1600-avx512vl-rust	keccak1600-avx512	runtime	shared	32	latency	0	169028	30103464	153307216	507422427	3689337689	3689337689
keccak1600-avx512vl-rust	keccak1600-avx512	fixed	shared	32	throughput	0	177121	29919094	153039562	496293405	3719260002	3719260002
keccak1600-avx512vl-rust	keccak1600-avx512	fixed	shared	32	latency	0	169312	30095313	153807390	474751222	3749358545	3749358545
keccak1600-avx512vl-rust	keccak1600-avx512	runtime	stack	32	throughput	0	169461	30006224	153352704	492962417	3779367929	3779367929
keccak1600-avx512vl-rust	keccak1600-avx512	runtime	stack	32	latency	0	167832	30099743	153775903	488559321	3809471202	3809471202
keccak1600-avx512vl-rust	keccak1600-avx512	fixed	stack	32	throughput	0	176958	30239613	154405686	495836685	3839713965	3839713965
keccak1600-avx512vl-rust	keccak1600-avx512	fixed	stack	32	latency	0	167979	30023733	153520313	471013482	3869740718	3869740718
keccak1600-avx512vl-rust	keccak1600-avx512	runtime	asm	32	throughput	0	125162	29780294	153219957	170596168	3899524302	3899524302
keccak1600-avx512vl-rust	keccak1600-avx512	runtime	asm	32	latency	0	124918	29970023	154272033	170513436	3929491745	3929491745
keccak1600-avx512vl-rust	keccak1600-avx512	fixed	asm	32	throughput	0	126315	29840534	154321045	167367739	3959335489	3959335489
keccak1600-avx512vl-rust	keccak1600-avx512	fixed	asm	32	latency	0	124111	29639424	153588387	164695667	3988973032	3988973032
keccak1600-avx512vl-rust	keccak1600-avx512	runtime	stack	32	throughput	1	171735	30347483	155491984	499577484	4019323555	4019323555
keccak1600-avx512vl-rust	keccak1600-avx512	runtime	stack	32	latency	1	167979	30128723	153856272	488987244	4049450738	4049450738
keccak1600-avx512vl-rust	keccak1600-avx512	fixed	stack	32	throughput	1	176308	30092893	153885513	494015384	4079546612	4079546612
keccak1600-avx512vl-rust	keccak1600-avx512	fixed	stack	32	latency	1	169162	30209523	154626867	474330621	4109759105	4109759105
keccak1600-avx512vl-rust	keccak1600-avx512	runtime	asm	32	throughput	1	125572	29984704	154394479	171155005	4139747348	4139747348
keccak1600-avx512vl-rust	keccak1600-avx512	runtime	asm	32	latency	1	125819	29939033	155142509	171743302	4169690071	4169690071
keccak1600-avx512vl-rust	keccak1600-avx512	fixed	asm	32	throughput	1	128859	30434933	157719956	170738545	4200122754	4200122754
keccak1600-avx512vl-rust	keccak1600-avx512	fixed	asm	32	latency	1	126407	30279463	156915872	167742464	4230402887	4230402887
keccak1600-avx512vl-rust	keccak1600-avx512	runtime	shared	32	throughput	1	180620	30476493	155719237	541860366	4260876320	4260876320
keccak1600-avx512vl-rust	keccak1600-avx512	runtime	shared	32	latency	1	169461	30108443	153739565	508722291	4290987713	4290987713
keccak1600-avx512vl-rust	keccak1600-avx512	fixed	shared	32	throughput	1	178107	30106693	153807553	499056182	4321097547	4321097547
keccak1600-avx512vl-rust	keccak1600-avx512	fixed	shared	32	latency	1	169312	30100523	153790383	474751213	4351201530	4351201530
keccak1600-avx512vl-rust	keccak1600-avx512	runtime	asm	32	throughput	2	101212	24272596	124365568	137952317	4375470488	4375470488
keccak1600-avx512vl-rust	keccak1600-avx512	runtime	asm	32	latency	2	121827	29538524	150415050	166294223	4405013532	4405013532
keccak1600-avx512vl-rust	keccak1600-avx512	fixed	asm	32	throughput	2	126482	30265003	154276273	167589019	4435282765	4435282765
keccak1600-avx512vl-rust	keccak1600-avx512	fixed	asm	32	latency	2	123950	30067103	154001039	164482019	4465353338	4465353338
keccak1600-avx512vl-rust	keccak1600-avx512	runtime	shared	32	throughput	2	179607	30290903	154837768	538821368	4495640731	4495640731
keccak1600-avx512vl-rust	keccak1600-avx512	runtime	shared	32	latency	2	169461	30092013	153743648	508722293	4525736074	4525736074
keccak1600-avx512vl-rust	keccak1600-avx512	fixed	shared	32	throughput	2	177285	29974824	153158699	496752938	4555713908	4555713908
keccak1600-avx512vl-rust	keccak1600-avx512	fixed	shared	32	latency	2	168717	30010993	153238775	473082842	4585722661	4585722661
keccak1600-avx512vl-rust	keccak1600-avx512	runtime	stack	32	throughput	2	169461	30067873	153580372	492962412	4615794014	4615794014
keccak1600-avx512vl-rust	keccak1600-avx512	runtime	stack	32	latency	2	167685	30130093	153894117	488131404	4645923517	4645923517
keccak1600-avx512vl-rust	keccak1600-avx512	fixed	stack	32	throughput	2	176470	30142604	153983359	494469311	4676069141	4676069141
keccak1600-avx512vl-rust	keccak1600-avx512	fixed	stack	32	latency	2	168568	30167442	154074041	472665042	4706232144	4706232144
keccak1600-avx512vl-rust	keccak1600-avx512	runtime	shared	32	throughput	3	177942	30049244	153464920	533826366	4736284577	4736284577
keccak1600-avx512vl-rust	keccak1600-avx512	runtime	shared	32	latency	3	169461	30094843	153707570	508722292	4766382680	4766382680
keccak1600-avx512vl-rust	keccak1600-avx512	fixed	shared	32	throughput	3	177285	30027643	153223820	496752928	4796413683	4796413683
keccak1600-avx512vl-rust	keccak1600-avx512	fixed	shared	32	latency	3	168865	30025184	153418491	473497830	4826442297	4826442297
keccak1600-avx512vl-rust	keccak1600-avx512	runtime	stack	32	throughput	3	169461	30072003	153611015	492962415	4856517540	4856517540
keccak1600-avx512vl-rust	keccak1600-avx512	runtime	stack	32	latency	3	167685	30144733	153784829	488131408	4886660013	4886660013
keccak1600-avx512vl-rust	keccak1600-avx512	fixed	stack	32	throughput	3	176308	30150093	153765537	494015384	4916813286	4916813286
keccak1600-avx512vl-rust	keccak1600-avx512	fixed	stack	32	latency	3	168273	30117963	153779410	471837864	4946928200	4946928200
keccak1600-avx512vl-rust	keccak1600-avx512	runtime	asm	32	throughput	3	124756	29811814	153244653	170042793	4976743053	4976743053
keccak1600-avx512vl-rust	keccak1600-avx512	runtime	asm	32	latency	3	124837	29928163	154394213	170402863	5006674516	5006674516
keccak1600-avx512vl-rust	keccak1600-avx512	fixed	asm	32	throughput	3	121750	28717156	148686321	161319112	5035398281	5035398281
keccak1600-avx512vl-rust	keccak1600-avx512	fixed	asm	32	latency	3	125819	30210154	156122319	166962173	5065611634	5065611634
keccak1600-avx512vl-rust	keccak1600-avx512	runtime	stack	32	throughput	4	171428	30353583	155109975	498684420	5095968297	5095968297
keccak1600-avx512vl-rust	keccak1600-avx512	runtime	stack	32	latency	4	167832	30139143	153837976	488559315	5126110550	5126110550
keccak1600-avx512vl-rust	keccak1600-avx512	fixed	stack	32	throughput	4	175663	29973374	153086575	492208093	5156087173	5156087173
keccak1600-avx512vl-rust	keccak1600-avx512	fixed	stack	32	latency	4	167685	29987354	153238039	470189106	5186077747	5186077747
keccak1600-avx512vl-rust	keccak1600-avx512	runtime	asm	32	throughput	4	124271	29697284	152591466	169381734	5215778340	5215778340
keccak1600-avx512vl-rust	keccak1600-avx512	runtime	asm	32	latency	4	125901	30315713	155757506	171855232	5246097303	5246097303
keccak1600-avx512vl-rust	keccak1600-avx512	fixed	asm	32	throughput	4	123155	29484585	150886397	163180738	5275585077	5275585077
keccak1600-avx512vl-rust	keccak1600-avx512	fixed	asm	32	latency	4	125326	30189513	155416394	166307971	5305778860	5305778860
keccak1600-avx512vl-rust	keccak1600-avx512	runtime	shared	32	throughput	4	179607	30273063	154909896	538821368	5336055353	5336055353
keccak1600-avx512vl-rust	keccak1600-avx512	runtime	shared	32	latency	4	169312	30079663	153571141	508274989	5366138226	5366138226
keccak1600-avx512vl-rust	keccak1600-avx512	fixed	shared	32	throughput	4	178107	30134083	153930298	499056175	5396275530	5396275530
keccak1600-avx512vl-rust	keccak1600-avx512	fixed	shared	32	latency	4	169461	30138633	153949347	475169015	5426417253	5426417253
keccak1600-avx512vl-rust	keccak1600-avx512	control	empty	32	throughput	0	2000000	1980536	10070920	30000318	5428400791	5428400791
keccak1600-avx512vl-rust	keccak1600-avx512	control	empty	32	latency	0	2000000	2840463	14056468	34000319	5431244158	5431244158
keccak1600-avx512vl-rust	keccak1600-avx512	runtime	shared	64	throughput	0	172043	29129316	147409161	515097107	5460376613	5460376613
keccak1600-avx512vl-rust	keccak1600-avx512	runtime	shared	64	latency	0	169014	29934003	152731909	506366312	5490313776	5490313776
keccak1600-avx512vl-rust	keccak1600-avx512	fixed	shared	64	throughput	0	178272	30089423	153596775	499518514	5520406229	5520406229
keccak1600-avx512vl-rust	keccak1600-avx512	fixed	shared	64	latency	0	170515	30169724	154132129	478124426	5550579252	5550579252
keccak1600-avx512vl-rust	keccak1600-avx512	runtime	stack	64	throughput	0	169626	30112344	153679042	493442402	5580694715	5580694715
keccak1600-avx512vl-rust	keccak1600-avx512	runtime	stack	64	latency	0	164397	30156894	153524815	478560031	5610854949	5610854949
keccak1600-avx512vl-rust	keccak1600-avx512	fixed	stack	64	throughput	0	173128	29961923	152299649	485105027	5640821302	5640821302
keccak1600-avx512vl-rust	keccak1600-avx512	fixed	stack	64	latency	0	167247	30135193	153808351	468960954	5670954305	5670954305
keccak1600-avx512vl-rust	keccak1600-avx512	runtime	asm	64	throughput	0	125819	30046143	154690842	171491669	5701003738	5701003738
keccak1600-avx512vl-rust	keccak1600-avx512	runtime	asm	64	latency	0	125736	30070584	155233495	171630006	5731077502	5731077502
keccak1600-avx512vl-rust	keccak1600-avx512	fixed	asm	64	throughput	0	127236	29912083	154732797	168588066	5760993065	5760993065
keccak1600-avx512vl-rust	keccak1600-avx512	fixed	asm	64	latency	0	125736	30312723	156467944	166852036	5791309078	5791309078
keccak1600-avx512vl-rust	keccak1600-avx512	runtime	stack	64	throughput	1	171888	30516982	155673912	500022559	5821829801	5821829801
keccak1600-avx512vl-rust	keccak1600-avx512	runtime	stack	64	latency	1	164665	30172033	153791929	479340180	5852006154	5852006154
keccak1600-avx512vl-rust	keccak1600-avx512	fixed	stack	64	throughput	1	174545	30098573	153581871	489075456	5882108257	5882108257
keccak1600-avx512vl-rust	keccak1600-avx512	fixed	stack	64	latency	1	166811	30070513	153438003	467738422	5912176110	5912176110
keccak1600-avx512vl-rust	keccak1600-avx512	runtime	asm	64	throughput	1	124111	29848304	152717753	169163658	5942027644	5942027644
keccak1600-avx512vl-rust	keccak1600-avx512	runtime	asm	64	latency	1	123870	29715364	153138175	169082922	5971740907	5971740907
keccak1600-avx512vl-rust	keccak1600-avx512	fixed	asm	64	throughput	1	127659	30058083	155731482	169148545	6001802111	6001802111
keccak1600-avx512vl-rust	keccak1600-avx512	fixed	asm	64	latency	1	126315	30468403	157895165	167620380	6032268753	6032268753
keccak1600-avx512vl-rust	keccak1600-avx512	runtime	shared	64	throughput	1	181646	30386152	155573424	543848486	6062658016	6062658016
keccak1600-avx512vl-rust	keccak1600-avx512	runtime	shared	64	latency	1	169911	30065763	153571738	509053726	6092723270	6092723270
keccak1600-avx512vl-rust	keccak1600-avx512	fixed	shared	64	throughput	1	178438	30080844	153666178	499983645	6122807203	6122807203
keccak1600-avx512vl-rust	keccak1600-avx512	fixed	shared	64	latency	1	170212	30112654	153831461	477274817	6152923116	6152923116
keccak1600-avx512vl-rust	keccak1600-avx512	runtime	asm	64	throughput	2	125171	29903284	153846848	170608439	6182819459	6182819459
keccak1600-avx512vl-rust	keccak1600-avx512	runtime	asm	64	latency	2	124594	29837534	154360424	170071176	6212660183	6212660183
keccak1600-avx512vl-rust	keccak1600-avx512	fixed	asm	64	throughput	2	127829	30130333	155876234	169373799	6242788136	6242788136
keccak1600-avx512vl-rust	keccak1600-avx512	fixed	asm	64	latency	2	121750	29526004	151632836	161562614	6272317430	6272317430
keccak1600-avx512vl-rust	keccak1600-avx512	runtime	shared	64	throughput	2	159468	26682121	136542909	477447551	6299002846	6299002846
keccak1600-avx512vl-rust	keccak1600-avx512	runtime	shared	64	latency	2	169911	30065473	153522338	509053724	6329071379	6329071379
keccak1600-avx512vl-rust	keccak1600-avx512	fixed	shared	64	throughput	2	179104	30162083	154114898	501849775	6359236572	6359236572
keccak1600-avx512vl-rust	keccak1600-avx512	fixed	shared	64	latency	2	169911	30082404	153576294	476430808	6389322046	6389322046
keccak1600-avx512vl-rust	keccak1600-avx512	runtime	stack	64	throughput	2	169476	30053674	153483562	493006055	6419373719	6419373719
keccak1600-avx512vl-rust	keccak1600-avx512	runtime	stack	64	latency	2	164948	30137723	153972147	480163989	6449514902	6449514902
keccak1600-avx512vl-rust	keccak1600-avx512	fixed	stack	64	throughput	2	174704	30102743	153693136	489520980	6479614915	6479614915
keccak1600-avx512vl-rust	keccak1600-avx512	fixed	stack	64	latency	2	166811	30039403	153454956	467738416	6509657569	6509657569
keccak1600-avx512vl-rust	keccak1600-avx512	runtime	shared	64	throughput	3	179104	30029244	153382568	536237746	6539684842	6539684842
keccak1600-avx512vl-rust	keccak1600-avx512	runtime	shared	64	latency	3	170227	30111914	153844464	510000466	6569799795	6569799795
keccak1600-avx512vl-rust	keccak1600-avx512	fixed	shared	64	throughput	3	178604	30129043	153787628	500448779	6599932068	6599932068
keccak1600-avx512vl-rust	keccak1600-avx512	fixed	shared	64	latency	3	170363	30155383	154015752	477698219	6630086781	6630086781
keccak1600-avx512vl-rust	keccak1600-avx512	runtime	stack	64	throughput	3	169611	30096513	153739972	493398769	6660186645	6660186645
keccak1600-avx512vl-rust	keccak1600-avx512	runtime	stack	64	latency	3	161209	29515194	150638575	469279765	6689699048	6689699048
keccak1600-avx512vl-rust	keccak1600-avx512	fixed	stack	64	throughput	3	170970	29463755	150505148	479058305	6719166522	6719166522
keccak1600-avx512vl-rust	keccak1600-avx512	fixed	stack	64	latency	3	166666	30002603	153280218	467331828	6749168205	6749168205
keccak1600-avx512vl-rust	keccak1600-avx512	runtime	asm	64	throughput	3	124756	30355293	153114554	170042795	6779526858	6779526858
keccak1600-avx512vl-rust	keccak1600-avx512	runtime	asm	64	latency	3	123870	30112553	153564293	169082914	6809642922	6809642922
keccak1600-avx512vl-rust	keccak1600-avx512	fixed	asm	64	throughput	3	125162	30077143	152117627	165840021	6839723785	6839723785
keccak1600-avx512vl-rust	keccak1600-avx512	fixed	asm	64	latency	3	120754	29488075	150303655	160240927	6869209009	6869209009
keccak1600-avx512vl-rust	keccak1600-avx512	runtime	stack	64	throughput	4	170062	30185672	154202242	494710723	6899398013	6899398013
keccak1600-avx512vl-rust	keccak1600-avx512	runtime	stack	64	latency	4	165232	30221544	153970070	480990723	6929617676	6929617676
keccak1600-avx512vl-rust	keccak1600-avx512	fixed	stack	64	throughput	4	174545	30066044	153576870	489075459	6959686979	6959686979
keccak1600-avx512vl-rust	keccak1600-avx512	fixed	stack	64	latency	4	166956	30039443	153553932	468144991	6989729752	6989729752
keccak1600-avx512vl-rust	keccak1600-avx512	runtime	asm	64	throughput	4	125000	29838974	153445725	170375362	7019572196	7019572196
keccak1600-avx512vl-rust	keccak1600-avx512	runtime	asm	64	latency	4	125654	30083133	155310613	171518076	7049658619	7049658619
keccak1600-avx512vl-rust	keccak1600-avx512	fixed	asm	64	throughput	4	127744	30048903	155533116	169261165	7079710772	7079710772
keccak1600-avx512vl-rust	keccak1600-avx512	fixed	asm	64	latency	4	125408	29954193	155269815	166416784	7109668725	7109668725
keccak1600-avx512vl-rust	keccak1600-avx512	runtime	shared	64	throughput	4	181646	30409303	155587656	543848491	7140082328	7140082328
keccak1600-avx512vl-rust	keccak1600-avx512	runtime	shared	64	latency	4	170363	30139473	153977209	510407918	7170225032	7170225032
keccak1600-avx512vl-rust	keccak1600-avx512	fixed	shared	64	throughput	4	178604	30099163	153790746	500448772	7200327215	7200327215
keccak1600-avx512vl-rust	keccak1600-avx512	fixed	shared	64	latency	4	169911	30055593	153577535	476430812	7230385788	7230385788
keccak1600-avx512vl-rust	keccak1600-avx512	control	empty	64	throughput	0	2000000	1989076	10129277	30000318	7232377816	7232377816
keccak1600-avx512vl-rust	keccak1600-avx512	control	empty	64	latency	0	2000000	2410984	12002312	34000319	7234791684	7234791684
keccak1600-avx512vl-rust	keccak1600-avx512	runtime	shared	135	throughput	0	172043	29374235	148126443	515613230	7264169078	7264169078
keccak1600-avx512vl-rust	keccak1600-avx512	runtime	shared	135	latency	0	168421	29951934	152146880	505094934	7294124221	7294124221
keccak1600-avx512vl-rust	keccak1600-avx512	fixed	shared	135	throughput	0	175342	29829654	152376263	492886716	7323957025	7323957025
keccak1600-avx512vl-rust	keccak1600-avx512	fixed	shared	135	latency	0	166956	30038313	153469104	469647586	7353998508	7353998508
keccak1600-avx512vl-rust	keccak1600-avx512	runtime	stack	135	throughput	0	165517	29929793	152915675	483144481	7383931321	7383931321
keccak1600-avx512vl-rust	keccak1600-avx512	runtime	stack	135	latency	0	162574	30067244	153623767	474879007	7414001585	7414001585
keccak1600-avx512vl-rust	keccak1600-avx512	fixed	stack	135	throughput	0	176324	30131934	153933877	495647122	7444136688	7444136688
keccak1600-avx512vl-rust	keccak1600-avx512	fixed	stack	135	latency	0	167247	29979824	153173274	470466170	7474119661	7474119661
keccak1600-avx512vl-rust	keccak1600-avx512	runtime	asm	135	throughput	0	124352	29990433	153918639	170735648	7504113514	7504113514
keccak1600-avx512vl-rust	keccak1600-avx512	runtime	asm	135	latency	0	125244	30334213	156508802	172210855	7534450977	7534450977
keccak1600-avx512vl-rust	keccak1600-avx512	fixed	asm	135	throughput	0	129380	30296023	156269267	171558227	7564750520	7564750520
keccak1600-avx512vl-rust	keccak1600-avx512	fixed	asm	135	latency	0	106725	25932292	132846148	141731141	7590686257	7590686257
keccak1600-avx512vl-rust	keccak1600-avx512	runtime	stack	135	throughput	1	166233	30079573	153535161	485234479	7620769081	7620769081
keccak1600-avx512vl-rust	keccak1600-avx512	runtime	stack	135	latency	1	162299	30040283	153404918	474075737	7650804224	7650804224
keccak1600-avx512vl-rust	keccak1600-avx512	fixed	stack	135	throughput	1	175985	30076044	153615201	494694185	7680883877	7680883877
keccak1600-avx512vl-rust	keccak1600-avx512	fixed	stack	135	latency	1	167832	30088763	153694945	472111772	7710976510	7710976510
keccak1600-avx512vl-rust	keccak1600-avx512	runtime	asm	135	throughput	1	124111	29897583	153765247	170404753	7740877374	7740877374
keccak1600-avx512vl-rust	keccak1600-avx512	runtime	asm	135	latency	1	122762	29820854	153829103	168798107	7770701667	7770701667
keccak1600-avx512vl-rust	keccak1600-avx512	fixed	asm	135	throughput	1	127744	29957423	154571780	169388895	7800662330	7800662330
keccak1600-avx512vl-rust	keccak1600-avx512	fixed	asm	135	latency	1	125901	30349883	156698536	167196886	7831009083	7831009083
keccak1600-avx512vl-rust	keccak1600-avx512	runtime	shared	135	throughput	1	180790	30485062	155759112	541827984	7861497606	7861497606
keccak1600-avx512vl-rust	keccak1600-avx512	runtime	shared	135	latency	1	159866	28348547	144493937	479438488	7889849981	7889849981
keccak1600-avx512vl-rust	keccak1600-avx512	fixed	shared	135	throughput	1	175182	29803344	152120602	492436958	7919656625	7919656625
keccak1600-avx512vl-rust	keccak1600-avx512	fixed	shared	135	latency	1	167393	30134513	153892071	470876866	7949788018	7949788018
keccak1600-avx512vl-rust	keccak1600-avx512	runtime	asm	135	throughput	2	124352	29953894	154066029	170735652	7979744991	7979744991
keccak1600-avx512vl-rust	keccak1600-avx512	runtime	asm	135	latency	2	122998	29900333	154626666	169122608	8009639594	8009639594
keccak1600-avx512vl-rust	keccak1600-avx512	fixed	asm	135	throughput	2	129729	30289623	156856891	172021017	8039932277	8039932277
keccak1600-avx512vl-rust	keccak1600-avx512	fixed	asm	135	latency	2	125326	30022713	155553863	166433282	8069957971	8069957971
keccak1600-avx512vl-rust	keccak1600-avx512	runtime	shared	135	throughput	2	180790	30427313	155675552	541827988	8100388234	8100388234
keccak1600-avx512vl-rust	keccak1600-avx512	runtime	shared	135	latency	2	170212	30097393	153778705	510466145	8130488717	8130488717
keccak1600-avx512vl-rust	keccak1600-avx512	fixed	shared	135	throughput	2	177942	30181323	154217883	500195316	8160673040	8160673040
keccak1600-avx512vl-rust	keccak1600-avx512	fixed	shared	135	latency	2	166956	30034983	153473950	469647580	8190711033	8190711033
keccak1600-avx512vl-rust	keccak1600-avx512	runtime	stack	135	throughput	2	166522	30102453	153740124	486078073	8220810676	8220810676
keccak1600-avx512vl-rust	keccak1600-avx512	runtime	stack	135	latency	2	162711	30067173	153628705	475279185	8250880960	8250880960
keccak1600-avx512vl-rust	keccak1600-avx512	fixed	stack	135	throughput	2	176308	30121993	153848993	495602138	8281006203	8281006203
keccak1600-avx512vl-rust	keccak1600-avx512	fixed	stack	135	latency	2	167685	30104314	153581983	471698258	8311113686	8311113686
keccak1600-avx512vl-rust	keccak1600-avx512	runtime	shared	135	throughput	3	178438	30077323	153667299	534779047	8341194019	8341194019
keccak1600-avx512vl-rust	keccak1600-avx512	runtime	shared	135	latency	3	170818	30204713	154324973	512283535	8371401762	8371401762
keccak1600-avx512vl-rust	keccak1600-avx512	fixed	shared	135	throughput	3	175342	29707354	151733589	492886719	8401106456	8401106456
keccak1600-avx512vl-rust	keccak1600-avx512	fixed	shared	135	latency	3	167101	30066443	153608303	470055472	8431175949	8431175949
keccak1600-avx512vl-rust	keccak1600-avx512	runtime	stack	135	throughput	3	165946	30029293	153392821	484396728	8461203683	8461203683
keccak1600-avx512vl-rust	keccak1600-avx512	runtime	stack	135	latency	3	162711	30147283	153908541	475279186	8491354017	8491354017
keccak1600-avx512vl-rust	keccak1600-avx512	fixed	stack	135	throughput	3	175824	30089453	153531222	494241615	8521436240	8521436240
keccak1600-avx512vl-rust	keccak1600-avx512	fixed	stack	135	latency	3	167539	30031974	153438902	471287561	8551471313	8551471313
keccak1600-avx512vl-rust	keccak1600-avx512	runtime	asm	135	throughput	3	124111	29923213	153871302	170404756	8581397637	8581397637
keccak1600-avx512vl-rust	keccak1600-avx512	runtime	asm	135	latency	3	122919	30007303	154605727	169013980	8611408280	8611408280
keccak1600-avx512vl-rust	keccak1600-avx512	fixed	asm	135	throughput	3	128945	30109374	155650621	170981426	8641520793	8641520793
keccak1600-avx512vl-rust	keccak1600-avx512	fixed	asm	135	latency	3	125081	29932613	155124145	166107923	8671450186	8671450186
keccak1600-avx512vl-rust	keccak1600-avx512	runtime	stack	135	throughput	4	168126	30359202	155342917	490760149	8701812369	8701812369
keccak1600-avx512vl-rust	keccak1600-avx512	runtime	stack	135	latency	4	162849	30106934	153776393	475682287	8731917293	8731917293
keccak1600-avx512vl-rust	keccak1600-avx512	fixed	stack	135	throughput	4	175985	30088433	153710633	494694194	8762008706	8762008706
keccak1600-avx512vl-rust	keccak1600-avx512	fixed	stack	135	latency	4	167393	30003813	153290081	470876865	8792015559	8792015559
keccak1600-avx512vl-rust	keccak1600-avx512	runtime	asm	135	throughput	4	123791	29846614	153640276	169965397	8821865302	8821865302
keccak1600-avx512vl-rust	keccak1600-avx512	runtime	asm	135	latency	4	122448	29816694	153819155	168366353	8851685156	8851685156
keccak1600-avx512vl-rust	keccak1600-avx512	fixed	asm	135	throughput	4	127923	29938724	154514498	169626252	8881627359	8881627359
keccak1600-avx512vl-rust	keccak1600-avx512	fixed	asm	135	latency	4	122840	29503335	152217861	163131878	8911126983	8911126983
keccak1600-avx512vl-rust	keccak1600-avx512	runtime	shared	135	throughput	4	180129	30398773	155107533	539846973	8941528856	8941528856
keccak1600-avx512vl-rust	keccak1600-avx512	runtime	shared	135	latency	4	170062	30128763	153680779	510016294	8971660729	8971660729
keccak1600-avx512vl-rust	keccak1600-avx512	fixed	shared	135	throughput	4	175182	29719284	151690280	492436950	9001383323	9001383323
keccak1600-avx512vl-rust	keccak1600-avx512	fixed	shared	135	latency	4	167247	30095603	153712677	470466165	9031482086	9031482086
keccak1600-avx512vl-rust	keccak1600-avx512	control	empty	135	throughput	0	2000000	2378515	12110247	30000322	9033863664	9033863664
keccak1600-avx512vl-rust	keccak1600-avx512	control	empty	135	latency	0	2000000	2812104	14003505	34000321	9036678721	9036678721
keccak1600-avx512vl-rust	keccak1600-avx512	runtime	shared	136	throughput	0	86373	29369315	148543432	512451354	9066051245	9066051245
keccak1600-avx512vl-rust	keccak1600-avx512	runtime	shared	136	latency	0	86877	30026594	153213431	515615349	9096081268	9096081268
keccak1600-avx512vl-rust	keccak1600-avx512	fixed	shared	136	throughput	0	86137	30130503	153630911	484693245	9126214902	9126214902
keccak1600-avx512vl-rust	keccak1600-avx512	fixed	shared	136	latency	0	84436	30115784	153789357	475290598	9156333865	9156333865
keccak1600-avx512vl-rust	keccak1600-avx512	runtime	stack	136	throughput	0	90056	30079374	153562943	520974314	9186416318	9186416318
keccak1600-avx512vl-rust	keccak1600-avx512	runtime	stack	136	latency	0	88479	30154693	153896070	512028328	9216574171	9216574171
keccak1600-avx512vl-rust	keccak1600-avx512	fixed	stack	136	throughput	0	87233	30067563	153611177	487632825	9246644964	9246644964
keccak1600-avx512vl-rust	keccak1600-avx512	fixed	stack	136	latency	0	85485	30139633	153939731	478032469	9276787667	9276787667
keccak1600-avx512vl-rust	keccak1600-avx512	runtime	asm	136	throughput	0	64733	29851674	153174162	168241422	9306642581	9306642581
keccak1600-avx512vl-rust	keccak1600-avx512	runtime	asm	136	latency	0	65685	30324373	156409120	170847033	9336970014	9336970014
keccak1600-avx512vl-rust	keccak1600-avx512	fixed	asm	136	throughput	0	66945	30476762	157242160	171178720	9367450077	9367450077
keccak1600-avx512vl-rust	keccak1600-avx512	fixed	asm	136	latency	0	57347	26428221	136947555	146751314	9393881383	9393881383
keccak1600-avx512vl-rust	keccak1600-avx512	runtime	stack	136	throughput	1	91778	30540453	156279254	530936080	9424424926	9424424926
keccak1600-avx512vl-rust	keccak1600-avx512	runtime	stack	136	latency	1	88357	30056793	153535413	511322311	9454484839	9454484839
keccak1600-avx512vl-rust	keccak1600-avx512	fixed	stack	136	throughput	1	86681	29918513	152631417	484547140	9484406553	9484406553
keccak1600-avx512vl-rust	keccak1600-avx512	fixed	stack	136	latency	1	85144	30018774	153369745	476125599	9514428996	9514428996
keccak1600-avx512vl-rust	keccak1600-avx512	runtime	asm	136	throughput	1	64149	29569854	151913890	166723599	9544002060	9544002060
keccak1600-avx512vl-rust	keccak1600-avx512	runtime	asm	136	latency	1	45933	21242723	109550214	119472067	9565248002	9565248002
keccak1600-avx512vl-rust	keccak1600-avx512	fixed	asm	136	throughput	1	65106	29874033	153027547	166476393	9595125165	9595125165
keccak1600-avx512vl-rust	keccak1600-avx512	fixed	asm	136	latency	1	65173	30530062	155367962	166778060	9625653918	9625653918
keccak1600-avx512vl-rust	keccak1600-avx512	runtime	shared	136	throughput	1	89012	30146823	153212964	528108544	9655803981	9655803981
keccak1600-avx512vl-rust	keccak1600-avx512	runtime	shared	136	latency	1	87233	30162473	153944674	517728215	9685969934	9685969934
keccak1600-avx512vl-rust	keccak1600-avx512	fixed	shared	136	throughput	1	86330	30208213	153955868	485779261	9716181317	9716181317
keccak1600-avx512vl-rust	keccak1600-avx512	fixed	shared	136	latency	1	84210	30048203	153400327	474018445	9746232590	9746232590
keccak1600-avx512vl-rust	keccak1600-avx512	runtime	asm	136	throughput	2	65596	30220253	155289027	170484358	9776455963	9776455963
keccak1600-avx512vl-rust	keccak1600-avx512	runtime	asm	136	latency	2	65173	30179483	155465055	169515324	9806638637	9806638637
keccak1600-avx512vl-rust	keccak1600-avx512	fixed	asm	136	throughput	2	64842	29598544	152633902	165801345	9836240430	9836240430
keccak1600-avx512vl-rust	keccak1600-avx512	fixed	asm	136	latency	2	63978	29528514	152368070	163720052	9865772064	9865772064
keccak1600-avx512vl-rust	keccak1600-avx512	runtime	shared	136	throughput	2	90438	30368853	155549655	536569008	9896143987	9896143987
keccak1600-avx512vl-rust	keccak1600-avx512	runtime	shared	136	latency	2	86799	30229543	153027169	515152415	9926376930	9926376930
keccak1600-avx512vl-rust	keccak1600-avx512	fixed	shared	136	throughput	2	85637	30025343	152614321	481879754	9956395653	9956395653
keccak1600-avx512vl-rust	keccak1600-avx512	fixed	shared	136	latency	2	84469	30119693	153857808	475476355	9986518586	9986518586
keccak1600-avx512vl-rust	keccak1600-avx512	runtime	stack	136	throughput	2	90352	30139943	153898763	522686673	10016657440	10016657440
keccak1600-avx512vl-rust	keccak1600-avx512	runtime	stack	136	latency	2	88438	30085583	153664852	511791057	10046746543	10046746543
keccak1600-avx512vl-rust	keccak1600-avx512	fixed	stack	136	throughput	2	87272	30102913	153654632	487850833	10076843746	10076843746
keccak1600-avx512vl-rust	keccak1600-avx512	fixed	stack	136	latency	2	85333	30086273	153709177	477182493	10106933009	10106933009
keccak1600-avx512vl-rust	keccak1600-avx512	runtime	shared	136	throughput	3	89468	30130513	153893312	530813988	10137066702	10137066702
keccak1600-avx512vl-rust	keccak1600-avx512	runtime	shared	136	latency	3	87233	30116713	153854119	517728209	10167186816	10167186816
keccak1600-avx512vl-rust	keccak1600-avx512	fixed	shared	136	throughput	3	86330	30138404	153830760	485779264	10197322829	10197322829
keccak1600-avx512vl-rust	keccak1600-avx512	fixed	shared	136	latency	3	84473	30120194	153824424	475498867	10227446262	10227446262
keccak1600-avx512vl-rust	keccak1600-avx512	runtime	stack	136	throughput	3	90014	30011234	153197767	520731340	10257460875	10257460875
keccak1600-avx512vl-rust	keccak1600-avx512	runtime	stack	136	latency	3	88397	30075313	153547967	511553789	10287539478	10287539478
keccak1600-avx512vl-rust	keccak1600-avx512	fixed	stack	136	throughput	3	87233	30073523	153609358	487632822	10317616282	10317616282
keccak1600-avx512vl-rust	keccak1600-avx512	fixed	stack	136	latency	3	85181	30071803	153362997	476332498	10347692375	10347692375
keccak1600-avx512vl-rust	keccak1600-avx512	runtime	asm	136	throughput	3	65151	30399912	154331338	169327797	10378088638	10378088638
keccak1600-avx512vl-rust	keccak1600-avx512	runtime	asm	136	latency	3	64343	30194303	153685085	167356494	10408288831	10408288831
keccak1600-avx512vl-rust	keccak1600-avx512	fixed	asm	136	throughput	3	65439	30066213	154081886	167327869	10438360164	10438360164
keccak1600-avx512vl-rust	keccak1600-avx512	fixed	asm	136	latency	3	65506	30349243	155913780	167630198	10468715007	10468715007
keccak1600-avx512vl-rust	keccak1600-avx512	runtime	stack	136	throughput	4	91254	30428642	155570272	527904738	10499147030	10499147030
keccak1600-avx512vl-rust	keccak1600-avx512	runtime	stack	136	latency	4	88397	30134943	153637953	511553790	10529275243	10529275243
keccak1600-avx512vl-rust	keccak1600-avx512	fixed	stack	136	throughput	4	87471	30187863	154043638	488963240	10559466676	10559466676
keccak1600-avx512vl-rust	keccak1600-avx512	fixed	stack	136	latency	4	85447	30181463	153853802	477819968	10589651509	10589651509
keccak1600-avx512vl-rust	keccak1600-avx512	runtime	asm	136	throughput	4	56804	26285822	134565284	147633942	10615940936	10615940936
keccak1600-avx512vl-rust	keccak1600-avx512	runtime	asm	136	latency	4	63639	29647764	151595966	165525389	10645587379	10645587379
keccak1600-avx512vl-rust	keccak1600-avx512	fixed	asm	136	throughput	4	65484	30002123	154231679	167442934	10675593053	10675593053
keccak1600-avx512vl-rust	keccak1600-avx512	fixed	asm	136	latency	4	65040	29978323	154552159	166437715	10705566856	10705566856
keccak1600-avx512vl-rust	keccak1600-avx512	runtime	shared	136	throughput	4	90310	30390843	155464256	535809583	10735961149	10735961149
keccak1600-avx512vl-rust	keccak1600-avx512	runtime	shared	136	latency	4	87352	30163543	154085359	518434469	10766128002	10766128002
keccak1600-avx512vl-rust	keccak1600-avx512	fixed	shared	136	throughput	4	86253	30139523	153780292	485345978	10796271145	10796271145
keccak1600-avx512vl-rust	keccak1600-avx512	fixed	shared	136	latency	4	84395	30189603	153658505	475059803	10826464458	10826464458
keccak1600-avx512vl-rust	keccak1600-avx512	control	empty	136	throughput	0	2000000	2372354	12060755	30000318	10828840056	10828840056
keccak1600-avx512vl-rust	keccak1600-avx512	control	empty	136	latency	0	2000000	2413385	12009798	34000319	10831256414	10831256414
keccak1600-avx512vl-rust	keccak1600-avx512	runtime	shared	137	throughput	0	86060	29330345	147846002	510938564	10860590288	10860590288
keccak1600-avx512vl-rust	keccak1600-avx512	runtime	shared	137	latency	0	86917	30188463	153486961	516200416	10890776451	10890776451
keccak1600-avx512vl-rust	keccak1600-avx512	fixed	shared	137	throughput	0	88893	30143614	153821673	531491596	10920923934	10920923934
keccak1600-avx512vl-rust	keccak1600-avx512	fixed	shared	137	latency	0	86486	30135503	153716262	517273113	10951055967	10951055967
keccak1600-avx512vl-rust	keccak1600-avx512	runtime	stack	137	throughput	0	90737	30339043	154145747	525186105	10981398310	10981398310
keccak1600-avx512vl-rust	keccak1600-avx512	runtime	stack	137	latency	0	88154	30145103	153164165	510412005	11011547074	11011547074
keccak1600-avx512vl-rust	keccak1600-avx512	fixed	stack	137	throughput	0	86838	30022993	153000866	485685283	11041573707	11041573707
keccak1600-avx512vl-rust	keccak1600-avx512	fixed	stack	137	latency	0	85219	30109443	153577493	476800652	11071686770	11071686770
keccak1600-avx512vl-rust	keccak1600-avx512	runtime	asm	137	throughput	0	63914	29605255	151649150	166304578	11101295574	11101295574
keccak1600-avx512vl-rust	keccak1600-avx512	runtime	asm	137	latency	0	56873	26548581	136910992	148097634	11127847680	11127847680
keccak1600-avx512vl-rust	keccak1600-avx512	fixed	asm	137	throughput	0	65641	30369203	156144476	167975673	11158220593	11158220593
keccak1600-avx512vl-rust	keccak1600-avx512	fixed	asm	137	latency	0	65195	30358192	155511378	166964747	11188582556	11188582556
keccak1600-avx512vl-rust	keccak1600-avx512	runtime	stack	137	throughput	1	91081	30293063	154708741	527177184	11218878679	11218878679
keccak1600-avx512vl-rust	keccak1600-avx512	runtime	stack	137	latency	1	88520	30293983	153927494	512531154	11249175942	11249175942
keccak1600-avx512vl-rust	keccak1600-avx512	fixed	stack	137	throughput	1	86681	29948873	152593992	484807179	11279128385	11279128385
keccak1600-avx512vl-rust	keccak1600-avx512	fixed	stack	137	latency	1	85257	30095643	153572831	477013263	11309227528	11309227528
keccak1600-avx512vl-rust	keccak1600-avx512	runtime	asm	137	throughput	1	64494	29907694	153329042	167813737	11339138582	11339138582
keccak1600-avx512vl-rust	keccak1600-avx512	runtime	asm	137	latency	1	64085	29920383	154201229	166877685	11369062205	11369062205
keccak1600-avx512vl-rust	keccak1600-avx512	fixed	asm	137	throughput	1	64235	29697994	153155006	164377706	11398763569	11398763569
keccak1600-avx512vl-rust	keccak1600-avx512	fixed	asm	137	latency	1	65911	30450572	157027379	168798413	11429217392	11429217392
keccak1600-avx512vl-rust	keccak1600-avx512	runtime	shared	137	throughput	1	90395	30501783	155293497	536675466	11459722874	11459722874
keccak1600-avx512vl-rust	keccak1600-avx512	runtime	shared	137	latency	1	86760	30142153	153200816	515267989	11489868738	11489868738
keccak1600-avx512vl-rust	keccak1600-avx512	fixed	shared	137	throughput	1	88235	30041914	152693477	527557417	11519914081	11519914081
keccak1600-avx512vl-rust	keccak1600-avx512	fixed	shared	137	latency	1	86175	30156013	153274358	515413025	11550073834	11550073834
keccak1600-avx512vl-rust	keccak1600-avx512	runtime	asm	137	throughput	2	64000	29718603	152242917	166528351	11579795918	11579795918
keccak1600-avx512vl-rust	keccak1600-avx512	runtime	asm	137	latency	2	63408	29837564	152445492	165114781	11609636852	11609636852
keccak1600-avx512vl-rust	keccak1600-avx512	fixed	asm	137	throughput	2	65641	30367343	155885110	167975671	11640007565	11640007565
keccak1600-avx512vl-rust	keccak1600-avx512	fixed	asm	137	latency	2	64559	29857673	153962448	165335950	11669862758	11669862758
keccak1600-avx512vl-rust	keccak1600-avx512	runtime	shared	137	throughput	2	90352	30423013	155119284	536420179	11700288841	11700288841
keccak1600-avx512vl-rust	keccak1600-avx512	runtime	shared	137	latency	2	87039	30192144	153720301	516924975	11730484114	11730484114
keccak1600-avx512vl-rust	keccak1600-avx512	fixed	shared	137	throughput	2	88847	30168192	153470453	531216568	11760655507	11760655507
keccak1600-avx512vl-rust	keccak1600-avx512	fixed	shared	137	latency	2	90225	31319201	159030739	539636079	11791978230	11791978230
keccak1600-avx512vl-rust	keccak1600-avx512	runtime	stack	137	throughput	2	90056	30093083	152907059	521244472	11822075023	11822075023
keccak1600-avx512vl-rust	keccak1600-avx512	runtime	stack	137	latency	2	75323	25758433	130896312	436120510	11847837630	11847837630
keccak1600-avx512vl-rust	keccak1600-avx512	fixed	stack	137	throughput	2	86917	30113393	152972809	486127131	11877955303	11877955303
keccak1600-avx512vl-rust	keccak1600-avx512	fixed	stack	137	latency	2	85031	30135034	153104065	475748794	11908095436	11908095436
keccak1600-avx512vl-rust	keccak1600-avx512	runtime	shared	137	throughput	3	89095	30163144	153171570	528957365	11938253919	11938253919
keccak1600-avx512vl-rust	keccak1600-avx512	runtime	shared	137	latency	3	86607	30092454	152948164	514359322	11968350843	11968350843
keccak1600-avx512vl-rust	keccak1600-avx512	fixed	shared	137	throughput	3	86369	29438474	149553737	516400601	11997786557	11997786557
keccak1600-avx512vl-rust	keccak1600-avx512	fixed	shared	137	latency	3	86292	30201863	153451216	516112805	12027991920	12027991920
keccak1600-avx512vl-rust	keccak1600-avx512	runtime	stack	137	throughput	3	90352	30209403	153457488	522957724	12058199333	12058199333
keccak1600-avx512vl-rust	keccak1600-avx512	runtime	stack	137	latency	3	87992	30099793	152969477	509474026	12088303017	12088303017
keccak1600-avx512vl-rust	keccak1600-avx512	fixed	stack	137	throughput	3	86838	30170913	152983925	485685281	12118478040	12118478040
keccak1600-avx512vl-rust	keccak1600-avx512	fixed	stack	137	latency	3	80672	29583384	145421794	451360188	12148065943	12148065943
keccak1600-avx512vl-rust	keccak1600-avx512	runtime	asm	137	throughput	3	62704	30076913	148974725	163156163	12178150107	12178150107
keccak1600-avx512vl-rust	keccak1600-avx512	runtime	asm	137	latency	3	62827	29939623	151008819	163601860	12208099050	12208099050
keccak1600-avx512vl-rust	keccak1600-avx512	fixed	asm	137	throughput	3	63471	29596284	150491425	162422643	12237693614	12237693614
keccak1600-avx512vl-rust	keccak1600-avx512	fixed	asm	137	latency	3	63978	29846794	152332661	163848014	12267545177	12267545177
keccak1600-avx512vl-rust	keccak1600-avx512	runtime	stack	137	throughput	4	91211	30525722	155125378	527929619	12298077360	12298077360
keccak1600-avx512vl-rust	keccak1600-avx512	runtime	stack	137	latency	4	88033	30206093	153133763	509711420	12328291283	12328291283
keccak1600-avx512vl-rust	keccak1600-avx512	fixed	stack	137	throughput	4	86799	30145633	152955997	485467161	12358434366	12358434366
keccak1600-avx512vl-rust	keccak1600-avx512	fixed	stack	137	latency	4	84730	30055933	152768030	474064704	12388493899	12388493899
keccak1600-avx512vl-rust	keccak1600-avx512	runtime	asm	137	throughput	4	64429	29897664	153101413	167644607	12418396973	12418396973
keccak1600-avx512vl-rust	keccak1600-avx512	runtime	asm	137	latency	4	63745	29904623	153393704	165992328	12448307306	12448307306
keccak1600-avx512vl-rust	keccak1600-avx512	fixed	asm	137	throughput	4	63914	29573254	151876807	163556273	12477888720	12477888720
keccak1600-avx512vl-rust	keccak1600-avx512	fixed	asm	137	latency	4	64407	29931343	153593804	164946682	12507817073	12507817073
keccak1600-avx512vl-rust	keccak1600-avx512	runtime	shared	137	throughput	4	89677	30266173	153980372	532412702	12538086726	12538086726
keccak1600-avx512vl-rust	keccak1600-avx512	runtime	shared	137	latency	4	78785	27382099	139138551	467904463	12565465762	12565465762
keccak1600-avx512vl-rust	keccak1600-avx512	fixed	shared	137	throughput	4	88154	30067603	152684225	527073119	12595537235	12595537235
keccak1600-avx512vl-rust	keccak1600-avx512	fixed	shared	137	latency	4	86175	30154224	153255931	515413030	12625689548	12625689548
keccak1600-avx512vl-rust	keccak1600-avx512	control	empty	137	throughput	0	2000000	2377604	12003438	30000320	12628070136	12628070136
keccak1600-avx512vl-rust	keccak1600-avx512	control	empty	137	latency	0	2000000	2835624	14104327	34000320	12630908683	12630908683
keccak1600-avx512vl-rust	keccak1600-avx512	runtime	shared	272	throughput	0	57779	29491534	148980179	512153408	12660403277	12660403277
keccak1600-avx512vl-rust	keccak1600-avx512	runtime	shared	272	latency	0	58411	30144063	153307081	517872273	12690543180	12690543180
keccak1600-avx512vl-rust	keccak1600-avx512	fixed	shared	272	throughput	0	60701	30252183	153805071	564398251	12720799013	12720799013
keccak1600-avx512vl-rust	keccak1600-avx512	fixed	shared	272	latency	0	59259	30096153	152869456	551109043	12750898646	12750898646
keccak1600-avx512vl-rust	keccak1600-avx512	runtime	stack	272	throughput	0	60320	30087853	152910061	522130266	12780989990	12780989990
keccak1600-avx512vl-rust	keccak1600-avx512	runtime	stack	272	latency	0	59424	30153313	153150131	514493343	12811140973	12811140973
keccak1600-avx512vl-rust	keccak1600-avx512	fixed	stack	272	throughput	0	56025	29789274	151559859	471170597	12840933596	12840933596
keccak1600-avx512vl-rust	keccak1600-avx512	fixed	stack	272	latency	0	56091	30184673	153888566	471837837	12871115969	12871115969
keccak1600-avx512vl-rust	keccak1600-avx512	runtime	asm	272	throughput	0	44475	30001094	153907292	167404241	12901120093	12901120093
keccak1600-avx512vl-rust	keccak1600-avx512	runtime	asm	272	latency	0	44281	30538903	155414160	166762596	12931656405	12931656405
keccak1600-avx512vl-rust	keccak1600-avx512	fixed	asm	272	throughput	0	42771	29721104	152482557	159194015	12961381979	12961381979
keccak1600-avx512vl-rust	keccak1600-avx512	fixed	asm	272	latency	0	44098	30570242	157635259	164221306	12991956782	12991956782
keccak1600-avx512vl-rust	keccak1600-avx512	runtime	stack	272	throughput	1	61049	30353623	154804516	528440498	13022313595	13022313595
keccak1600-avx512vl-rust	keccak1600-avx512	runtime	stack	272	latency	1	59479	30180833	153380256	514969533	13052497538	13052497538
keccak1600-avx512vl-rust	keccak1600-avx512	fixed	stack	272	throughput	1	52487	27930118	142039597	441416015	13080431373	13080431373
keccak1600-avx512vl-rust	keccak1600-avx512	fixed	stack	272	latency	1	55813	30130603	153196636	469499311	13110564996	13110564996
keccak1600-avx512vl-rust	keccak1600-avx512	runtime	asm	272	throughput	1	44955	30161383	154497750	169210973	13140729799	13140729799
keccak1600-avx512vl-rust	keccak1600-avx512	runtime	asm	272	latency	1	44188	30152223	154917268	166412360	13170885432	13170885432
keccak1600-avx512vl-rust	keccak1600-avx512	fixed	asm	272	throughput	1	42022	29187895	150012558	156406231	13200077176	13200077176
keccak1600-avx512vl-rust	keccak1600-avx512	fixed	asm	272	latency	1	43321	30044464	154578115	161327753	13230125049	13230125049
keccak1600-avx512vl-rust	keccak1600-avx512	runtime	shared	272	throughput	1	60112	30537623	154948932	532833116	13260667522	13260667522
keccak1600-avx512vl-rust	keccak1600-avx512	runtime	shared	272	latency	1	58358	30154173	153187991	517402374	13290826475	13290826475
keccak1600-avx512vl-rust	keccak1600-avx512	fixed	shared	272	throughput	1	60548	30264603	153426098	562975655	13321095168	13321095168
keccak1600-avx512vl-rust	keccak1600-avx512	fixed	shared	272	latency	1	59186	30130073	152773204	550430145	13351229722	13351229722
keccak1600-avx512vl-rust	keccak1600-avx512	runtime	asm	272	throughput	2	43855	29606854	151219054	165070562	13380840626	13380840626
keccak1600-avx512vl-rust	keccak1600-avx512	runtime	asm	272	latency	2	43586	29756364	152945552	164145230	13410600410	13410600410
keccak1600-avx512vl-rust	keccak1600-avx512	fixed	asm	272	throughput	2	43116	29904043	154012826	160478101	13440507593	13440507593
keccak1600-avx512vl-rust	keccak1600-avx512	fixed	asm	272	latency	2	43606	30232003	155936922	162389092	13470742826	13470742826
keccak1600-avx512vl-rust	keccak1600-avx512	runtime	shared	272	throughput	2	60188	30459842	155212212	533506780	13501206029	13501206029
keccak1600-avx512vl-rust	keccak1600-avx512	runtime	shared	272	latency	2	58715	30327803	154173056	520567545	13531536972	13531536972
keccak1600-avx512vl-rust	keccak1600-avx512	fixed	shared	272	throughput	2	60472	30135603	153189400	562269009	13561675675	13561675675
keccak1600-avx512vl-rust	keccak1600-avx512	fixed	shared	272	latency	2	59442	30258013	153377633	552810952	13591936798	13591936798
keccak1600-avx512vl-rust	keccak1600-avx512	runtime	stack	272	throughput	2	60398	30120594	153107547	522805439	13622060551	13622060551
keccak1600-avx512vl-rust	keccak1600-avx512	runtime	stack	272	latency	2	59497	30197753	153386316	515125380	13652256454	13652256454
keccak1600-avx512vl-rust	keccak1600-avx512	fixed	stack	272	throughput	2	56470	30049393	152722033	474913051	13682309468	13682309468
keccak1600-avx512vl-rust	keccak1600-avx512	fixed	stack	272	latency	2	55684	30058803	152816892	468414161	13712372442	13712372442
keccak1600-avx512vl-rust	keccak1600-avx512	runtime	shared	272	throughput	3	59204	30034204	152658617	524784610	13742410265	13742410265
keccak1600-avx512vl-rust	keccak1600-avx512	runtime	shared	272	latency	3	58323	30117993	153114302	517092070	13772532348	13772532348
keccak1600-avx512vl-rust	keccak1600-avx512	fixed	shared	272	throughput	3	60415	30218492	153082825	561739022	13802754531	13802754531
keccak1600-avx512vl-rust	keccak1600-avx512	fixed	shared	272	latency	3	59424	30280633	153277274	552643550	13833038524	13833038524
keccak1600-avx512vl-rust	keccak1600-avx512	runtime	stack	272	throughput	3	60150	30024533	152431832	520658744	13863066558	13863066558
keccak1600-avx512vl-rust	keccak1600-avx512	runtime	stack	272	latency	3	59442	30137443	153144483	514649182	13893207262	13893207262
keccak1600-avx512vl-rust	keccak1600-avx512	fixed	stack	272	throughput	3	56771	30240993	153587388	477444463	13923451395	13923451395
keccak1600-avx512vl-rust	keccak1600-avx512	fixed	stack	272	latency	3	55749	30007083	152959587	468960943	13953462098	13953462098
keccak1600-avx512vl-rust	keccak1600-avx512	runtime	asm	272	throughput	3	44148	29791544	152521068	166173427	13983249771	13983249771
keccak1600-avx512vl-rust	keccak1600-avx512	runtime	asm	272	latency	3	43986	30021453	153820880	165651628	14013274465	14013274465
keccak1600-avx512vl-rust	keccak1600-avx512	fixed	asm	272	throughput	3	42666	29834014	152042896	158803203	14043101258	14043101258
keccak1600-avx512vl-rust	keccak1600-avx512	fixed	asm	272	latency	3	43146	30112544	154353901	160676057	14073213501	14073213501
keccak1600-avx512vl-rust	keccak1600-avx512	runtime	stack	272	throughput	4	60020	29860164	152380813	519533475	14103076725	14103076725
keccak1600-avx512vl-rust	keccak1600-avx512	runtime	stack	272	latency	4	59461	30136633	153239543	514813691	14133216428	14133216428
keccak1600-avx512vl-rust	keccak1600-avx512	fixed	stack	272	throughput	4	56553	29959813	152994293	475611084	14163179271	14163179271
keccak1600-avx512vl-rust	keccak1600-avx512	fixed	stack	272	latency	4	54825	29532495	150455536	461188254	14192715035	14192715035
keccak1600-avx512vl-rust	keccak1600-avx512	runtime	asm	272	throughput	4	45197	30465442	156029854	170121857	14223176958	14223176958
keccak1600-avx512vl-rust	keccak1600-avx512	runtime	asm	272	latency	4	43865	30085723	154064837	165195934	14253265901	14253265901
keccak1600-avx512vl-rust	keccak1600-avx512	fixed	asm	272	throughput	4	42685	29757744	152633459	158873916	14283026934	14283026934
keccak1600-avx512vl-rust	keccak1600-avx512	fixed	asm	272	latency	4	43370	30142733	155115326	161510225	14313173627	14313173627
keccak1600-avx512vl-rust	keccak1600-avx512	runtime	shared	272	throughput	4	60000	30305493	154702515	531840346	14343482380	14343482380
keccak1600-avx512vl-rust	keccak1600-avx512	runtime	shared	272	latency	4	58625	30285643	153984976	519769597	14373771253	14373771253
keccak1600-avx512vl-rust	keccak1600-avx512	fixed	shared	272	throughput	4	60491	30145343	153154852	562445672	14403913337	14403913337
keccak1600-avx512vl-rust	keccak1600-avx512	fixed	shared	272	latency	4	59389	30145113	153235475	552318054	14434061400	14434061400
keccak1600-avx512vl-rust	keccak1600-avx512	control	empty	272	throughput	0	2000000	2402175	12176823	30000318	14436466608	14436466608
keccak1600-avx512vl-rust	keccak1600-avx512	control	empty	272	latency	0	2000000	2824124	14003576	34000321	14439293605	14439293605
keccak1600-avx512vl-rust	keccak1600-avx512	runtime	shared	532	throughput	0	43646	29802823	150379759	514324816	14469099789	14469099789
keccak1600-avx512vl-rust	keccak1600-avx512	runtime	shared	532	latency	0	43695	29917944	152066995	514989620	14499020973	14499020973
keccak1600-avx512vl-rust	keccak1600-avx512	fixed	shared	532	throughput	0	43204	30132923	153031641	489674485	14529147526	14529147526
keccak1600-avx512vl-rust	keccak1600-avx512	fixed	shared	532	latency	0	42771	30115063	153017168	484852409	14559266139	14559266139
keccak1600-avx512vl-rust	keccak1600-avx512	runtime	stack	532	throughput	0	45272	30109833	153061173	521669610	14589379902	14589379902
keccak1600-avx512vl-rust	keccak1600-avx512	runtime	stack	532	latency	0	40438	27216049	138256938	466048300	14616595258	14616595258
keccak1600-avx512vl-rust	keccak1600-avx512	fixed	stack	532	throughput	0	44423	30131103	153099100	510242926	14646729741	14646729741
keccak1600-avx512vl-rust	keccak1600-avx512	fixed	stack	532	latency	0	43885	30164773	153257645	504151240	14676892404	14676892404
keccak1600-avx512vl-rust	keccak1600-avx512	runtime	asm	532	throughput	0	33601	30122223	154229241	165485282	14707017837	14707017837
keccak1600-avx512vl-rust	keccak1600-avx512	runtime	asm	532	latency	0	33660	30364992	154819885	165843177	14737381520	14737381520
keccak1600-avx512vl-rust	keccak1600-avx512	fixed	asm	532	throughput	0	33350	29743344	152070381	163081856	14767127884	14767127884
keccak1600-avx512vl-rust	keccak1600-avx512	fixed	asm	532	latency	0	33976	30200493	155313957	166210948	14797326327	14797326327
keccak1600-avx512vl-rust	keccak1600-avx512	runtime	stack	532	throughput	1	45978	30473283	155401766	529804851	14827802770	14827802770
keccak1600-avx512vl-rust	keccak1600-avx512	runtime	stack	532	latency	1	41166	27704918	140736831	474438496	14855505725	14855505725
keccak1600-avx512vl-rust	keccak1600-avx512	fixed	stack	532	throughput	1	44454	30162303	153293011	510598994	14885671198	14885671198
keccak1600-avx512vl-rust	keccak1600-avx512	fixed	stack	532	latency	1	38874	26706260	135680271	446584852	14912375844	14912375844
keccak1600-avx512vl-rust	keccak1600-avx512	runtime	asm	532	throughput	1	33069	29588035	151427912	162865178	14941967268	14941967268
keccak1600-avx512vl-rust	keccak1600-avx512	runtime	asm	532	latency	1	33572	30021183	154518577	165409587	14971992761	14971992761
keccak1600-avx512vl-rust	keccak1600-avx512	fixed	asm	532	throughput	1	33886	30016973	154770409	165702892	15002014134	15002014134
keccak1600-avx512vl-rust	keccak1600-avx512	fixed	asm	532	latency	1	33601	29783623	153628398	164376446	15031801718	15031801718
keccak1600-avx512vl-rust	keccak1600-avx512	runtime	shared	532	throughput	1	45102	30383563	155334042	531482323	15062188491	15062188491
keccak1600-avx512vl-rust	keccak1600-avx512	runtime	shared	532	latency	1	44270	30220632	154024194	521766577	15092412204	15092412204
keccak1600-avx512vl-rust	keccak1600-avx512	fixed	shared	532	throughput	1	43272	30158123	153331915	490445203	15122573427	15122573427
keccak1600-avx512vl-rust	keccak1600-avx512	fixed	shared	532	latency	1	42761	30084994	153003992	484739050	15152661470	15152661470
keccak1600-avx512vl-rust	keccak1600-avx512	runtime	asm	532	throughput	2	33206	29637354	151788523	163539907	15182301774	15182301774
keccak1600-avx512vl-rust	keccak1600-avx512	runtime	asm	532	latency	2	33344	29780574	153540499	164286239	15212085677	15212085677
keccak1600-avx512vl-rust	keccak1600-avx512	fixed	asm	532	throughput	2	33749	29943153	154002708	165032964	15242032320	15242032320
keccak1600-avx512vl-rust	keccak1600-avx512	fixed	asm	532	latency	2	33437	29932804	153711666	163574155	15271968174	15271968174
keccak1600-avx512vl-rust	keccak1600-avx512	runtime	shared	532	throughput	2	45124	30365973	155424257	531741567	15302337197	15302337197
keccak1600-avx512vl-rust	keccak1600-avx512	runtime	shared	532	latency	2	44188	30202773	153737052	520800123	15332543010	15332543010
keccak1600-avx512vl-rust	keccak1600-avx512	fixed	shared	532	throughput	2	43438	30210953	153711692	492326652	15362757093	15362757093
keccak1600-avx512vl-rust	keccak1600-avx512	fixed	shared	532	latency	2	42829	30152143	153257344	485509900	15392912416	15392912416
keccak1600-avx512vl-rust	keccak1600-avx512	runtime	stack	532	throughput	2	45594	30289373	154061223	525380013	15423205079	15423205079
keccak1600-avx512vl-rust	keccak1600-avx512	runtime	stack	532	latency	2	45059	30258143	153993895	519305327	15453466402	15453466402
keccak1600-avx512vl-rust	keccak1600-avx512	fixed	stack	532	throughput	2	44662	30262083	153799605	512988079	15483732095	15483732095
keccak1600-avx512vl-rust	keccak1600-avx512	fixed	stack	532	latency	2	43885	30210083	153187101	504151233	15513939368	15513939368
keccak1600-avx512vl-rust	keccak1600-avx512	runtime	shared	532	throughput	3	44547	30077793	153372500	524942196	15544020881	15544020881
keccak1600-avx512vl-rust	keccak1600-avx512	runtime	shared	532	latency	3	44270	30187643	154010971	521766566	15574211824	15574211824
keccak1600-avx512vl-rust	keccak1600-avx512	fixed	shared	532	throughput	3	43409	30225533	153685731	491997951	15604440657	15604440657
keccak1600-avx512vl-rust	keccak1600-avx512	fixed	shared	532	latency	3	42799	30130063	153066927	485169815	15634569251	15634569251
keccak1600-avx512vl-rust	keccak1600-avx512	runtime	stack	532	throughput	3	45293	30099683	153046676	521911594	15664672264	15664672264
keccak1600-avx512vl-rust	keccak1600-avx512	runtime	stack	532	latency	3	44786	30104324	153053239	516159003	15694779717	15694779717
keccak1600-avx512vl-rust	keccak1600-avx512	fixed	stack	532	throughput	3	44404	30135953	153172564	510024702	15724918780	15724918780
keccak1600-avx512vl-rust	keccak1600-avx512	fixed	stack	532	latency	3	43865	30213663	152753760	503921470	15755139123	15755139123
keccak1600-avx512vl-rust	keccak1600-avx512	runtime	asm	532	throughput	3	33018	30004533	150994224	162614001	15785153516	15785153516
keccak1600-avx512vl-rust	keccak1600-avx512	runtime	asm	532	latency	3	33240	29980283	152782788	163773837	15815139130	15815139130
keccak1600-avx512vl-rust	keccak1600-avx512	fixed	asm	532	throughput	3	34054	30291603	155311147	166524411	15845434443	15845434443
keccak1600-avx512vl-rust	keccak1600-avx512	fixed	asm	532	latency	3	33946	30317652	155788913	166064179	15875756206	15875756206
keccak1600-avx512vl-rust	keccak1600-avx512	runtime	stack	532	throughput	4	45944	30442353	155475681	529413062	15906201998	15906201998
keccak1600-avx512vl-rust	keccak1600-avx512	runtime	stack	532	latency	4	44331	29842503	151623400	510915130	15936038842	15936038842
keccak1600-avx512vl-rust	keccak1600-avx512	fixed	stack	532	throughput	4	44465	30144513	153241517	510725349	15966186705	15966186705
keccak1600-avx512vl-rust	keccak1600-avx512	fixed	stack	532	latency	4	43905	30175733	153341364	504380997	15996360248	15996360248
keccak1600-avx512vl-rust	keccak1600-avx512	runtime	asm	532	throughput	4	33385	29803633	152690138	164421478	16026159621	16026159621
keccak1600-avx512vl-rust	keccak1600-avx512	runtime	asm	532	latency	4	33713	30065753	155018257	166104303	16056228465	16056228465
keccak1600-avx512vl-rust	keccak1600-avx512	fixed	asm	532	throughput	4	34322	30352593	156572352	167834933	16086584118	16086584118
keccak1600-avx512vl-rust	keccak1600-avx512	fixed	asm	532	latency	4	34261	30395443	156781166	167605162	16116982621	16116982621
keccak1600-avx512vl-rust	keccak1600-avx512	runtime	shared	532	throughput	4	45261	30459362	155853980	533355979	16147445014	16147445014
keccak1600-avx512vl-rust	keccak1600-avx512	runtime	shared	532	latency	4	44219	30119173	153869192	521165485	16177567208	16177567208
keccak1600-avx512vl-rust	keccak1600-avx512	fixed	shared	532	throughput	4	43458	30255973	153905344	492553326	16207820612	16207820612
keccak1600-avx512vl-rust	keccak1600-avx512	fixed	shared	532	latency	4	42771	30097853	153029427	484852406	16237921615	16237921615
keccak1600-avx512vl-rust	keccak1600-avx512	control	empty	532	throughput	0	2000000	2429284	12231143	30000320	16240354013	16240354013
keccak1600-avx512vl-rust	keccak1600-avx512	control	empty	532	latency	0	2000000	2796894	14004075	34000322	16243153910	16243153910
keccak1600-avx512vl-rust	keccak1600-avx512	runtime	shared	1024	throughput	0	21867	29760674	150319435	514115387	16272917703	16272917703
keccak1600-avx512vl-rust	keccak1600-avx512	runtime	shared	1024	latency	0	22140	30140183	153200775	520578172	16303061657	16303061657
keccak1600-avx512vl-rust	keccak1600-avx512	fixed	shared	1024	throughput	0	22590	30222253	153761851	519976972	16333288541	16333288541
keccak1600-avx512vl-rust	keccak1600-avx512	fixed	shared	1024	latency	0	22335	30094753	153074174	514152052	16363386475	16363386475
keccak1600-avx512vl-rust	keccak1600-avx512	runtime	stack	1024	throughput	0	22020	29223905	148401535	506614490	16392600039	16392600039
keccak1600-avx512vl-rust	keccak1600-avx512	runtime	stack	1024	latency	0	22615	30139564	153212745	520348890	16422742722	16422742722
keccak1600-avx512vl-rust	keccak1600-avx512	fixed	stack	1024	throughput	0	22422	30170793	153348117	511311642	16452916505	16452916505
keccak1600-avx512vl-rust	keccak1600-avx512	fixed	stack	1024	latency	0	22214	30108153	153083276	506612842	16483027758	16483027758
keccak1600-avx512vl-rust	keccak1600-avx512	runtime	asm	1024	throughput	0	17062	30101923	154151682	163539627	16513124161	16513124161
keccak1600-avx512vl-rust	keccak1600-avx512	runtime	asm	1024	latency	0	17204	30164763	155572482	164935102	16543292504	16543292504
keccak1600-avx512vl-rust	keccak1600-avx512	fixed	asm	1024	throughput	0	16583	29106605	149425681	158384584	16572402228	16572402228
keccak1600-avx512vl-rust	keccak1600-avx512	fixed	asm	1024	latency	0	16871	29682324	151873503	161169000	16602088101	16602088101
keccak1600-avx512vl-rust	keccak1600-avx512	runtime	stack	1024	throughput	1	22816	30115063	153759348	524928065	16632206735	16632206735
keccak1600-avx512vl-rust	keccak1600-avx512	runtime	stack	1024	latency	1	22606	30153023	153209703	520141806	16662354929	16662354929
keccak1600-avx512vl-rust	keccak1600-avx512	fixed	stack	1024	throughput	1	22414	30156103	153253843	511129201	16692514462	16692514462
keccak1600-avx512vl-rust	keccak1600-avx512	fixed	stack	1024	latency	1	22253	30171273	153300573	507502278	16722683815	16722683815
keccak1600-avx512vl-rust	keccak1600-avx512	runtime	asm	1024	throughput	1	16811	29671564	151842294	161133787	16752358508	16752358508
keccak1600-avx512vl-rust	keccak1600-avx512	runtime	asm	1024	latency	1	16630	29142915	149905903	159432160	16781499352	16781499352
keccak1600-avx512vl-rust	keccak1600-avx512	fixed	asm	1024	throughput	1	17418	30716262	156892781	166359672	16812218975	16812218975
keccak1600-avx512vl-rust	keccak1600-avx512	fixed	asm	1024	latency	1	16819	29969233	151842415	160672261	16842191528	16842191528
keccak1600-avx512vl-rust	keccak1600-avx512	runtime	shared	1024	throughput	1	22281	30178533	153118192	523848942	16872373181	16872373181
keccak1600-avx512vl-rust	keccak1600-avx512	runtime	shared	1024	latency	1	22150	30106723	153250312	520813301	16902477454	16902477454
keccak1600-avx512vl-rust	keccak1600-avx512	fixed	shared	1024	throughput	1	22380	30009913	152238312	515143188	16932491237	16932491237
keccak1600-avx512vl-rust	keccak1600-avx512	fixed	shared	1024	latency	1	22346	30139543	153065775	514405266	16962628920	16962628920
keccak1600-avx512vl-rust	keccak1600-avx512	runtime	asm	1024	throughput	2	16891	29859144	152734505	161900580	16992491394	16992491394
keccak1600-avx512vl-rust	keccak1600-avx512	runtime	asm	1024	latency	2	17167	29961563	154282139	164580375	17022456157	17022456157
keccak1600-avx512vl-rust	keccak1600-avx512	fixed	asm	1024	throughput	2	17116	29939813	154401407	163475263	17052399150	17052399150
keccak1600-avx512vl-rust	keccak1600-avx512	fixed	asm	1024	latency	2	17286	30262023	156033739	165133502	17082664973	17082664973
keccak1600-avx512vl-rust	keccak1600-avx512	runtime	shared	1024	throughput	2	22644	30500142	155710609	532383442	17113169666	17113169666
keccak1600-avx512vl-rust	keccak1600-avx512	runtime	shared	1024	latency	2	22152	30145693	153267629	520860330	17143319349	17143319349
keccak1600-avx512vl-rust	keccak1600-avx512	fixed	shared	1024	throughput	2	22500	30117863	153076136	517905352	17173440412	17173440412
keccak1600-avx512vl-rust	keccak1600-avx512	fixed	shared	1024	latency	2	22359	30171923	153275424	514704532	17203615415	17203615415
keccak1600-avx512vl-rust	keccak1600-avx512	runtime	stack	1024	throughput	2	22735	30149773	153215265	523064492	17233768418	17233768418
keccak1600-avx512vl-rust	keccak1600-avx512	runtime	stack	1024	latency	2	22633	30177143	153327351	520763049	17263948941	17263948941
keccak1600-avx512vl-rust	keccak1600-avx512	fixed	stack	1024	throughput	2	22419	30166583	153356310	511243229	17294118724	17294118724
keccak1600-avx512vl-rust	keccak1600-avx512	fixed	stack	1024	latency	2	21220	28755356	146198074	483943669	17322877419	17322877419
keccak1600-avx512vl-rust	keccak1600-avx512	runtime	shared	1024	throughput	3	22289	30074064	153185920	524037036	17352954632	17352954632
keccak1600-avx512vl-rust	keccak1600-avx512	runtime	shared	1024	latency	3	21369	29086426	147929465	502449649	17382044656	17382044656
keccak1600-avx512vl-rust	keccak1600-avx512	fixed	shared	1024	throughput	3	22498	30126624	153157254	517859314	17412174809	17412174809
keccak1600-avx512vl-rust	keccak1600-avx512	fixed	shared	1024	latency	3	22333	30111294	153077014	514106012	17442289182	17442289182
keccak1600-avx512vl-rust	keccak1600-avx512	runtime	stack	1024	throughput	3	22735	30180153	153294098	523064499	17472472565	17472472565
keccak1600-avx512vl-rust	keccak1600-avx512	runtime	stack	1024	latency	3	21490	28635976	145597624	494463759	17501111670	17501111670
keccak1600-avx512vl-rust	keccak1600-avx512	fixed	stack	1024	throughput	3	22304	30008703	152514213	508620767	17531123844	17531123844
keccak1600-avx512vl-rust	keccak1600-avx512	fixed	stack	1024	latency	3	22235	30137333	153186313	507091763	17561265057	17561265057
keccak1600-avx512vl-rust	keccak1600-avx512	runtime	asm	1024	throughput	3	16867	29834453	152186165	161670551	17591097140	17591097140
keccak1600-avx512vl-rust	keccak1600-avx512	runtime	asm	1024	latency	3	17367	30432272	156238765	166497787	17621532553	17621532553
keccak1600-avx512vl-rust	keccak1600-avx512	fixed	asm	1024	throughput	3	17039	29769834	153244541	162739844	17651305636	17651305636
keccak1600-avx512vl-rust	keccak1600-avx512	fixed	asm	1024	latency	3	17196	30104563	155166894	164273743	17681413269	17681413269
keccak1600-avx512vl-rust	keccak1600-avx512	runtime	stack	1024	throughput	4	23076	30529352	155509544	530909881	17711945762	17711945762
keccak1600-avx512vl-rust	keccak1600-avx512	runtime	stack	1024	latency	4	22628	30153953	153245923	520648000	17742103085	17742103085
keccak1600-avx512vl-rust	keccak1600-avx512	fixed	stack	1024	throughput	4	22422	30159503	153267021	511311634	17772265938	17772265938
keccak1600-avx512vl-rust	keccak1600-avx512	fixed	stack	1024	latency	4	22237	30131713	153139369	507137370	17802401121	17802401121
keccak1600-avx512vl-rust	keccak1600-avx512	runtime	asm	1024	throughput	4	17037	30042503	153695314	163299992	17832447225	17832447225
keccak1600-avx512vl-rust	keccak1600-avx512	runtime	asm	1024	latency	4	16935	29711074	152632656	162356191	17862161769	17862161769
keccak1600-avx512vl-rust	keccak1600-avx512	fixed	asm	1024	throughput	4	17413	30592132	157452291	166311918	17892757132	17892757132
keccak1600-avx512vl-rust	keccak1600-avx512	fixed	asm	1024	latency	4	17373	30779821	156913874	165964622	17923532894	17923532894
keccak1600-avx512vl-rust	keccak1600-avx512	runtime	shared	1024	throughput	4	21697	29277945	149162385	510118520	17952814198	17952814198
keccak1600-avx512vl-rust	keccak1600-avx512	runtime	shared	1024	latency	4	22150	30166843	153305702	520813302	17982978801	17982978801
keccak1600-avx512vl-rust	keccak1600-avx512	fixed	shared	1024	throughput	4	22409	29967484	152356040	515810716	18012949424	18012949424
keccak1600-avx512vl-rust	keccak1600-avx512	fixed	shared	1024	latency	4	22338	30127313	153076762	514221108	18043074377	18043074377
keccak1600-avx512vl-rust	keccak1600-avx512	control	empty	1024	throughput	0	2000000	1989645	10078135	30000319	18045066986	18045066986
keccak1600-avx512vl-rust	keccak1600-avx512	control	empty	1024	latency	0	2000000	3240993	16090686	34000323	18048310873	18048310873
keccak1600-avx512vl-rust	keccak1600-avx512	runtime	shared	4096	throughput	0	5579	29492134	148698889	507321133	18077802447	18077802447
keccak1600-avx512vl-rust	keccak1600-avx512	runtime	shared	4096	latency	0	5709	30002584	152438199	519153978	18107809170	18107809170
keccak1600-avx512vl-rust	keccak1600-avx512	fixed	shared	4096	throughput	0	5653	29839664	151711017	518516124	18137652943	18137652943
keccak1600-avx512vl-rust	keccak1600-avx512	fixed	shared	4096	latency	0	5704	30176993	153265982	523205463	18167826476	18167826476
keccak1600-avx512vl-rust	keccak1600-avx512	runtime	stack	4096	throughput	0	5854	30009503	152516787	521252223	18197839189	18197839189
keccak1600-avx512vl-rust	keccak1600-avx512	runtime	stack	4096	latency	0	5870	30128153	153105551	522688633	18227970493	18227970493
keccak1600-avx512vl-rust	keccak1600-avx512	fixed	stack	4096	throughput	0	5850	30173883	153225844	516414950	18258147496	18258147496
keccak1600-avx512vl-rust	keccak1600-avx512	fixed	stack	4096	latency	0	5828	30094063	152919920	514484528	18288245549	18288245549
keccak1600-avx512vl-rust	keccak1600-avx512	runtime	asm	4096	throughput	0	4395	29501714	150883351	159899233	18317751513	18317751513
keccak1600-avx512vl-rust	keccak1600-avx512	runtime	asm	4096	latency	0	4445	29806124	153152052	161727224	18347561247	18347561247
keccak1600-avx512vl-rust	keccak1600-avx512	fixed	asm	4096	throughput	0	4472	29965603	154184418	162526242	18377523370	18377523370
keccak1600-avx512vl-rust	keccak1600-avx512	fixed	asm	4096	latency	0	4445	29724894	153237498	161553870	18407251924	18407251924
keccak1600-avx512vl-rust	keccak1600-avx512	runtime	stack	4096	throughput	1	5894	30138153	153442988	524813901	18437394317	18437394317
keccak1600-avx512vl-rust	keccak1600-avx512	runtime	stack	4096	latency	1	5876	30144883	153247055	523222897	18467542600	18467542600
keccak1600-avx512vl-rust	keccak1600-avx512	fixed	stack	4096	throughput	1	5850	30169793	153302678	516414956	18497706283	18497706283
keccak1600-avx512vl-rust	keccak1600-avx512	fixed	stack	4096	latency	1	5827	30086853	152912267	514396266	18527796316	18527796316
keccak1600-avx512vl-rust	keccak1600-avx512	runtime	asm	4096	throughput	1	4482	30116373	153771751	163064478	18557916150	18557916150
keccak1600-avx512vl-rust	keccak1600-avx512	runtime	asm	4096	latency	1	4422	30190683	152534319	160890403	18588110143	18588110143
keccak1600-avx512vl-rust	keccak1600-avx512	fixed	asm	4096	throughput	1	4471	30104154	153970574	162489909	18618213926	18618213926
keccak1600-avx512vl-rust	keccak1600-avx512	fixed	asm	4096	latency	1	4527	30316083	155624243	164534163	18648534470	18648534470
keccak1600-avx512vl-rust	keccak1600-avx512	runtime	shared	4096	throughput	1	5829	30416142	155482743	530054638	18678946713	18678946713
keccak1600-avx512vl-rust	keccak1600-avx512	runtime	shared	4096	latency	1	5712	29992823	152582027	519426782	18708943076	18708943076
keccak1600-avx512vl-rust	keccak1600-avx512	fixed	shared	4096	throughput	1	5675	29988333	152271297	520534059	18738929179	18738929179
keccak1600-avx512vl-rust	keccak1600-avx512	fixed	shared	4096	latency	1	5594	29605044	150436409	513115599	18768537932	18768537932
keccak1600-avx512vl-rust	keccak1600-avx512	runtime	asm	4096	throughput	2	4437	29773344	152238015	161427292	18798315235	18798315235
keccak1600-avx512vl-rust	keccak1600-avx512	runtime	asm	4096	latency	2	4488	30097923	154673772	163291750	18828416498	18828416498
keccak1600-avx512vl-rust	keccak1600-avx512	fixed	asm	4096	throughput	2	4483	29919593	154161481	162926025	18858333081	18858333081
keccak1600-avx512vl-rust	keccak1600-avx512	fixed	asm	4096	latency	2	4476	30002113	153798350	162680578	18888338755	18888338755
keccak1600-avx512vl-rust	keccak1600-avx512	runtime	shared	4096	throughput	2	5653	29844414	150797492	514050252	18918187359	18918187359
keccak1600-avx512vl-rust	keccak1600-avx512	runtime	shared	4096	latency	2	5710	30033213	152485424	519244918	18948218083	18948218083
keccak1600-avx512vl-rust	keccak1600-avx512	fixed	shared	4096	throughput	2	5671	29927724	152162662	520167157	18978149307	18978149307
keccak1600-avx512vl-rust	keccak1600-avx512	fixed	shared	4096	latency	2	5656	29900603	152014301	518802609	19008053371	19008053371
keccak1600-avx512vl-rust	keccak1600-avx512	runtime	stack	4096	throughput	2	5880	30126073	153155781	523567309	19038182955	19038182955
keccak1600-avx512vl-rust	keccak1600-avx512	runtime	stack	4096	latency	2	5796	29741283	151177915	516099375	19067928379	19067928379
keccak1600-avx512vl-rust	keccak1600-avx512	fixed	stack	4096	throughput	2	5769	29718324	151139099	509264598	19097649953	19097649953
keccak1600-avx512vl-rust	keccak1600-avx512	fixed	stack	4096	latency	2	5840	30132973	153236776	515543877	19127786046	19127786046
keccak1600-avx512vl-rust	keccak1600-avx512	runtime	shared	4096	throughput	3	5742	30038444	153146657	522143386	19157828150	19157828150
keccak1600-avx512vl-rust	keccak1600-avx512	runtime	shared	4096	latency	3	5741	30109043	153280526	522063932	19187940224	19187940224
keccak1600-avx512vl-rust	keccak1600-avx512	fixed	shared	4096	throughput	3	5712	30154993	153266738	523927846	19218098287	19218098287
keccak1600-avx512vl-rust	keccak1600-avx512	fixed	shared	4096	latency	3	5705	30162213	153340053	523297189	19248263560	19248263560
keccak1600-avx512vl-rust	keccak1600-avx512	runtime	stack	4096	throughput	3	5823	29831104	151691181	518491919	19278097873	19278097873
keccak1600-avx512vl-rust	keccak1600-avx512	runtime	stack	4096	latency	3	5857	30052733	152762830	521531061	19308153676	19308153676
keccak1600-avx512vl-rust	keccak1600-avx512	fixed	stack	4096	throughput	3	5845	30124513	153157484	515973575	19338281239	19338281239
keccak1600-avx512vl-rust	keccak1600-avx512	fixed	stack	4096	latency	3	5840	30139723	153182178	515543867	19368424142	19368424142
keccak1600-avx512vl-rust	keccak1600-avx512	runtime	asm	4096	throughput	3	4425	29689654	151860003	160990695	19398117096	19398117096
keccak1600-avx512vl-rust	keccak1600-avx512	runtime	asm	4096	latency	3	4428	29694984	152531153	161108704	19427799760	19427799760
keccak1600-avx512vl-rust	keccak1600-avx512	fixed	asm	4096	throughput	3	4544	30342342	156377174	165142944	19458146303	19458146303
keccak1600-avx512vl-rust	keccak1600-avx512	fixed	asm	4096	latency	3	4446	29638194	152819019	161590222	19487788617	19487788617
keccak1600-avx512vl-rust	keccak1600-avx512	runtime	stack	4096	throughput	4	5968	30463702	155401130	531403003	19518255530	19518255530
keccak1600-avx512vl-rust	keccak1600-avx512	runtime	stack	4096	latency	4	5876	30150083	153252380	523222891	19548409103	19548409103
keccak1600-avx512vl-rust	keccak1600-avx512	fixed	stack	4096	throughput	4	5841	30214532	152938541	515620465	19578627126	19578627126
keccak1600-avx512vl-rust	keccak1600-avx512	fixed	stack	4096	latency	4	5797	30010914	152074690	511747918	19608641270	19608641270
keccak1600-avx512vl-rust	keccak1600-avx512	runtime	asm	4096	throughput	4	4445	29791623	152422411	161718343	19638430994	19638430994
keccak1600-avx512vl-rust	keccak1600-avx512	runtime	asm	4096	latency	4	4492	30080883	154870459	163437278	19668516097	19668516097
keccak1600-avx512vl-rust	keccak1600-avx512	fixed	asm	4096	throughput	4	4456	29773074	153576346	161944753	19698292560	19698292560
keccak1600-avx512vl-rust	keccak1600-avx512	fixed	asm	4096	latency	4	4512	30058583	155051615	163988992	19728354543	19728354543
keccak1600-avx512vl-rust	keccak1600-avx512	runtime	shared	4096	throughput	4	5828	30461732	155467344	529963706	19758819436	19758819436
keccak1600-avx512vl-rust	keccak1600-avx512	runtime	shared	4096	latency	4	5768	30284103	154012325	524519198	19789106839	19789106839
keccak1600-avx512vl-rust	keccak1600-avx512	fixed	shared	4096	throughput	4	5712	30150543	153233763	523927837	19819260752	19819260752
keccak1600-avx512vl-rust	keccak1600-avx512	fixed	shared	4096	latency	4	5652	29873783	151881564	518435703	19849137755	19849137755
keccak1600-avx512vl-rust	keccak1600-avx512	control	empty	4096	throughput	0	2000000	2382575	12027713	30000322	19851523323	19851523323
keccak1600-avx512vl-rust	keccak1600-avx512	control	empty	4096	latency	0	2000000	2422445	12061988	34000320	19853948771	19853948771
keccak1600-avx512vl-rust	keccak1600-avx512	runtime	shared	16384	throughput	0	1433	29533734	149134202	508305519	19883478645	19883478645
keccak1600-avx512vl-rust	keccak1600-avx512	runtime	shared	16384	latency	0	1468	30056693	152779693	520723438	19913538948	19913538948
keccak1600-avx512vl-rust	keccak1600-avx512	fixed	shared	16384	throughput	0	1490	30215793	153474888	518049510	19943751572	19943751572
keccak1600-avx512vl-rust	keccak1600-avx512	fixed	shared	16384	latency	0	1479	29985503	152367365	514227941	19973740655	19973740655
keccak1600-avx512vl-rust	keccak1600-avx512	runtime	stack	16384	throughput	0	1496	29909683	151894746	519755628	20003648468	20003648468
keccak1600-avx512vl-rust	keccak1600-avx512	runtime	stack	16384	latency	0	1502	30030873	152556890	521843220	20033682611	20033682611
keccak1600-avx512vl-rust	keccak1600-avx512	fixed	stack	16384	throughput	0	1483	29898654	151963557	515417000	20063584504	20063584504
keccak1600-avx512vl-rust	keccak1600-avx512	fixed	stack	16384	latency	0	1489	30046104	152704979	517505281	20093634457	20093634457
keccak1600-avx512vl-rust	keccak1600-avx512	runtime	asm	16384	throughput	0	1141	29820604	152585519	161143779	20123458791	20123458791
keccak1600-avx512vl-rust	keccak1600-avx512	runtime	asm	16384	latency	0	1144	29817284	153367914	161569766	20153281234	20153281234
keccak1600-avx512vl-rust	keccak1600-avx512	fixed	asm	16384	throughput	0	1149	29938483	153959008	162231111	20183214478	20183214478
keccak1600-avx512vl-rust	keccak1600-avx512	fixed	asm	16384	latency	0	1144	30016453	152795506	161527435	20213234501	20213234501
keccak1600-avx512vl-rust	keccak1600-avx512	runtime	stack	16384	throughput	1	1510	30066873	153387449	524619655	20243304514	20243304514
keccak1600-avx512vl-rust	keccak1600-avx512	runtime	stack	16384	latency	1	1502	30005283	152664341	521843218	20273313197	20273313197
keccak1600-avx512vl-rust	keccak1600-avx512	fixed	stack	16384	throughput	1	1499	30248182	153653281	520977802	20303557760	20303557760
keccak1600-avx512vl-rust	keccak1600-avx512	fixed	stack	16384	latency	1	1491	30086623	152931901	518200386	20333648413	20333648413
keccak1600-avx512vl-rust	keccak1600-avx512	runtime	asm	16384	throughput	1	1131	29484945	151137410	159731485	20363136816	20363136816
keccak1600-avx512vl-rust	keccak1600-avx512	runtime	asm	16384	latency	1	1156	30138493	155245302	163264539	20393278780	20393278780
keccak1600-avx512vl-rust	keccak1600-avx512	fixed	asm	16384	throughput	1	1159	30080774	155159618	163643038	20423356593	20423356593
keccak1600-avx512vl-rust	keccak1600-avx512	fixed	asm	16384	latency	1	1150	29861054	153954468	162374602	20453221877	20453221877
keccak1600-avx512vl-rust	keccak1600-avx512	runtime	shared	16384	throughput	1	1486	30262893	154597107	527105355	20483483380	20483483380
keccak1600-avx512vl-rust	keccak1600-avx512	runtime	shared	16384	latency	1	1470	30125403	152999777	521432866	20513612273	20513612273
keccak1600-avx512vl-rust	keccak1600-avx512	fixed	shared	16384	throughput	1	1480	29918163	152482452	514572676	20543530416	20543530416
keccak1600-avx512vl-rust	keccak1600-avx512	fixed	shared	16384	latency	1	1481	30042764	152691193	514923323	20573576740	20573576740
keccak1600-avx512vl-rust	keccak1600-avx512	runtime	asm	16384	throughput	2	1140	29770554	152623093	161002552	20603341343	20603341343
keccak1600-avx512vl-rust	keccak1600-avx512	runtime	asm	16384	latency	2	1145	29848104	153759326	161710996	20633192546	20633192546
keccak1600-avx512vl-rust	keccak1600-avx512	fixed	asm	16384	throughput	2	1145	29676984	152969793	161666339	20662867690	20662867690
keccak1600-avx512vl-rust	keccak1600-avx512	fixed	asm	16384	latency	2	1157	29980724	154587676	163362967	20692851783	20692851783
keccak1600-avx512vl-rust	keccak1600-avx512	runtime	shared	16384	throughput	2	1490	30378863	155053791	528524211	20723234236	20723234236
keccak1600-avx512vl-rust	keccak1600-avx512	runtime	shared	16384	latency	2	1460	29860083	151941035	517885709	20753097790	20753097790
keccak1600-avx512vl-rust	keccak1600-avx512	fixed	shared	16384	throughput	2	1480	30021913	152480065	514572675	20783117514	20783117514
keccak1600-avx512vl-rust	keccak1600-avx512	fixed	shared	16384	latency	2	1481	30025233	152607327	514923314	20813146097	20813146097
keccak1600-avx512vl-rust	keccak1600-avx512	runtime	stack	16384	throughput	2	1493	29911194	151627161	518713340	20843055420	20843055420
keccak1600-avx512vl-rust	keccak1600-avx512	runtime	stack	16384	latency	2	1503	30045673	152692921	522190644	20873108433	20873108433
keccak1600-avx512vl-rust	keccak1600-avx512	fixed	stack	16384	throughput	2	1476	29767224	151257027	512984147	20902880666	20902880666
keccak1600-avx512vl-rust	keccak1600-avx512	fixed	stack	16384	latency	2	1489	30042053	152675140	517505277	20932926319	20932926319
keccak1600-avx512vl-rust	keccak1600-avx512	runtime	shared	16384	throughput	3	1465	29935744	152422713	519656359	20962865242	20962865242
keccak1600-avx512vl-rust	keccak1600-avx512	runtime	shared	16384	latency	3	1475	30163583	153530297	523206451	20993032115	20993032115
keccak1600-avx512vl-rust	keccak1600-avx512	fixed	shared	16384	throughput	3	1486	30101393	153089937	516658771	21023136749	21023136749
keccak1600-avx512vl-rust	keccak1600-avx512	fixed	shared	16384	latency	3	1482	30027953	152746542	515271001	21053167932	21053167932
keccak1600-avx512vl-rust	keccak1600-avx512	runtime	stack	16384	throughput	3	1499	29961293	152262357	520797912	21083132545	21083132545
keccak1600-avx512vl-rust	keccak1600-avx512	runtime	stack	16384	latency	3	1499	29977333	152323560	520800911	21113113158	21113113158
keccak1600-avx512vl-rust	keccak1600-avx512	fixed	stack	16384	throughput	3	1489	30104833	152645333	517502302	21143221321	21143221321
keccak1600-avx512vl-rust	keccak1600-avx512	fixed	stack	16384	latency	3	1480	29854003	151697197	514377306	21173078974	21173078974
keccak1600-avx512vl-rust	keccak1600-avx512	runtime	asm	16384	throughput	3	1138	29706244	152106945	160720087	21202788608	21202788608
keccak1600-avx512vl-rust	keccak1600-avx512	runtime	asm	16384	latency	3	1148	29898534	153943782	162134681	21232690541	21232690541
keccak1600-avx512vl-rust	keccak1600-avx512	fixed	asm	16384	throughput	3	1147	29865333	154019684	161948721	21262559115	21262559115
keccak1600-avx512vl-rust	keccak1600-avx512	fixed	asm	16384	latency	3	1155	29972343	154520297	163080572	21292534728	21292534728
keccak1600-avx512vl-rust	keccak1600-avx512	runtime	stack	16384	throughput	4	1526	30371142	155070665	530178530	21322909021	21322909021
keccak1600-avx512vl-rust	keccak1600-avx512	runtime	stack	16384	latency	4	1501	29989004	152460340	521495777	21352901285	21352901285
keccak1600-avx512vl-rust	keccak1600-avx512	fixed	stack	16384	throughput	4	1478	29808984	151465621	513679254	21382713479	21382713479
keccak1600-avx512vl-rust	keccak1600-avx512	fixed	stack	16384	latency	4	1490	30060594	152760999	517852830	21412777203	21412777203
keccak1600-avx512vl-rust	keccak1600-avx512	runtime	asm	16384	throughput	4	1136	29749354	151919147	160437629	21442529866	21442529866
keccak1600-avx512vl-rust	keccak1600-avx512	runtime	asm	16384	latency	4	1148	30293923	154007559	162134691	21472827169	21472827169
keccak1600-avx512vl-rust	keccak1600-avx512	fixed	asm	16384	throughput	4	1120	29311165	149694120	158136516	21502136972	21502136972
keccak1600-avx512vl-rust	keccak1600-avx512	fixed	asm	16384	latency	4	1143	29699024	152583345	161386242	21531839085	21531839085
keccak1600-avx512vl-rust	keccak1600-avx512	runtime	shared	16384	throughput	4	1490	30278343	155027503	528524215	21562120438	21562120438
keccak1600-avx512vl-rust	keccak1600-avx512	runtime	shared	16384	latency	4	1465	29918364	152512837	519659290	21592042022	21592042022
keccak1600-avx512vl-rust	keccak1600-avx512	fixed	shared	16384	throughput	4	1490	30187213	153447527	518049507	21622232785	21622232785
keccak1600-avx512vl-rust	keccak1600-avx512	fixed	shared	16384	latency	4	1474	29837753	151874352	512489514	21652074138	21652074138
keccak1600-avx512vl-rust	keccak1600-avx512	control	empty	16384	throughput	0	2000000	2360655	12006111	30000319	21654437816	21654437816
keccak1600-avx512vl-rust	keccak1600-avx512	control	empty	16384	latency	0	2000000	2438415	12197582	34000319	21656879154	21656879154
keccak1600-avx512vl-rust	keccak1600-avx512	runtime	shared	131072	throughput	0	182	29764624	150816899	514249175	21686647458	21686647458
keccak1600-avx512vl-rust	keccak1600-avx512	runtime	shared	131072	latency	0	184	29909684	152477451	519900623	21716560702	21716560702
keccak1600-avx512vl-rust	keccak1600-avx512	fixed	shared	131072	throughput	0	179	30005363	152573715	481612377	21746569485	21746569485
keccak1600-avx512vl-rust	keccak1600-avx512	fixed	shared	131072	latency	0	179	29964584	152589953	481612739	21776531098	21776531098
keccak1600-avx512vl-rust	keccak1600-avx512	runtime	stack	131072	throughput	0	189	30091074	152853797	523092436	21806617451	21806617451
keccak1600-avx512vl-rust	keccak1600-avx512	runtime	stack	131072	latency	0	188	29922434	152092996	520325131	21836543794	21836543794
keccak1600-avx512vl-rust	keccak1600-avx512	fixed	stack	131072	throughput	0	189	29891044	151901012	518906083	21866438528	21866438528
keccak1600-avx512vl-rust	keccak1600-avx512	fixed	stack	131072	latency	0	189	29894583	151921886	518906462	21896336712	21896336712
keccak1600-avx512vl-rust	keccak1600-avx512	runtime	asm	131072	throughput	0	143	29716104	152585717	160635822	21926056785	21926056785
keccak1600-avx512vl-rust	keccak1600-avx512	runtime	asm	131072	latency	0	145	30053194	154419432	162882768	21956113758	21956113758
keccak1600-avx512vl-rust	keccak1600-avx512	fixed	asm	131072	throughput	0	143	29738424	152322700	160630960	21985855652	21985855652
keccak1600-avx512vl-rust	keccak1600-avx512	fixed	asm	131072	latency	0	144	29900814	153674164	161754538	22015759935	22015759935
keccak1600-avx512vl-rust	keccak1600-avx512	runtime	stack	131072	throughput	1	189	30074323	152865257	523092434	22045837718	22045837718
keccak1600-avx512vl-rust	keccak1600-avx512	runtime	stack	131072	latency	1	189	30058273	152880022	523092815	22075893471	22075893471
keccak1600-avx512vl-rust	keccak1600-avx512	fixed	stack	131072	throughput	1	189	29893783	151922333	518906083	22105790734	22105790734
keccak1600-avx512vl-rust	keccak1600-avx512	fixed	stack	131072	latency	1	189	29874373	151902447	518906458	22135668768	22135668768
keccak1600-avx512vl-rust	keccak1600-avx512	runtime	asm	131072	throughput	1	144	29843774	153421538	161759151	22165505881	22165505881
keccak1600-avx512vl-rust	keccak1600-avx512	runtime	asm	131072	latency	1	144	30050134	153445795	161759442	22195556514	22195556514
keccak1600-avx512vl-rust	keccak1600-avx512	fixed	asm	131072	throughput	1	143	29831884	152968542	160630960	22225392337	22225392337
keccak1600-avx512vl-rust	keccak1600-avx512	fixed	asm	131072	latency	1	144	29696024	153163463	161754539	22255091870	22255091870
keccak1600-avx512vl-rust	keccak1600-avx512	runtime	shared	131072	throughput	1	185	30013614	153279006	522725804	22285104213	22285104213
keccak1600-avx512vl-rust	keccak1600-avx512	runtime	shared	131072	latency	1	184	29860593	152492489	519900626	22314969257	22314969257
keccak1600-avx512vl-rust	keccak1600-avx512	fixed	shared	131072	throughput	1	179	29942444	152596323	481612379	22344916180	22344916180
keccak1600-avx512vl-rust	keccak1600-avx512	fixed	shared	131072	latency	1	179	29909424	152576918	481612738	22374823874	22374823874
keccak1600-avx512vl-rust	keccak1600-avx512	runtime	asm	131072	throughput	2	144	29982203	153641016	161759149	22404810137	22404810137
keccak1600-avx512vl-rust	keccak1600-avx512	runtime	asm	131072	latency	2	144	29904693	153331873	161759436	22434718481	22434718481
keccak1600-avx512vl-rust	keccak1600-avx512	fixed	asm	131072	throughput	2	144	29767254	153507997	161754253	22464489175	22464489175
keccak1600-avx512vl-rust	keccak1600-avx512	fixed	asm	131072	latency	2	145	29873034	154136940	162877829	22494365748	22494365748
keccak1600-avx512vl-rust	keccak1600-avx512	runtime	shared	131072	throughput	2	185	30041734	153440741	522725804	22524411111	22524411111
keccak1600-avx512vl-rust	keccak1600-avx512	runtime	shared	131072	latency	2	184	29875073	152537363	519900633	22554289824	22554289824
keccak1600-avx512vl-rust	keccak1600-avx512	fixed	shared	131072	throughput	2	179	29966093	152609923	481612386	22584259237	22584259237
keccak1600-avx512vl-rust	keccak1600-avx512	fixed	shared	131072	latency	2	179	29923074	152628632	481612743	22614185760	22614185760
keccak1600-avx512vl-rust	keccak1600-avx512	runtime	stack	131072	throughput	2	189	30125193	152976146	523092436	22644314203	22644314203
keccak1600-avx512vl-rust	keccak1600-avx512	runtime	stack	131072	latency	2	188	29895864	152151014	520325136	22674213406	22674213406
keccak1600-avx512vl-rust	keccak1600-avx512	fixed	stack	131072	throughput	2	190	30033404	152734864	521651627	22704250289	22704250289
keccak1600-avx512vl-rust	keccak1600-avx512	fixed	stack	131072	latency	2	189	29869043	151924970	518906470	22734122572	22734122572
keccak1600-avx512vl-rust	keccak1600-avx512	runtime	shared	131072	throughput	3	184	29955944	152493853	519900267	22764081665	22764081665
keccak1600-avx512vl-rust	keccak1600-avx512	runtime	shared	131072	latency	3	184	29939443	152524691	519900636	22794024319	22794024319
keccak1600-avx512vl-rust	keccak1600-avx512	fixed	shared	131072	throughput	3	179	29998634	152625522	481612389	22824026092	22824026092
keccak1600-avx512vl-rust	keccak1600-avx512	fixed	shared	131072	latency	3	179	30010983	152607163	481612742	22854040166	22854040166
keccak1600-avx512vl-rust	keccak1600-avx512	runtime	stack	131072	throughput	3	189	30092433	152921285	523092446	22884135870	22884135870
keccak1600-avx512vl-rust	keccak1600-avx512	runtime	stack	131072	latency	3	188	29914763	152102919	520325138	22914054664	22914054664
keccak1600-avx512vl-rust	keccak1600-avx512	fixed	stack	131072	throughput	3	189	29868044	151884513	518906092	22943926428	22943926428
keccak1600-avx512vl-rust	keccak1600-avx512	fixed	stack	131072	latency	3	190	30039993	152728370	521652004	22973969721	22973969721
keccak1600-avx512vl-rust	keccak1600-avx512	runtime	asm	131072	throughput	3	144	29908273	153489772	161759155	23003882234	23003882234
keccak1600-avx512vl-rust	keccak1600-avx512	runtime	asm	131072	latency	3	145	29950294	154342954	162882767	23033836207	23033836207
keccak1600-avx512vl-rust	keccak1600-avx512	fixed	asm	131072	throughput	3	145	29876783	154108756	162877549	23063716251	23063716251
keccak1600-avx512vl-rust	keccak1600-avx512	fixed	asm	131072	latency	3	145	30254332	154500818	162877842	23093974254	23093974254
keccak1600-avx512vl-rust	keccak1600-avx512	runtime	stack	131072	throughput	4	188	29858704	152105840	520324755	23123829297	23123829297
keccak1600-avx512vl-rust	keccak1600-avx512	runtime	stack	131072	latency	4	189	30032074	152868613	523092815	23153858620	23153858620
keccak1600-avx512vl-rust	keccak1600-avx512	fixed	stack	131072	throughput	4	190	30032543	152731381	521651619	23183894683	23183894683
keccak1600-avx512vl-rust	keccak1600-avx512	fixed	stack	131072	latency	4	190	30000283	152748756	521652007	23213893696	23213893696
keccak1600-avx512vl-rust	keccak1600-avx512	runtime	asm	131072	throughput	4	144	29776154	153250956	161759155	23243673189	23243673189
keccak1600-avx512vl-rust	keccak1600-avx512	runtime	asm	131072	latency	4	145	29904824	154259152	162882768	23273581433	23273581433
keccak1600-avx512vl-rust	keccak1600-avx512	fixed	asm	131072	throughput	4	144	29687584	153165971	161754259	23303272217	23303272217
keccak1600-avx512vl-rust	keccak1600-avx512	fixed	asm	131072	latency	4	144	30116923	153623910	161754544	23333392300	23333392300
keccak1600-avx512vl-rust	keccak1600-avx512	runtime	shared	131072	throughput	4	185	30025763	153382327	522725807	23363421373	23363421373
keccak1600-avx512vl-rust	keccak1600-avx512	runtime	shared	131072	latency	4	184	29858874	152534885	519900636	23393283777	23393283777
keccak1600-avx512vl-rust	keccak1600-avx512	fixed	shared	131072	throughput	4	179	29953033	152589607	481612382	23423234130	23423234130
keccak1600-avx512vl-rust	keccak1600-avx512	fixed	shared	131072	latency	4	179	29958633	152603200	481612741	23453195834	23453195834
keccak1600-avx512vl-rust	keccak1600-avx512	control	empty	131072	throughput	0	2000000	1975126	10065125	30000318	23455174032	23455174032
keccak1600-avx512vl-rust	keccak1600-avx512	control	empty	131072	latency	0	2000000	2454404	12114902	34000320	23457635370	23457635370
