backend	asm_backend	shape	implementation	bytes	mode	repeat	iterations	ns	cycles	instructions	enabled	running
keccak1600-avx512vl-rust	keccak1600-avx512vl	runtime	shared	0	throughput	0	178272	30151483	154354172	535172899	30136884	30136884
keccak1600-avx512vl-rust	keccak1600-avx512vl	runtime	shared	0	latency	0	164383	30103273	153690895	493642500	60232937	60232937
keccak1600-avx512vl-rust	keccak1600-avx512vl	fixed	shared	0	throughput	0	177613	30099954	153669880	496961525	90332590	90332590
keccak1600-avx512vl-rust	keccak1600-avx512vl	fixed	shared	0	latency	0	169911	29809404	152310574	475581237	120145354	120145354
keccak1600-avx512vl-rust	keccak1600-avx512vl	runtime	stack	0	throughput	0	168717	30375563	153508880	491472979	150524197	150524197
keccak1600-avx512vl-rust	keccak1600-avx512vl	runtime	stack	0	latency	0	164102	30347702	153296534	478193584	180875290	180875290
keccak1600-avx512vl-rust	keccak1600-avx512vl	fixed	stack	0	throughput	0	174863	30083944	152951164	489267022	210962444	210962444
keccak1600-avx512vl-rust	keccak1600-avx512vl	fixed	stack	0	latency	0	169461	29935424	152758864	474321689	240901387	240901387
keccak1600-avx512vl-rust	keccak1600-avx512vl	runtime	asm	0	throughput	0	150000	29959933	153372595	334650356	270864600	270864600
keccak1600-avx512vl-rust	keccak1600-avx512vl	runtime	asm	0	latency	0	147239	30641343	157303444	328637803	301508903	301508903
keccak1600-avx512vl-rust	keccak1600-avx512vl	fixed	asm	0	throughput	0	150588	30484682	155208383	329336312	331996746	331996746
keccak1600-avx512vl-rust	keccak1600-avx512vl	fixed	asm	0	latency	0	145344	29903904	152721783	318013023	361904019	361904019
keccak1600-avx512vl-rust	keccak1600-avx512vl	runtime	stack	0	throughput	1	169761	30211943	154369286	494514147	392119272	392119272
keccak1600-avx512vl-rust	keccak1600-avx512vl	runtime	stack	0	latency	1	164524	30050244	153503230	479423290	422172586	422172586
keccak1600-avx512vl-rust	keccak1600-avx512vl	fixed	stack	0	throughput	1	175824	30097863	153771127	491955906	452273459	452273459
keccak1600-avx512vl-rust	keccak1600-avx512vl	fixed	stack	0	latency	1	170970	30096853	153732431	478545381	482373662	482373662
keccak1600-avx512vl-rust	keccak1600-avx512vl	runtime	asm	0	throughput	1	143176	28896656	148192677	319426012	511273706	511273706
keccak1600-avx512vl-rust	keccak1600-avx512vl	runtime	asm	0	latency	1	147239	30010394	154145687	328637805	541287070	541287070
keccak1600-avx512vl-rust	keccak1600-avx512vl	fixed	asm	0	throughput	1	151419	30407393	156080957	331153711	571697473	571697473
keccak1600-avx512vl-rust	keccak1600-avx512vl	fixed	asm	0	latency	1	146788	29968414	153880021	321172498	601668896	601668896
keccak1600-avx512vl-rust	keccak1600-avx512vl	runtime	shared	0	throughput	1	177777	30121674	153977205	533686907	631793859	631793859
keccak1600-avx512vl-rust	keccak1600-avx512vl	runtime	shared	0	latency	1	164383	30078643	153644157	493642502	661875462	661875462
keccak1600-avx512vl-rust	keccak1600-avx512vl	fixed	shared	0	throughput	1	176470	29966644	152719190	493763411	691845096	691845096
keccak1600-avx512vl-rust	keccak1600-avx512vl	fixed	shared	0	latency	1	172351	30173493	154166246	482410804	722021499	722021499
keccak1600-avx512vl-rust	keccak1600-avx512vl	runtime	asm	0	throughput	2	150824	30075113	154280472	336488703	752099932	752099932
keccak1600-avx512vl-rust	keccak1600-avx512vl	runtime	asm	0	latency	2	147465	30033634	154419640	329142237	782136465	782136465
keccak1600-avx512vl-rust	keccak1600-avx512vl	fixed	asm	0	throughput	2	151062	30152603	155185648	330372949	812291958	812291958
keccak1600-avx512vl-rust	keccak1600-avx512vl	fixed	asm	0	latency	2	147578	30144863	154730384	322901016	842433102	842433102
keccak1600-avx512vl-rust	keccak1600-avx512vl	runtime	shared	0	throughput	2	178438	30248374	154589161	535671232	872684475	872684475
keccak1600-avx512vl-rust	keccak1600-avx512vl	runtime	shared	0	latency	2	164524	30205713	153826143	494065924	902893108	902893108
keccak1600-avx512vl-rust	keccak1600-avx512vl	fixed	shared	0	throughput	2	176795	30080153	152993443	494672756	932976341	932976341
keccak1600-avx512vl-rust	keccak1600-avx512vl	fixed	shared	0	latency	2	171735	30177563	153886988	480686614	963147674	963147674
keccak1600-avx512vl-rust	keccak1600-avx512vl	runtime	stack	0	throughput	2	156862	28059198	142758493	456939358	991210299	991210299
keccak1600-avx512vl-rust	keccak1600-avx512vl	runtime	stack	0	latency	2	164948	30390373	154359935	480658827	1021601552	1021601552
keccak1600-avx512vl-rust	keccak1600-avx512vl	fixed	stack	0	throughput	2	172043	29699344	150409767	481376660	1051304376	1051304376
keccak1600-avx512vl-rust	keccak1600-avx512vl	fixed	stack	0	latency	2	171428	30302043	154606808	479827321	1081610139	1081610139
keccak1600-avx512vl-rust	keccak1600-avx512vl	runtime	shared	0	throughput	3	177613	30124873	153839306	533194581	1111734102	1111734102
keccak1600-avx512vl-rust	keccak1600-avx512vl	runtime	shared	0	latency	3	164383	30075614	153655794	493642501	1141813355	1141813355
keccak1600-avx512vl-rust	keccak1600-avx512vl	fixed	shared	0	throughput	3	177613	30097873	153701010	496961524	1171909388	1171909388
keccak1600-avx512vl-rust	keccak1600-avx512vl	fixed	shared	0	latency	3	172661	30306093	154692186	483278488	1202219091	1202219091
keccak1600-avx512vl-rust	keccak1600-avx512vl	runtime	stack	0	throughput	3	169162	30116614	153870097	492769260	1232339635	1232339635
keccak1600-avx512vl-rust	keccak1600-avx512vl	runtime	stack	0	latency	3	165946	30454123	155595704	483567001	1262797638	1262797638
keccak1600-avx512vl-rust	keccak1600-avx512vl	fixed	stack	0	throughput	3	175663	30145883	153608209	491505424	1292947532	1292947532
keccak1600-avx512vl-rust	keccak1600-avx512vl	fixed	stack	0	latency	3	170970	30155374	153876189	478545381	1323106615	1323106615
keccak1600-avx512vl-rust	keccak1600-avx512vl	runtime	asm	0	throughput	3	146564	29273935	149826817	326984640	1352383749	1352383749
keccak1600-avx512vl-rust	keccak1600-avx512vl	runtime	asm	0	latency	3	145124	29943914	153911684	323917121	1382330852	1382330852
keccak1600-avx512vl-rust	keccak1600-avx512vl	fixed	asm	0	throughput	3	151181	30201003	155166950	330633198	1412535285	1412535285
keccak1600-avx512vl-rust	keccak1600-avx512vl	fixed	asm	0	latency	3	148952	30393362	156103663	325907325	1442931938	1442931938
keccak1600-avx512vl-rust	keccak1600-avx512vl	runtime	stack	0	throughput	4	170666	30364553	155218011	497150406	1473299841	1473299841
keccak1600-avx512vl-rust	keccak1600-avx512vl	runtime	stack	0	latency	4	165660	30186944	154183802	482733589	1503489924	1503489924
keccak1600-avx512vl-rust	keccak1600-avx512vl	fixed	stack	0	throughput	4	175502	30025144	153435602	491054939	1533518168	1533518168
keccak1600-avx512vl-rust	keccak1600-avx512vl	fixed	stack	0	latency	4	169162	29818814	152449378	473484787	1563340131	1563340131
keccak1600-avx512vl-rust	keccak1600-avx512vl	runtime	asm	0	throughput	4	147692	29530995	151664131	329501198	1592874325	1592874325
keccak1600-avx512vl-rust	keccak1600-avx512vl	runtime	asm	0	latency	4	146118	30435442	155011066	326135721	1623313958	1623313958
keccak1600-avx512vl-rust	keccak1600-avx512vl	fixed	asm	0	throughput	4	148952	30185693	152848282	325758377	1653504511	1653504511
keccak1600-avx512vl-rust	keccak1600-avx512vl	fixed	asm	0	latency	4	147692	30610683	154888201	323150451	1684120614	1684120614
keccak1600-avx512vl-rust	keccak1600-avx512vl	runtime	shared	0	throughput	4	175824	30202884	152307853	527824001	1714328058	1714328058
keccak1600-avx512vl-rust	keccak1600-avx512vl	runtime	shared	0	latency	4	162711	30067513	152057058	488621483	1744400041	1744400041
keccak1600-avx512vl-rust	keccak1600-avx512vl	fixed	shared	0	throughput	4	176470	30283533	152624047	493763411	1774687494	1774687494
keccak1600-avx512vl-rust	keccak1600-avx512vl	fixed	shared	0	latency	4	170818	30147054	152712711	478119928	1804838117	1804838117
keccak1600-avx512vl-rust	keccak1600-avx512vl	control	empty	0	throughput	0	2000000	2373594	12033004	30000319	1807214855	1807214855
keccak1600-avx512vl-rust	keccak1600-avx512vl	control	empty	0	latency	0	2000000	13477940	68154374	32000339	1820695923	1820695923
keccak1600-avx512vl-rust	keccak1600-avx512vl	runtime	shared	20	throughput	0	177121	30262973	152961098	532603214	1850962186	1850962186
keccak1600-avx512vl-rust	keccak1600-avx512vl	runtime	shared	20	latency	0	166956	30231534	152473510	502704883	1881196999	1881196999
keccak1600-avx512vl-rust	keccak1600-avx512vl	fixed	shared	20	throughput	0	176146	30635743	152311064	494089898	1911836542	1911836542
keccak1600-avx512vl-rust	keccak1600-avx512vl	fixed	shared	20	latency	0	166377	29991773	150692206	467353358	1941832145	1941832145
keccak1600-avx512vl-rust	keccak1600-avx512vl	runtime	stack	20	throughput	0	167247	30160144	152479383	486856380	1971995868	1971995868
keccak1600-avx512vl-rust	keccak1600-avx512vl	runtime	stack	20	latency	0	163265	30291682	151238539	475917837	2002290901	2002290901
keccak1600-avx512vl-rust	keccak1600-avx512vl	fixed	stack	20	throughput	0	173755	30063794	151450703	487383139	2032357965	2032357965
keccak1600-avx512vl-rust	keccak1600-avx512vl	fixed	stack	20	latency	0	164948	29884924	150313505	463339302	2062241288	2062241288
keccak1600-avx512vl-rust	keccak1600-avx512vl	runtime	asm	20	throughput	0	147126	30002453	151396690	327944223	2092247461	2092247461
keccak1600-avx512vl-rust	keccak1600-avx512vl	runtime	asm	20	latency	0	144469	29944714	151577936	322599647	2122197625	2122197625
keccak1600-avx512vl-rust	keccak1600-avx512vl	fixed	asm	20	throughput	0	150470	30224923	153058318	329680138	2152429238	2152429238
keccak1600-avx512vl-rust	keccak1600-avx512vl	fixed	asm	20	latency	0	148148	30377903	152964963	325185227	2182812391	2182812391
keccak1600-avx512vl-rust	keccak1600-avx512vl	runtime	stack	20	throughput	1	164665	29897444	150104482	479340181	2212713674	2212713674
keccak1600-avx512vl-rust	keccak1600-avx512vl	runtime	stack	20	latency	1	163265	29943573	151241643	475917843	2242661267	2242661267
keccak1600-avx512vl-rust	keccak1600-avx512vl	fixed	stack	20	throughput	1	174863	30314373	152354071	490491074	2272979830	2272979830
keccak1600-avx512vl-rust	keccak1600-avx512vl	fixed	stack	20	latency	1	167101	30197243	152271197	469387076	2303181604	2303181604
keccak1600-avx512vl-rust	keccak1600-avx512vl	runtime	asm	20	throughput	1	148606	30131894	152794157	331243136	2333317048	2333317048
keccak1600-avx512vl-rust	keccak1600-avx512vl	runtime	asm	20	latency	1	145564	30113553	152263514	325044778	2363435111	2363435111
keccak1600-avx512vl-rust	keccak1600-avx512vl	fixed	asm	20	throughput	1	149184	30413013	153039264	326862509	2393853184	2393853184
keccak1600-avx512vl-rust	keccak1600-avx512vl	fixed	asm	20	latency	1	147013	30106264	151610106	322693892	2423963827	2423963827
keccak1600-avx512vl-rust	keccak1600-avx512vl	runtime	shared	20	throughput	1	176146	30115873	152340995	529671388	2454083970	2454083970
keccak1600-avx512vl-rust	keccak1600-avx512vl	runtime	shared	20	latency	1	166666	29947764	152143822	501831694	2484035644	2484035644
keccak1600-avx512vl-rust	keccak1600-avx512vl	fixed	shared	20	throughput	1	159733	27357459	138152201	448051420	2511399569	2511399569
keccak1600-avx512vl-rust	keccak1600-avx512vl	fixed	shared	20	latency	1	166811	29914294	151128332	468572466	2541314003	2541314003
keccak1600-avx512vl-rust	keccak1600-avx512vl	runtime	asm	20	throughput	2	147578	29943054	152017366	328951728	2571264666	2571264666
keccak1600-avx512vl-rust	keccak1600-avx512vl	runtime	asm	20	latency	2	147126	30186783	153682289	328532727	2601459379	2601459379
keccak1600-avx512vl-rust	keccak1600-avx512vl	fixed	asm	20	throughput	2	150470	30367943	152702200	329680141	2631835082	2631835082
keccak1600-avx512vl-rust	keccak1600-avx512vl	fixed	asm	20	latency	2	141697	30137003	146600141	311025284	2661977865	2661977865
keccak1600-avx512vl-rust	keccak1600-avx512vl	runtime	shared	20	throughput	2	170062	30190613	147396917	511376801	2692175858	2692175858
keccak1600-avx512vl-rust	keccak1600-avx512vl	runtime	shared	20	latency	2	162711	29892854	148636118	489923189	2722076972	2722076972
keccak1600-avx512vl-rust	keccak1600-avx512vl	fixed	shared	20	throughput	2	174070	30024263	150631997	488266721	2752107455	2752107455
keccak1600-avx512vl-rust	keccak1600-avx512vl	fixed	shared	20	latency	2	167247	30010464	151533282	469797194	2782121448	2782121448
keccak1600-avx512vl-rust	keccak1600-avx512vl	runtime	stack	20	throughput	2	167101	30036484	152254531	486431380	2812153261	2812153261
keccak1600-avx512vl-rust	keccak1600-avx512vl	runtime	stack	20	latency	2	164679	30081324	152541988	480039656	2842238165	2842238165
keccak1600-avx512vl-rust	keccak1600-avx512vl	fixed	stack	20	throughput	2	175663	30200473	153032072	492735082	2872442998	2872442998
keccak1600-avx512vl-rust	keccak1600-avx512vl	fixed	stack	20	latency	2	166089	29996994	151317460	466544364	2902443461	2902443461
keccak1600-avx512vl-rust	keccak1600-avx512vl	runtime	shared	20	throughput	3	174545	30030093	150903958	524857180	2932476974	2932476974
keccak1600-avx512vl-rust	keccak1600-avx512vl	runtime	shared	20	latency	3	165803	30073414	151395716	499233198	2962546178	2962546178
keccak1600-avx512vl-rust	keccak1600-avx512vl	fixed	shared	20	throughput	3	176001	30193704	152230120	493683170	2992743501	2992743501
keccak1600-avx512vl-rust	keccak1600-avx512vl	fixed	shared	20	latency	3	168568	30225623	152727109	473507876	3022965964	3022965964
keccak1600-avx512vl-rust	keccak1600-avx512vl	runtime	stack	20	throughput	3	167832	30213133	152790517	488559318	3053182297	3053182297
keccak1600-avx512vl-rust	keccak1600-avx512vl	runtime	stack	20	latency	3	164102	30080403	152021410	478357699	3083261750	3083261750
keccak1600-avx512vl-rust	keccak1600-avx512vl	fixed	stack	20	throughput	3	173598	30006964	151270038	486942760	3113272823	3113272823
keccak1600-avx512vl-rust	keccak1600-avx512vl	fixed	stack	20	latency	3	165660	29959714	150936060	465339303	3143229527	3143229527
keccak1600-avx512vl-rust	keccak1600-avx512vl	runtime	asm	20	throughput	3	148262	30107853	152134788	330476368	3173340810	3173340810
keccak1600-avx512vl-rust	keccak1600-avx512vl	runtime	asm	20	latency	3	145124	30131663	151746549	324062253	3203476263	3203476263
keccak1600-avx512vl-rust	keccak1600-avx512vl	fixed	asm	20	throughput	3	148721	29781834	151371094	325848069	3233262127	3233262127
keccak1600-avx512vl-rust	keccak1600-avx512vl	fixed	asm	20	latency	3	149068	30930902	153959122	327204621	3264197889	3264197889
keccak1600-avx512vl-rust	keccak1600-avx512vl	runtime	stack	20	throughput	4	165946	30010463	151217079	483069169	3294212632	3294212632
keccak1600-avx512vl-rust	keccak1600-avx512vl	runtime	stack	20	latency	4	164102	30080334	151977016	478357694	3324296626	3324296626
keccak1600-avx512vl-rust	keccak1600-avx512vl	fixed	stack	20	throughput	4	174386	30035323	151875469	489153092	3354335289	3354335289
keccak1600-avx512vl-rust	keccak1600-avx512vl	fixed	stack	20	latency	4	166666	29891184	151866823	468165154	3384229782	3384229782
keccak1600-avx512vl-rust	keccak1600-avx512vl	runtime	asm	20	throughput	4	149649	30141593	153915731	333567983	3414374535	3414374535
keccak1600-avx512vl-rust	keccak1600-avx512vl	runtime	asm	20	latency	4	145675	30119314	152664627	325292638	3444496969	3444496969
keccak1600-avx512vl-rust	keccak1600-avx512vl	fixed	asm	20	throughput	4	150352	30243743	153269673	329421588	3474743842	3474743842
keccak1600-avx512vl-rust	keccak1600-avx512vl	fixed	asm	20	latency	4	148262	29973623	152799186	325435456	3504720635	3504720635
keccak1600-avx512vl-rust	keccak1600-avx512vl	runtime	shared	20	throughput	4	177777	30364633	153747609	534575802	3535089188	3535089188
keccak1600-avx512vl-rust	keccak1600-avx512vl	runtime	shared	20	latency	4	167101	30293833	152575369	503141478	3565386471	3565386471
keccak1600-avx512vl-rust	keccak1600-avx512vl	fixed	shared	20	throughput	4	175022	30373983	151404873	490937081	3595763994	3595763994
keccak1600-avx512vl-rust	keccak1600-avx512vl	fixed	shared	20	latency	4	166377	30109893	150754438	467353362	3625877277	3625877277
keccak1600-avx512vl-rust	keccak1600-avx512vl	control	empty	20	throughput	0	2000000	2424455	12136346	30000321	3628304885	3628304885
keccak1600-avx512vl-rust	keccak1600-avx512vl	control	empty	20	latency	0	2000000	3304282	16466892	38000321	3631612562	3631612562
keccak1600-avx512vl-rust	keccak1600-avx512vl	runtime	shared	32	throughput	0	172817	29599725	149156947	518451367	3661216216	3661216216
keccak1600-avx512vl-rust	keccak1600-avx512vl	runtime	shared	32	latency	0	167393	29970603	152107753	502514147	3691190719	3691190719
keccak1600-avx512vl-rust	keccak1600-avx512vl	fixed	shared	32	throughput	0	176470	30032524	152676797	494469309	3721226412	3721226412
keccak1600-avx512vl-rust	keccak1600-avx512vl	fixed	shared	32	latency	0	168126	30076683	152922964	471425671	3751306305	3751306305
keccak1600-avx512vl-rust	keccak1600-avx512vl	runtime	stack	32	throughput	0	164524	30055514	150384207	478600681	3781365639	3781365639
keccak1600-avx512vl-rust	keccak1600-avx512vl	runtime	stack	32	latency	0	163265	30114053	151061480	475264783	3811482992	3811482992
keccak1600-avx512vl-rust	keccak1600-avx512vl	fixed	stack	32	throughput	0	172817	29917184	150473506	484233596	3841403335	3841403335
keccak1600-avx512vl-rust	keccak1600-avx512vl	fixed	stack	32	latency	0	165374	29977924	151342698	463709067	3871384439	3871384439
keccak1600-avx512vl-rust	keccak1600-avx512vl	runtime	asm	32	throughput	0	147239	29968463	151657324	327901618	3901356052	3901356052
keccak1600-avx512vl-rust	keccak1600-avx512vl	runtime	asm	32	latency	0	145675	30083633	152291388	324709946	3931442735	3931442735
keccak1600-avx512vl-rust	keccak1600-avx512vl	fixed	asm	32	throughput	0	150000	30090434	152467632	328350369	3961536308	3961536308
keccak1600-avx512vl-rust	keccak1600-avx512vl	fixed	asm	32	latency	0	147126	30154633	152326212	322353433	3991694132	3991694132
keccak1600-avx512vl-rust	keccak1600-avx512vl	runtime	stack	32	throughput	1	167101	30202183	152809247	486097181	4021899725	4021899725
keccak1600-avx512vl-rust	keccak1600-avx512vl	runtime	stack	32	latency	1	165660	30764202	153185550	482236618	4052667397	4052667397
keccak1600-avx512vl-rust	keccak1600-avx512vl	fixed	stack	32	throughput	1	171735	29819024	149554623	481201834	4082490731	4082490731
keccak1600-avx512vl-rust	keccak1600-avx512vl	fixed	stack	32	latency	1	165232	30060414	151123202	463310895	4112548474	4112548474
keccak1600-avx512vl-rust	keccak1600-avx512vl	runtime	asm	32	throughput	1	147126	30000643	151752029	327649961	4142552617	4142552617
keccak1600-avx512vl-rust	keccak1600-avx512vl	runtime	asm	32	latency	1	146118	29940724	152553868	325697382	4172496851	4172496851
keccak1600-avx512vl-rust	keccak1600-avx512vl	fixed	asm	32	throughput	1	151778	30000313	153661876	332242405	4202500624	4202500624
keccak1600-avx512vl-rust	keccak1600-avx512vl	fixed	asm	32	latency	1	149184	30142974	154744336	326862512	4232647187	4232647187
keccak1600-avx512vl-rust	keccak1600-avx512vl	runtime	shared	32	throughput	1	178937	30213153	154333860	536811369	4262863810	4262863810
keccak1600-avx512vl-rust	keccak1600-avx512vl	runtime	shared	32	latency	1	169014	30063623	153534887	507380392	4292930583	4292930583
keccak1600-avx512vl-rust	keccak1600-avx512vl	fixed	shared	32	throughput	1	177449	30056874	153583645	497212462	4322990617	4322990617
keccak1600-avx512vl-rust	keccak1600-avx512vl	fixed	shared	32	latency	1	168865	30065123	153598970	473497829	4353058970	4353058970
keccak1600-avx512vl-rust	keccak1600-avx512vl	runtime	asm	32	throughput	2	147352	29620424	151890066	328153273	4382682454	4382682454
keccak1600-avx512vl-rust	keccak1600-avx512vl	runtime	asm	32	latency	2	147578	30028124	154040939	328951732	4412713637	4412713637
keccak1600-avx512vl-rust	keccak1600-avx512vl	fixed	asm	32	throughput	2	150706	29761374	152821239	329895803	4442478020	4442478020
keccak1600-avx512vl-rust	keccak1600-avx512vl	fixed	asm	32	latency	2	149184	30089874	154543870	326862514	4472570914	4472570914
keccak1600-avx512vl-rust	keccak1600-avx512vl	runtime	shared	32	throughput	2	178954	30191484	154374586	536862368	4502765357	4502765357
keccak1600-avx512vl-rust	keccak1600-avx512vl	runtime	shared	32	latency	2	169162	30085233	153731126	507824693	4532853750	4532853750
keccak1600-avx512vl-rust	keccak1600-avx512vl	fixed	shared	32	throughput	2	178107	30146473	154033973	499056181	4563003273	4563003273
keccak1600-avx512vl-rust	keccak1600-avx512vl	fixed	shared	32	latency	2	168717	30049204	153469851	473082838	4593055846	4593055846
keccak1600-avx512vl-rust	keccak1600-avx512vl	runtime	stack	32	throughput	2	167979	30061673	153580137	488651281	4623120790	4623120790
keccak1600-avx512vl-rust	keccak1600-avx512vl	runtime	stack	32	latency	2	166089	30084864	153571040	483485450	4653208653	4653208653
keccak1600-avx512vl-rust	keccak1600-avx512vl	fixed	stack	32	throughput	2	175824	29977394	153088289	492659208	4683189206	4683189206
keccak1600-avx512vl-rust	keccak1600-avx512vl	fixed	stack	32	latency	2	167832	30055674	153552985	470601304	4713248099	4713248099
keccak1600-avx512vl-rust	keccak1600-avx512vl	runtime	shared	32	throughput	3	178604	30154764	154027874	535812367	4743405993	4743405993
keccak1600-avx512vl-rust	keccak1600-avx512vl	runtime	shared	32	latency	3	169162	30095863	153749405	507824690	4773504987	4773504987
keccak1600-avx512vl-rust	keccak1600-avx512vl	fixed	shared	32	throughput	3	177613	30084144	153601835	497671994	4803585250	4803585250
keccak1600-avx512vl-rust	keccak1600-avx512vl	fixed	shared	32	latency	3	168568	30003703	153303656	472665041	4833592053	4833592053
keccak1600-avx512vl-rust	keccak1600-avx512vl	runtime	stack	32	throughput	3	168126	30097423	153738715	489078899	4863692566	4863692566
keccak1600-avx512vl-rust	keccak1600-avx512vl	runtime	stack	32	latency	3	165232	29881524	152644803	480990720	4893577200	4893577200
keccak1600-avx512vl-rust	keccak1600-avx512vl	fixed	stack	32	throughput	3	176308	30058104	153480071	494015385	4923629783	4923629783
keccak1600-avx512vl-rust	keccak1600-avx512vl	fixed	stack	32	latency	3	168126	30113253	153804863	471425674	4953746106	4953746106
keccak1600-avx512vl-rust	keccak1600-avx512vl	runtime	asm	32	throughput	3	146901	29570865	151569131	327148886	4983320190	4983320190
keccak1600-avx512vl-rust	keccak1600-avx512vl	runtime	asm	32	latency	3	148262	30371942	154791458	330476363	5013695263	5013695263
keccak1600-avx512vl-rust	keccak1600-avx512vl	fixed	asm	32	throughput	3	150588	29754965	152327516	329637493	5043453346	5043453346
keccak1600-avx512vl-rust	keccak1600-avx512vl	fixed	asm	32	latency	3	149416	30208523	154990479	327370816	5073660980	5073660980
keccak1600-avx512vl-rust	keccak1600-avx512vl	runtime	stack	32	throughput	4	168717	30187823	154234218	490798117	5103851973	5103851973
keccak1600-avx512vl-rust	keccak1600-avx512vl	runtime	stack	32	latency	4	166089	30127503	153864186	483485450	5133977626	5133977626
keccak1600-avx512vl-rust	keccak1600-avx512vl	fixed	stack	32	throughput	4	176146	30032563	153439515	493561460	5164013169	5164013169
keccak1600-avx512vl-rust	keccak1600-avx512vl	fixed	stack	32	latency	4	168126	30118474	153855482	471425672	5194134682	5194134682
keccak1600-avx512vl-rust	keccak1600-avx512vl	runtime	asm	32	throughput	4	147578	29915314	153264433	328656572	5224053166	5224053166
keccak1600-avx512vl-rust	keccak1600-avx512vl	runtime	asm	32	latency	4	147919	30099433	154469550	329711816	5254155829	5254155829
keccak1600-avx512vl-rust	keccak1600-avx512vl	fixed	asm	32	throughput	4	151419	30422403	154796531	331456555	5284582152	5284582152
keccak1600-avx512vl-rust	keccak1600-avx512vl	fixed	asm	32	latency	4	147578	29959693	152781316	323343763	5314545925	5314545925
keccak1600-avx512vl-rust	keccak1600-avx512vl	runtime	shared	32	throughput	4	178107	30092684	153650335	534321361	5344642208	5344642208
keccak1600-avx512vl-rust	keccak1600-avx512vl	runtime	shared	32	latency	4	167832	29914364	152473851	503832030	5374559742	5374559742
keccak1600-avx512vl-rust	keccak1600-avx512vl	fixed	shared	32	throughput	4	177613	30210424	153663277	497671995	5404773305	5404773305
keccak1600-avx512vl-rust	keccak1600-avx512vl	fixed	shared	32	latency	4	168717	30084214	153480433	473082836	5434852468	5434852468
keccak1600-avx512vl-rust	keccak1600-avx512vl	control	empty	32	throughput	0	2000000	2357945	12003451	30000320	5437213546	5437213546
keccak1600-avx512vl-rust	keccak1600-avx512vl	control	empty	32	latency	0	2000000	3218713	16004299	34000322	5440435183	5440435183
keccak1600-avx512vl-rust	keccak1600-avx512vl	runtime	shared	64	throughput	0	175502	29661974	150331853	525453355	5470100107	5470100107
keccak1600-avx512vl-rust	keccak1600-avx512vl	runtime	shared	64	latency	0	168717	29907994	152630222	505476499	5500011050	5500011050
keccak1600-avx512vl-rust	keccak1600-avx512vl	fixed	shared	64	throughput	0	177629	29911474	152708507	497716826	5529925543	5529925543
keccak1600-avx512vl-rust	keccak1600-avx512vl	fixed	shared	64	latency	0	170212	30188893	154064515	477274817	5560117517	5560117517
keccak1600-avx512vl-rust	keccak1600-avx512vl	runtime	stack	64	throughput	0	168568	30044214	153413540	490364680	5590164730	5590164730
keccak1600-avx512vl-rust	keccak1600-avx512vl	runtime	stack	64	latency	0	164806	30080273	153550605	479750636	5620248003	5620248003
keccak1600-avx512vl-rust	keccak1600-avx512vl	fixed	stack	64	throughput	0	174386	30014704	153237759	488629939	5650265776	5650265776
keccak1600-avx512vl-rust	keccak1600-avx512vl	fixed	stack	64	latency	0	167101	30147813	153862846	468551574	5680416610	5680416610
keccak1600-avx512vl-rust	keccak1600-avx512vl	runtime	asm	64	throughput	0	147352	29810224	152946113	328153274	5710230183	5710230183
keccak1600-avx512vl-rust	keccak1600-avx512vl	runtime	asm	64	latency	0	145124	29919034	153565403	323481757	5740152336	5740152336
keccak1600-avx512vl-rust	keccak1600-avx512vl	fixed	asm	64	throughput	0	151539	30309333	155596303	331719241	5770464919	5770464919
keccak1600-avx512vl-rust	keccak1600-avx512vl	fixed	asm	64	latency	0	147476	30089924	154453366	323120283	5800558063	5800558063
keccak1600-avx512vl-rust	keccak1600-avx512vl	runtime	stack	64	throughput	1	169014	30243913	153975333	491662095	5830805186	5830805186
keccak1600-avx512vl-rust	keccak1600-avx512vl	runtime	stack	64	latency	1	164665	30037644	153379012	479340182	5860845869	5860845869
keccak1600-avx512vl-rust	keccak1600-avx512vl	fixed	stack	64	throughput	1	174561	30043454	153211296	489120288	5890892412	5890892412
keccak1600-avx512vl-rust	keccak1600-avx512vl	fixed	stack	64	latency	1	166377	30011053	153212770	466521475	5920906605	5920906605
keccak1600-avx512vl-rust	keccak1600-avx512vl	runtime	asm	64	throughput	1	148837	30075264	154078032	331460362	5950985709	5950985709
keccak1600-avx512vl-rust	keccak1600-avx512vl	runtime	asm	64	latency	1	145785	30005844	154061312	324955135	5980994802	5980994802
keccak1600-avx512vl-rust	keccak1600-avx512vl	fixed	asm	64	throughput	1	150234	30022743	153440493	328862593	6011020785	6011020785
keccak1600-avx512vl-rust	keccak1600-avx512vl	fixed	asm	64	latency	1	148491	30115913	154573332	325344151	6041139908	6041139908
keccak1600-avx512vl-rust	keccak1600-avx512vl	runtime	shared	64	throughput	1	180112	30220943	154280267	539255697	6071363952	6071363952
keccak1600-avx512vl-rust	keccak1600-avx512vl	runtime	shared	64	latency	1	168865	29972304	152862407	505919910	6101333615	6101333615
keccak1600-avx512vl-rust	keccak1600-avx512vl	fixed	shared	64	throughput	1	178770	29711224	151539644	500913909	6131048038	6131048038
keccak1600-avx512vl-rust	keccak1600-avx512vl	fixed	shared	64	latency	1	169761	30064384	153606081	476010216	6161115682	6161115682
keccak1600-avx512vl-rust	keccak1600-avx512vl	runtime	asm	64	throughput	2	148377	29803284	152875089	330435950	6190921985	6190921985
keccak1600-avx512vl-rust	keccak1600-avx512vl	runtime	asm	64	latency	2	146564	30154023	154812208	326691526	6221079168	6221079168
keccak1600-avx512vl-rust	keccak1600-avx512vl	fixed	asm	64	throughput	2	150352	29950693	153752106	329120897	6251033032	6251033032
keccak1600-avx512vl-rust	keccak1600-avx512vl	fixed	asm	64	latency	2	147806	30082154	154410108	323843309	6281118305	6281118305
keccak1600-avx512vl-rust	keccak1600-avx512vl	runtime	shared	64	throughput	2	180281	30287753	154435936	539761684	6311409278	6311409278
keccak1600-avx512vl-rust	keccak1600-avx512vl	runtime	shared	64	latency	2	170212	30182833	153961153	509955516	6341595451	6341595451
keccak1600-avx512vl-rust	keccak1600-avx512vl	fixed	shared	64	throughput	2	179271	30219683	154292477	502317711	6371818244	6371818244
keccak1600-avx512vl-rust	keccak1600-avx512vl	fixed	shared	64	latency	2	169911	30090783	153714201	476430808	6401912147	6401912147
keccak1600-avx512vl-rust	keccak1600-avx512vl	runtime	stack	64	throughput	2	168568	30085614	153714711	490364679	6432000881	6432000881
keccak1600-avx512vl-rust	keccak1600-avx512vl	runtime	stack	64	latency	2	165374	30144143	153993140	481404082	6462148094	6462148094
keccak1600-avx512vl-rust	keccak1600-avx512vl	fixed	stack	64	throughput	2	174386	30013703	153307711	488629937	6492164897	6492164897
keccak1600-avx512vl-rust	keccak1600-avx512vl	fixed	stack	64	latency	2	166811	30079394	153602299	467738416	6522243910	6522243910
keccak1600-avx512vl-rust	keccak1600-avx512vl	runtime	shared	64	throughput	3	180281	30227823	154377986	539761683	6552474823	6552474823
keccak1600-avx512vl-rust	keccak1600-avx512vl	runtime	shared	64	latency	3	170062	30124413	153908305	509506122	6582604087	6582604087
keccak1600-avx512vl-rust	keccak1600-avx512vl	fixed	shared	64	throughput	3	178604	29996424	153158107	500448773	6612597250	6612597250
keccak1600-avx512vl-rust	keccak1600-avx512vl	fixed	shared	64	latency	3	169911	30100523	153740299	476430812	6642701603	6642701603
keccak1600-avx512vl-rust	keccak1600-avx512vl	runtime	stack	64	throughput	3	168865	30187663	153984725	491228655	6672892476	6672892476
keccak1600-avx512vl-rust	keccak1600-avx512vl	runtime	stack	64	latency	3	165946	30288053	154598081	483069178	6703184099	6703184099
keccak1600-avx512vl-rust	keccak1600-avx512vl	fixed	stack	64	throughput	3	174863	30073644	153629797	489966493	6733261082	6733261082
keccak1600-avx512vl-rust	keccak1600-avx512vl	fixed	stack	64	latency	3	167261	30142954	154019656	469000214	6763407716	6763407716
keccak1600-avx512vl-rust	keccak1600-avx512vl	runtime	asm	64	throughput	3	149532	30091783	154302571	333008132	6793502739	6793502739
keccak1600-avx512vl-rust	keccak1600-avx512vl	runtime	asm	64	latency	3	146118	30038923	154228504	325697391	6823544802	6823544802
keccak1600-avx512vl-rust	keccak1600-avx512vl	fixed	asm	64	throughput	3	150588	30038014	154205810	329637505	6853585825	6853585825
keccak1600-avx512vl-rust	keccak1600-avx512vl	fixed	asm	64	latency	3	149532	30300733	155563374	327624986	6883889548	6883889548
keccak1600-avx512vl-rust	keccak1600-avx512vl	runtime	stack	64	throughput	4	169461	30269383	154284427	492962419	6914154821	6914154821
keccak1600-avx512vl-rust	keccak1600-avx512vl	runtime	stack	64	latency	4	165517	30257683	154157651	481820350	6944415715	6944415715
keccak1600-avx512vl-rust	keccak1600-avx512vl	fixed	stack	64	throughput	4	174228	29983903	153113229	488187223	6974397238	6974397238
keccak1600-avx512vl-rust	keccak1600-avx512vl	fixed	stack	64	latency	4	167101	30146534	153862052	468551571	7004547391	7004547391
keccak1600-avx512vl-rust	keccak1600-avx512vl	runtime	asm	64	throughput	4	148491	30127023	154296445	330689826	7034673584	7034673584
keccak1600-avx512vl-rust	keccak1600-avx512vl	runtime	asm	64	latency	4	146564	30145683	154695210	326691527	7064822417	7064822417
keccak1600-avx512vl-rust	keccak1600-avx512vl	fixed	asm	64	throughput	4	149532	30071724	152786687	327325910	7094897471	7094897471
keccak1600-avx512vl-rust	keccak1600-avx512vl	fixed	asm	64	latency	4	146230	30096753	152132241	320390294	7124991664	7124991664
keccak1600-avx512vl-rust	keccak1600-avx512vl	runtime	shared	64	throughput	4	176632	29934534	151306161	528836577	7154929587	7154929587
keccak1600-avx512vl-rust	keccak1600-avx512vl	runtime	shared	64	latency	4	167832	29964063	151831634	502825040	7184896700	7184896700
keccak1600-avx512vl-rust	keccak1600-avx512vl	fixed	shared	64	throughput	4	176958	29999424	151920916	495836687	7214899314	7214899314
keccak1600-avx512vl-rust	keccak1600-avx512vl	fixed	shared	64	latency	4	168568	30078973	152519924	472665046	7244981297	7244981297
keccak1600-avx512vl-rust	keccak1600-avx512vl	control	empty	64	throughput	0	2000000	2366055	12002458	30000318	7247350405	7247350405
keccak1600-avx512vl-rust	keccak1600-avx512vl	control	empty	64	latency	0	2000000	2801194	14089777	34000321	7250154462	7250154462
keccak1600-avx512vl-rust	keccak1600-avx512vl	runtime	shared	135	throughput	0	174863	29709664	150160597	524064759	7279867196	7279867196
keccak1600-avx512vl-rust	keccak1600-avx512vl	runtime	shared	135	latency	0	168717	30086903	152381135	505982636	7309951759	7309951759
keccak1600-avx512vl-rust	keccak1600-avx512vl	fixed	shared	135	throughput	0	174070	29844164	150666294	489311118	7339799703	7339799703
keccak1600-avx512vl-rust	keccak1600-avx512vl	fixed	shared	135	latency	0	163822	29956244	150396716	460831639	7369760976	7369760976
keccak1600-avx512vl-rust	keccak1600-avx512vl	runtime	stack	135	throughput	0	165517	30308723	152955941	483144475	7400074879	7400074879
keccak1600-avx512vl-rust	keccak1600-avx512vl	runtime	stack	135	latency	0	161344	29996763	151412786	471286169	7430076322	7430076322
keccak1600-avx512vl-rust	keccak1600-avx512vl	fixed	stack	135	throughput	0	174863	30060274	152761730	491540243	7460140985	7460140985
keccak1600-avx512vl-rust	keccak1600-avx512vl	fixed	stack	135	latency	0	167247	30069773	152995019	470466161	7490215109	7490215109
keccak1600-avx512vl-rust	keccak1600-avx512vl	runtime	asm	135	throughput	0	148491	30027173	153647301	332174718	7520246142	7520246142
keccak1600-avx512vl-rust	keccak1600-avx512vl	runtime	asm	135	latency	0	145675	30077344	154353507	326166678	7550327105	7550327105
keccak1600-avx512vl-rust	keccak1600-avx512vl	fixed	asm	135	throughput	0	151778	30114773	154536374	332394176	7580445438	7580445438
keccak1600-avx512vl-rust	keccak1600-avx512vl	fixed	asm	135	latency	0	147806	30030483	154126342	323991102	7610479322	7610479322
keccak1600-avx512vl-rust	keccak1600-avx512vl	runtime	stack	135	throughput	1	167685	30380533	154557362	489472861	7640863295	7640863295
keccak1600-avx512vl-rust	keccak1600-avx512vl	runtime	stack	135	latency	1	162711	30039404	152638880	475279183	7670906168	7670906168
keccak1600-avx512vl-rust	keccak1600-avx512vl	fixed	stack	135	throughput	1	175342	30099313	153087551	492886715	7701009801	7701009801
keccak1600-avx512vl-rust	keccak1600-avx512vl	fixed	stack	135	latency	1	166811	29938774	152555736	469239696	7730951814	7730951814
keccak1600-avx512vl-rust	keccak1600-avx512vl	runtime	asm	135	throughput	1	146118	29627684	151756365	326866321	7760582608	7760582608
keccak1600-avx512vl-rust	keccak1600-avx512vl	runtime	asm	135	latency	1	145564	30067384	153366133	325918149	7790653181	7790653181
keccak1600-avx512vl-rust	keccak1600-avx512vl	fixed	asm	135	throughput	1	145465	29157386	148086444	318568703	7819815245	7819815245
keccak1600-avx512vl-rust	keccak1600-avx512vl	fixed	asm	135	latency	1	148721	31020791	155248880	325996786	7850839348	7850839348
keccak1600-avx512vl-rust	keccak1600-avx512vl	runtime	shared	135	throughput	1	177285	30087493	152277638	531323496	7880930231	7880930231
keccak1600-avx512vl-rust	keccak1600-avx512vl	runtime	shared	135	latency	1	166666	29655265	150886328	499831687	7910589155	7910589155
keccak1600-avx512vl-rust	keccak1600-avx512vl	fixed	shared	135	throughput	1	175502	29732384	151544467	493336475	7940326318	7940326318
keccak1600-avx512vl-rust	keccak1600-avx512vl	fixed	shared	135	latency	1	122683	22115391	112656006	345107615	7962446238	7962446238
keccak1600-avx512vl-rust	keccak1600-avx512vl	runtime	asm	135	throughput	2	148377	30202333	154337276	331919705	7992651752	7992651752
keccak1600-avx512vl-rust	keccak1600-avx512vl	runtime	asm	135	latency	2	144578	29946994	152922415	323710490	8022602145	8022602145
keccak1600-avx512vl-rust	keccak1600-avx512vl	fixed	asm	135	throughput	2	152866	30267983	155386805	334776893	8052873368	8052873368
keccak1600-avx512vl-rust	keccak1600-avx512vl	fixed	asm	135	latency	2	148262	30177803	154727021	324990656	8083049121	8083049121
keccak1600-avx512vl-rust	keccak1600-avx512vl	runtime	shared	135	throughput	2	179104	30386472	153578396	536775036	8113439374	8113439374
keccak1600-avx512vl-rust	keccak1600-avx512vl	runtime	shared	135	latency	2	167832	30056094	151635759	503328517	8143503777	8143503777
keccak1600-avx512vl-rust	keccak1600-avx512vl	fixed	shared	135	throughput	2	173441	30109883	152220958	487543001	8173620610	8173620610
keccak1600-avx512vl-rust	keccak1600-avx512vl	fixed	shared	135	latency	2	166089	30103134	152512979	467208717	8203729414	8203729414
keccak1600-avx512vl-rust	keccak1600-avx512vl	runtime	stack	135	throughput	2	164806	29933533	152058179	481069063	8233667257	8233667257
keccak1600-avx512vl-rust	keccak1600-avx512vl	runtime	stack	135	latency	2	162988	30092014	152958634	476088304	8263762740	8263762740
keccak1600-avx512vl-rust	keccak1600-avx512vl	fixed	stack	135	throughput	2	175342	30131313	153106905	492886715	8293897293	8293897293
keccak1600-avx512vl-rust	keccak1600-avx512vl	fixed	stack	135	latency	2	166956	30017663	152756041	469647585	8323918227	8323918227
keccak1600-avx512vl-rust	keccak1600-avx512vl	runtime	shared	135	throughput	3	178272	30139893	153207133	534281536	8354061470	8354061470
keccak1600-avx512vl-rust	keccak1600-avx512vl	runtime	shared	135	latency	3	169162	30057464	152760887	507317182	8384124513	8384124513
keccak1600-avx512vl-rust	keccak1600-avx512vl	fixed	shared	135	throughput	3	174545	29726754	151109864	490646350	8413855097	8413855097
keccak1600-avx512vl-rust	keccak1600-avx512vl	fixed	shared	135	latency	3	166811	30123963	153211505	469239694	8443982250	8443982250
keccak1600-avx512vl-rust	keccak1600-avx512vl	runtime	stack	135	throughput	3	165946	30133213	153046755	484396730	8474119373	8474119373
keccak1600-avx512vl-rust	keccak1600-avx512vl	runtime	stack	135	latency	3	161209	29849504	151200621	470891839	8503972376	8503972376
keccak1600-avx512vl-rust	keccak1600-avx512vl	fixed	stack	135	throughput	3	175824	30378093	153508105	494241614	8534354339	8534354339
keccak1600-avx512vl-rust	keccak1600-avx512vl	fixed	stack	135	latency	3	166666	30029733	152475050	468831815	8564388693	8564388693
keccak1600-avx512vl-rust	keccak1600-avx512vl	runtime	asm	135	throughput	3	148033	29987784	153299981	331150175	8594379836	8594379836
keccak1600-avx512vl-rust	keccak1600-avx512vl	runtime	asm	135	latency	3	145896	30061774	154338101	326661500	8624444609	8624444609
keccak1600-avx512vl-rust	keccak1600-avx512vl	fixed	asm	135	throughput	3	150706	30120923	153654695	330046500	8654561302	8654561302
keccak1600-avx512vl-rust	keccak1600-avx512vl	fixed	asm	135	latency	3	146007	30009523	152555942	320047699	8684574016	8684574016
keccak1600-avx512vl-rust	keccak1600-avx512vl	runtime	stack	135	throughput	4	165946	30082614	152912458	484396726	8714660379	8714660379
keccak1600-avx512vl-rust	keccak1600-avx512vl	runtime	stack	135	latency	4	162574	30022383	152606103	474879004	8744687362	8744687362
keccak1600-avx512vl-rust	keccak1600-avx512vl	fixed	stack	135	throughput	4	176308	30254033	153810068	495602142	8774945165	8774945165
keccak1600-avx512vl-rust	keccak1600-avx512vl	fixed	stack	135	latency	4	166666	29996364	152483755	468831808	8804945159	8804945159
keccak1600-avx512vl-rust	keccak1600-avx512vl	runtime	asm	135	throughput	4	147239	29897383	152607824	329373990	8834845893	8834845893
keccak1600-avx512vl-rust	keccak1600-avx512vl	runtime	asm	135	latency	4	144905	29921044	152842324	324442645	8864770226	8864770226
keccak1600-avx512vl-rust	keccak1600-avx512vl	fixed	asm	135	throughput	4	150706	29909204	153324844	330046494	8894682750	8894682750
keccak1600-avx512vl-rust	keccak1600-avx512vl	fixed	asm	135	latency	4	146901	29925803	153631375	322007345	8924611623	8924611623
keccak1600-avx512vl-rust	keccak1600-avx512vl	runtime	shared	135	throughput	4	179439	30298203	154062438	537779035	8954899526	8954899526
keccak1600-avx512vl-rust	keccak1600-avx512vl	runtime	shared	135	latency	4	169611	30199593	153304980	508663744	8985102559	8985102559
keccak1600-avx512vl-rust	keccak1600-avx512vl	fixed	shared	135	throughput	4	171735	29594455	148278317	482747429	9014701423	9014701423
keccak1600-avx512vl-rust	keccak1600-avx512vl	fixed	shared	135	latency	4	164665	29845604	151219167	463202995	9044550976	9044550976
keccak1600-avx512vl-rust	keccak1600-avx512vl	control	empty	135	throughput	0	2000000	2365944	12002918	30000320	9046920094	9046920094
keccak1600-avx512vl-rust	keccak1600-avx512vl	control	empty	135	latency	0	2000000	2435705	12141910	34000321	9049358772	9049358772
keccak1600-avx512vl-rust	keccak1600-avx512vl	runtime	shared	136	throughput	0	85829	29399575	148649892	509223807	9078761556	9078761556
keccak1600-avx512vl-rust	keccak1600-avx512vl	runtime	shared	136	latency	0	86838	30192523	153214131	515383885	9108951839	9108951839
keccak1600-avx512vl-rust	keccak1600-avx512vl	fixed	shared	136	throughput	0	85752	30245903	152764535	482526856	9139201002	9139201002
keccak1600-avx512vl-rust	keccak1600-avx512vl	fixed	shared	136	latency	0	83080	30064783	151357143	467657669	9169265825	9169265825
keccak1600-avx512vl-rust	keccak1600-avx512vl	runtime	stack	136	throughput	0	89887	30214213	152227105	519996646	9199485918	9199485918
keccak1600-avx512vl-rust	keccak1600-avx512vl	runtime	stack	136	latency	0	87711	30228013	152424409	507583906	9229719251	9229719251
keccak1600-avx512vl-rust	keccak1600-avx512vl	fixed	stack	136	throughput	0	86137	30117214	151609291	481506180	9259841495	9259841495
keccak1600-avx512vl-rust	keccak1600-avx512vl	fixed	stack	136	latency	0	84432	30033403	152218620	472144094	9289872439	9289872439
keccak1600-avx512vl-rust	keccak1600-avx512vl	runtime	asm	136	throughput	0	77170	29920644	152731908	333606261	9319797122	9319797122
keccak1600-avx512vl-rust	keccak1600-avx512vl	runtime	asm	136	latency	0	77325	30126303	153523446	334430982	9349927165	9349927165
keccak1600-avx512vl-rust	keccak1600-avx512vl	fixed	asm	136	throughput	0	77607	30398443	152291442	332235920	9380329248	9380329248
keccak1600-avx512vl-rust	keccak1600-avx512vl	fixed	asm	136	latency	0	76555	30651783	152104416	327885416	9410988671	9410988671
keccak1600-avx512vl-rust	keccak1600-avx512vl	runtime	stack	136	throughput	1	89971	30444763	152478911	520482587	9441442404	9441442404
keccak1600-avx512vl-rust	keccak1600-avx512vl	runtime	stack	136	latency	1	87631	30073323	152430058	507120949	9471521497	9471521497
keccak1600-avx512vl-rust	keccak1600-avx512vl	fixed	stack	136	throughput	1	86995	30146853	153259539	486302405	9501671730	9501671730
keccak1600-avx512vl-rust	keccak1600-avx512vl	fixed	stack	136	latency	1	84993	30140264	153232690	475281211	9531815113	9531815113
keccak1600-avx512vl-rust	keccak1600-avx512vl	runtime	asm	136	throughput	1	77294	29950923	153026294	334142318	9561769267	9561769267
keccak1600-avx512vl-rust	keccak1600-avx512vl	runtime	asm	136	latency	1	77827	30114953	154474452	336602132	9591887530	9591887530
keccak1600-avx512vl-rust	keccak1600-avx512vl	fixed	asm	136	throughput	1	78303	30156074	154602151	335215494	9622047183	9622047183
keccak1600-avx512vl-rust	keccak1600-avx512vl	fixed	asm	136	latency	1	77544	30171453	154491373	332121299	9652222256	9652222256
keccak1600-avx512vl-rust	keccak1600-avx512vl	runtime	shared	136	throughput	1	89510	30722562	155061620	531063185	9682948429	9682948429
keccak1600-avx512vl-rust	keccak1600-avx512vl	runtime	shared	136	latency	1	85295	29841593	150611472	506226171	9712794182	9712794182
keccak1600-avx512vl-rust	keccak1600-avx512vl	fixed	shared	136	throughput	1	85219	29874154	150603222	479527659	9742672006	9742672006
keccak1600-avx512vl-rust	keccak1600-avx512vl	fixed	shared	136	latency	1	83369	30230043	151918219	469284447	9772905559	9772905559
keccak1600-avx512vl-rust	keccak1600-avx512vl	runtime	asm	136	throughput	2	76646	29915864	151882625	331341009	9802824872	9802824872
keccak1600-avx512vl-rust	keccak1600-avx512vl	runtime	asm	136	latency	2	77388	30218213	153569530	334703449	9833046455	9833046455
keccak1600-avx512vl-rust	keccak1600-avx512vl	fixed	asm	136	throughput	2	77890	29966844	153008643	333447440	9863016498	9863016498
keccak1600-avx512vl-rust	keccak1600-avx512vl	fixed	asm	136	latency	2	77544	30606542	154768153	332121301	9893626281	9893626281
keccak1600-avx512vl-rust	keccak1600-avx512vl	runtime	shared	136	throughput	2	88194	30141343	152460995	523255354	9923770934	9923770934
keccak1600-avx512vl-rust	keccak1600-avx512vl	runtime	shared	136	latency	2	86760	30131483	153036531	514920949	9953905827	9953905827
keccak1600-avx512vl-rust	keccak1600-avx512vl	fixed	shared	136	throughput	2	85829	30069864	152826036	482960134	9983978981	9983978981
keccak1600-avx512vl-rust	keccak1600-avx512vl	fixed	shared	136	latency	2	83993	30115294	153041482	472796947	10014097414	10014097414
keccak1600-avx512vl-rust	keccak1600-avx512vl	runtime	stack	136	throughput	2	90438	30122993	153056716	523184179	10044217887	10044217887
keccak1600-avx512vl-rust	keccak1600-avx512vl	runtime	stack	136	latency	2	88073	30085253	152893884	509678796	10074306360	10074306360
keccak1600-avx512vl-rust	keccak1600-avx512vl	fixed	stack	136	throughput	2	86838	30100634	152886798	485424772	10104393733	10104393733
keccak1600-avx512vl-rust	keccak1600-avx512vl	fixed	stack	136	latency	2	84884	30102494	153003309	474671679	10134499717	10134499717
keccak1600-avx512vl-rust	keccak1600-avx512vl	runtime	shared	136	throughput	3	88601	30097323	153018496	525670084	10164600490	10164600490
keccak1600-avx512vl-rust	keccak1600-avx512vl	runtime	shared	136	latency	3	86720	30088313	152930682	514683550	10194691963	10194691963
keccak1600-avx512vl-rust	keccak1600-avx512vl	fixed	shared	136	throughput	3	85752	30045744	152677512	482526852	10224740906	10224740906
keccak1600-avx512vl-rust	keccak1600-avx512vl	fixed	shared	136	latency	3	83916	30086473	152893035	472363514	10254830599	10254830599
keccak1600-avx512vl-rust	keccak1600-avx512vl	runtime	stack	136	throughput	3	90310	30064513	152792037	522443697	10284898283	10284898283
keccak1600-avx512vl-rust	keccak1600-avx512vl	runtime	stack	136	latency	3	88073	30097194	152995562	509678799	10314998586	10314998586
keccak1600-avx512vl-rust	keccak1600-avx512vl	fixed	stack	136	throughput	3	87035	30159503	153245749	486525999	10345161379	10345161379
keccak1600-avx512vl-rust	keccak1600-avx512vl	fixed	stack	136	latency	3	84507	30141613	152261094	472563491	10375306362	10375306362
keccak1600-avx512vl-rust	keccak1600-avx512vl	runtime	asm	136	throughput	3	76953	29939794	152404081	332668166	10405250056	10405250056
keccak1600-avx512vl-rust	keccak1600-avx512vl	runtime	asm	136	latency	3	77764	30246073	154929623	336329643	10435500339	10435500339
keccak1600-avx512vl-rust	keccak1600-avx512vl	fixed	asm	136	throughput	3	77893	29758145	152765781	333460284	10465262072	10465262072
keccak1600-avx512vl-rust	keccak1600-avx512vl	fixed	asm	136	latency	3	78303	30427642	155370136	335372104	10495692995	10495692995
keccak1600-avx512vl-rust	keccak1600-avx512vl	runtime	stack	136	throughput	4	90352	30244383	152885074	522686663	10525937318	10525937318
keccak1600-avx512vl-rust	keccak1600-avx512vl	runtime	stack	136	latency	4	87074	30040763	151309859	503897588	10555982021	10555982021
keccak1600-avx512vl-rust	keccak1600-avx512vl	fixed	stack	136	throughput	4	85906	29952524	151249789	480214889	10585938395	10585938395
keccak1600-avx512vl-rust	keccak1600-avx512vl	fixed	stack	136	latency	4	84507	30120313	152267057	472563492	10616062478	10616062478
keccak1600-avx512vl-rust	keccak1600-avx512vl	runtime	asm	136	throughput	4	76402	30011074	151496473	330286190	10646077061	10646077061
keccak1600-avx512vl-rust	keccak1600-avx512vl	runtime	asm	136	latency	4	76250	30043813	151590336	329781599	10676124744	10676124744
keccak1600-avx512vl-rust	keccak1600-avx512vl	fixed	asm	136	throughput	4	77325	30105053	151728248	331028672	10706233958	10706233958
keccak1600-avx512vl-rust	keccak1600-avx512vl	fixed	asm	136	latency	4	75590	29915794	149886535	323752320	10736153892	10736153892
keccak1600-avx512vl-rust	keccak1600-avx512vl	runtime	shared	136	throughput	4	87431	30002144	151182520	518728476	10766160205	10766160205
keccak1600-avx512vl-rust	keccak1600-avx512vl	runtime	shared	136	latency	4	90267	31519631	159243969	535734997	10797684537	10797684537
keccak1600-avx512vl-rust	keccak1600-avx512vl	fixed	shared	136	throughput	4	85106	30168313	151517646	478891821	10827856600	10827856600
keccak1600-avx512vl-rust	keccak1600-avx512vl	fixed	shared	136	latency	4	82687	30011173	150681386	465445473	10857873243	10857873243
keccak1600-avx512vl-rust	keccak1600-avx512vl	control	empty	136	throughput	0	2000000	2399555	12025153	30000319	10860277261	10860277261
keccak1600-avx512vl-rust	keccak1600-avx512vl	control	empty	136	latency	0	2000000	3059853	15330075	34000322	10863340379	10863340379
keccak1600-avx512vl-rust	keccak1600-avx512vl	runtime	shared	137	throughput	0	87791	29930244	150701685	521215523	10893273732	10893273732
keccak1600-avx512vl-rust	keccak1600-avx512vl	runtime	shared	137	latency	0	86408	30172913	152392502	513177461	10923449975	10923449975
keccak1600-avx512vl-rust	keccak1600-avx512vl	fixed	shared	137	throughput	0	87114	29943353	150684607	520854952	10953384748	10953384748
keccak1600-avx512vl-rust	keccak1600-avx512vl	fixed	shared	137	latency	0	85409	30235813	151724584	510831579	10983624531	10983624531
keccak1600-avx512vl-rust	keccak1600-avx512vl	runtime	stack	137	throughput	0	89219	30131914	151751752	516399924	11013760375	11013760375
keccak1600-avx512vl-rust	keccak1600-avx512vl	runtime	stack	137	latency	0	87272	30132393	151509149	505305229	11043896138	11043896138
keccak1600-avx512vl-rust	keccak1600-avx512vl	fixed	stack	137	throughput	0	85906	30113373	151206702	480472611	11074007201	11074007201
keccak1600-avx512vl-rust	keccak1600-avx512vl	fixed	stack	137	latency	0	83952	29924204	151211683	469711783	11103934574	11103934574
keccak1600-avx512vl-rust	keccak1600-avx512vl	runtime	asm	137	throughput	0	77108	30447762	151954332	333569557	11134378557	11134378557
keccak1600-avx512vl-rust	keccak1600-avx512vl	runtime	asm	137	latency	0	76677	29998364	151764705	331858404	11164381071	11164381071
keccak1600-avx512vl-rust	keccak1600-avx512vl	fixed	asm	137	throughput	0	78017	30200423	152803557	334147158	11194586215	11194586215
keccak1600-avx512vl-rust	keccak1600-avx512vl	fixed	asm	137	latency	0	73874	28885856	145640018	316550436	11223479739	11223479739
keccak1600-avx512vl-rust	keccak1600-avx512vl	runtime	stack	137	throughput	1	89012	30053443	151291656	515201810	11253537202	11253537202
keccak1600-avx512vl-rust	keccak1600-avx512vl	runtime	stack	137	latency	1	76769	26512561	133299540	444492860	11280053079	11280053079
keccak1600-avx512vl-rust	keccak1600-avx512vl	fixed	stack	137	throughput	1	85982	29968774	151221801	480897671	11310025253	11310025253
keccak1600-avx512vl-rust	keccak1600-avx512vl	fixed	stack	137	latency	1	84544	30091903	152295361	473024031	11340114626	11340114626
keccak1600-avx512vl-rust	keccak1600-avx512vl	runtime	asm	137	throughput	1	76738	29982764	151786407	331968941	11370101749	11370101749
keccak1600-avx512vl-rust	keccak1600-avx512vl	runtime	asm	137	latency	1	77170	30152274	153111449	333992115	11400259222	11400259222
keccak1600-avx512vl-rust	keccak1600-avx512vl	fixed	asm	137	throughput	1	77638	30064133	152169078	332523905	11430327966	11430327966
keccak1600-avx512vl-rust	keccak1600-avx512vl	fixed	asm	137	latency	1	77922	30183553	153389218	333896121	11460516109	11460516109
keccak1600-avx512vl-rust	keccak1600-avx512vl	runtime	shared	137	throughput	1	82580	28182338	141927629	490277807	11488704334	11488704334
keccak1600-avx512vl-rust	keccak1600-avx512vl	runtime	shared	137	latency	1	84809	29596985	149637227	503680998	11518305727	11518305727
keccak1600-avx512vl-rust	keccak1600-avx512vl	fixed	shared	137	throughput	1	87711	30097183	151692000	524424421	11548406901	11548406901
keccak1600-avx512vl-rust	keccak1600-avx512vl	fixed	shared	137	latency	1	84993	30097043	151139742	508343483	11578508505	11578508505
keccak1600-avx512vl-rust	keccak1600-avx512vl	runtime	asm	137	throughput	2	77077	30142204	151919771	333435445	11608655898	11608655898
keccak1600-avx512vl-rust	keccak1600-avx512vl	runtime	asm	137	latency	2	75117	29568884	148779151	325106728	11638229492	11638229492
keccak1600-avx512vl-rust	keccak1600-avx512vl	fixed	asm	137	throughput	2	77607	30009923	152141787	332391130	11668244205	11668244205
keccak1600-avx512vl-rust	keccak1600-avx512vl	fixed	asm	137	latency	2	77858	30212713	154096576	333621879	11698461268	11698461268
keccak1600-avx512vl-rust	keccak1600-avx512vl	runtime	shared	137	throughput	2	89136	30127544	153223615	529200788	11728592791	11728592791
keccak1600-avx512vl-rust	keccak1600-avx512vl	runtime	shared	137	latency	2	86917	30549712	153386523	516200414	11759146464	11759146464
keccak1600-avx512vl-rust	keccak1600-avx512vl	fixed	shared	137	throughput	2	87591	30245403	151947371	523706935	11789395967	11789395967
keccak1600-avx512vl-rust	keccak1600-avx512vl	fixed	shared	137	latency	2	85333	29938644	151491420	510377019	11819338650	11819338650
keccak1600-avx512vl-rust	keccak1600-avx512vl	runtime	stack	137	throughput	2	89971	30151844	152986404	520752499	11849494423	11849494423
keccak1600-avx512vl-rust	keccak1600-avx512vl	runtime	stack	137	latency	2	88194	30248603	153278022	510643601	11879746806	11879746806
keccak1600-avx512vl-rust	keccak1600-avx512vl	fixed	stack	137	throughput	2	74159	25677543	130471096	414771623	11905427894	11905427894
keccak1600-avx512vl-rust	keccak1600-avx512vl	fixed	stack	137	latency	2	84843	30062723	152800902	474696935	11935494217	11935494217
keccak1600-avx512vl-rust	keccak1600-avx512vl	runtime	shared	137	throughput	3	89136	30118983	153176498	529200784	11965616700	11965616700
keccak1600-avx512vl-rust	keccak1600-avx512vl	runtime	shared	137	latency	3	86799	30202783	153193964	515499612	11995823063	11995823063
keccak1600-avx512vl-rust	keccak1600-avx512vl	fixed	shared	137	throughput	3	88235	30146453	153147589	527557419	12025973536	12025973536
keccak1600-avx512vl-rust	keccak1600-avx512vl	fixed	shared	137	latency	3	85523	29964114	151995188	511513416	12055943040	12055943040
keccak1600-avx512vl-rust	keccak1600-avx512vl	runtime	stack	137	throughput	3	89677	30004923	152471650	519050830	12085945493	12085945493
keccak1600-avx512vl-rust	keccak1600-avx512vl	runtime	stack	137	latency	3	82226	28124058	142925226	476088887	12114073278	12114073278
keccak1600-avx512vl-rust	keccak1600-avx512vl	fixed	stack	137	throughput	3	87074	30154543	153286223	487005232	12144231631	12144231631
keccak1600-avx512vl-rust	keccak1600-avx512vl	fixed	stack	137	latency	3	84955	30109463	153056475	475323580	12174345034	12174345034
keccak1600-avx512vl-rust	keccak1600-avx512vl	runtime	asm	137	throughput	3	77575	29946464	152864238	335589802	12204295347	12204295347
keccak1600-avx512vl-rust	keccak1600-avx512vl	runtime	asm	137	latency	3	78753	30425423	155492703	340843336	12234725120	12234725120
keccak1600-avx512vl-rust	keccak1600-avx512vl	fixed	asm	137	throughput	3	78179	29974294	153364237	334841007	12264703484	12264703484
keccak1600-avx512vl-rust	keccak1600-avx512vl	fixed	asm	137	latency	3	78559	30209903	154846498	336625663	12294916907	12294916907
keccak1600-avx512vl-rust	keccak1600-avx512vl	runtime	stack	137	throughput	4	91038	30478973	154815555	526928292	12325399380	12325399380
keccak1600-avx512vl-rust	keccak1600-avx512vl	runtime	stack	137	latency	4	88077	30086814	152950814	509966177	12355489863	12355489863
keccak1600-avx512vl-rust	keccak1600-avx512vl	fixed	stack	137	throughput	4	86799	30081033	152893917	485467152	12385575016	12385575016
keccak1600-avx512vl-rust	keccak1600-avx512vl	fixed	stack	137	latency	4	84993	30113443	153033813	475536184	12415692509	12415692509
keccak1600-avx512vl-rust	keccak1600-avx512vl	runtime	asm	137	throughput	4	77294	29860574	152439775	334374197	12445556703	12445556703
keccak1600-avx512vl-rust	keccak1600-avx512vl	runtime	asm	137	latency	4	77732	30309793	155130108	336424445	12475870276	12475870276
keccak1600-avx512vl-rust	keccak1600-avx512vl	fixed	asm	137	throughput	4	78080	29943493	153456699	334416990	12505817369	12505817369
keccak1600-avx512vl-rust	keccak1600-avx512vl	fixed	asm	137	latency	4	77890	30007364	153745665	333758997	12535828352	12535828352
keccak1600-avx512vl-rust	keccak1600-avx512vl	runtime	shared	137	throughput	4	89510	30243903	153797670	531421218	12566075635	12566075635
keccak1600-avx512vl-rust	keccak1600-avx512vl	runtime	shared	137	latency	4	86760	30132953	153068312	515267993	12596204528	12596204528
keccak1600-avx512vl-rust	keccak1600-avx512vl	fixed	shared	137	throughput	4	88235	30109663	153013065	527557412	12626317492	12626317492
keccak1600-avx512vl-rust	keccak1600-avx512vl	fixed	shared	137	latency	4	86175	30123863	153011178	515413017	12656445175	12656445175
keccak1600-avx512vl-rust	keccak1600-avx512vl	control	empty	137	throughput	0	2000000	1986046	10064916	30000317	12658434943	12658434943
keccak1600-avx512vl-rust	keccak1600-avx512vl	control	empty	137	latency	0	2000000	2426265	12062363	34000320	12660864461	12660864461
keccak1600-avx512vl-rust	keccak1600-avx512vl	runtime	shared	272	throughput	0	57536	29479154	148235145	509999449	12690347225	12690347225
keccak1600-avx512vl-rust	keccak1600-avx512vl	runtime	shared	272	latency	0	57988	29975384	152097440	514121956	12720326698	12720326698
keccak1600-avx512vl-rust	keccak1600-avx512vl	fixed	shared	272	throughput	0	60320	30066573	152820047	560855703	12750396951	12750396951
keccak1600-avx512vl-rust	keccak1600-avx512vl	fixed	shared	272	latency	0	59479	30167893	153302147	553155047	12780568584	12780568584
keccak1600-avx512vl-rust	keccak1600-avx512vl	runtime	stack	272	throughput	0	58895	29412245	149454264	509795470	12809984978	12809984978
keccak1600-avx512vl-rust	keccak1600-avx512vl	runtime	stack	272	latency	0	59314	30056963	152734692	513540962	12840046351	12840046351
keccak1600-avx512vl-rust	keccak1600-avx512vl	fixed	stack	272	throughput	0	56570	30170993	153035632	475754048	12870221004	12870221004
keccak1600-avx512vl-rust	keccak1600-avx512vl	fixed	stack	272	latency	0	55830	30120013	153102744	469642312	12900344798	12900344798
keccak1600-avx512vl-rust	keccak1600-avx512vl	runtime	asm	272	throughput	0	52965	30114083	154049363	337069616	12930452102	12930452102
keccak1600-avx512vl-rust	keccak1600-avx512vl	runtime	asm	272	latency	0	53024	30155963	154821868	337551138	12960611385	12960611385
keccak1600-avx512vl-rust	keccak1600-avx512vl	fixed	asm	272	throughput	0	53067	30150064	154120789	335489927	12990764998	12990764998
keccak1600-avx512vl-rust	keccak1600-avx512vl	fixed	asm	272	latency	0	52246	29906524	152508324	330404056	13020674751	13020674751
keccak1600-avx512vl-rust	keccak1600-avx512vl	runtime	stack	272	throughput	1	60625	30269813	153810666	524770354	13050943234	13050943234
keccak1600-avx512vl-rust	keccak1600-avx512vl	runtime	stack	272	latency	1	59405	30124053	152969667	514328836	13081070728	13081070728
keccak1600-avx512vl-rust	keccak1600-avx512vl	fixed	stack	272	throughput	1	52145	27762629	141013560	438539790	13108830574	13108830574
keccak1600-avx512vl-rust	keccak1600-avx512vl	fixed	stack	272	latency	1	52863	28489646	144975144	444683902	13137323428	13137323428
keccak1600-avx512vl-rust	keccak1600-avx512vl	runtime	asm	272	throughput	1	52994	30124964	154203345	337254164	13167452892	13167452892
keccak1600-avx512vl-rust	keccak1600-avx512vl	runtime	asm	272	latency	1	52965	30130833	154620669	337175537	13197587256	13197587256
keccak1600-avx512vl-rust	keccak1600-avx512vl	fixed	asm	272	throughput	1	52674	29833794	152843005	333005372	13227424889	13227424889
keccak1600-avx512vl-rust	keccak1600-avx512vl	fixed	asm	272	latency	1	52777	29960324	153747946	333762094	13257388702	13257388702
keccak1600-avx512vl-rust	keccak1600-avx512vl	runtime	shared	272	throughput	1	59943	30374293	154419843	531335096	13287766335	13287766335
keccak1600-avx512vl-rust	keccak1600-avx512vl	runtime	shared	272	latency	1	58394	30153573	153167334	517721551	13317916958	13317916958
keccak1600-avx512vl-rust	keccak1600-avx512vl	fixed	shared	272	throughput	1	60320	30164203	152847173	560855704	13348084442	13348084442
keccak1600-avx512vl-rust	keccak1600-avx512vl	fixed	shared	272	latency	1	59479	30236893	153307378	553155052	13378319185	13378319185
keccak1600-avx512vl-rust	keccak1600-avx512vl	runtime	asm	272	throughput	2	52430	29900843	152208652	333664870	13408223328	13408223328
keccak1600-avx512vl-rust	keccak1600-avx512vl	runtime	asm	272	latency	2	52018	30032084	152090184	331146936	13438259441	13438259441
keccak1600-avx512vl-rust	keccak1600-avx512vl	fixed	asm	272	throughput	2	52573	30178283	152687715	332366855	13468441874	13468441874
keccak1600-avx512vl-rust	keccak1600-avx512vl	fixed	asm	272	latency	2	52103	30011123	151642676	329499716	13498457148	13498457148
keccak1600-avx512vl-rust	keccak1600-avx512vl	runtime	shared	272	throughput	2	58986	30102963	152133877	522852257	13528565261	13528565261
keccak1600-avx512vl-rust	keccak1600-avx512vl	runtime	shared	272	latency	2	57709	30085704	151424427	511648347	13558656764	13558656764
keccak1600-avx512vl-rust	keccak1600-avx512vl	fixed	shared	272	throughput	2	59887	30123963	152173216	556829677	13588787547	13588787547
keccak1600-avx512vl-rust	keccak1600-avx512vl	fixed	shared	272	latency	2	58913	30057143	151816364	547891250	13618850530	13618850530
keccak1600-avx512vl-rust	keccak1600-avx512vl	runtime	stack	272	throughput	2	59608	30262823	151546445	515967202	13649117013	13649117013
keccak1600-avx512vl-rust	keccak1600-avx512vl	runtime	stack	272	latency	2	58554	29960424	150865233	506960889	13679082047	13679082047
keccak1600-avx512vl-rust	keccak1600-avx512vl	fixed	stack	272	throughput	2	56257	30268653	152141708	473121722	13709355170	13709355170
keccak1600-avx512vl-rust	keccak1600-avx512vl	fixed	stack	272	latency	2	54998	30039264	150759052	462643527	13739402023	13739402023
keccak1600-avx512vl-rust	keccak1600-avx512vl	runtime	shared	272	throughput	3	58787	30016783	151558037	521088314	13769425326	13769425326
keccak1600-avx512vl-rust	keccak1600-avx512vl	runtime	shared	272	latency	3	58164	30515702	152628410	515682380	13799945449	13799945449
keccak1600-avx512vl-rust	keccak1600-avx512vl	fixed	shared	272	throughput	3	59775	30108353	151625299	555788302	13830058212	13830058212
keccak1600-avx512vl-rust	keccak1600-avx512vl	fixed	shared	272	latency	3	59113	30037894	152368581	549751252	13860099515	13860099515
keccak1600-avx512vl-rust	keccak1600-avx512vl	runtime	stack	272	throughput	3	60301	30105173	152999806	521965803	13890207869	13890207869
keccak1600-avx512vl-rust	keccak1600-avx512vl	runtime	stack	272	latency	3	59424	30129033	153133124	514493337	13920340432	13920340432
keccak1600-avx512vl-rust	keccak1600-avx512vl	fixed	stack	272	throughput	3	56470	30058134	152796253	474913051	13950402105	13950402105
keccak1600-avx512vl-rust	keccak1600-avx512vl	fixed	stack	272	latency	3	55732	30188134	152840106	468817930	13980593978	13980593978
keccak1600-avx512vl-rust	keccak1600-avx512vl	runtime	asm	272	throughput	3	52647	30159054	153051685	335045851	14010757071	14010757071
keccak1600-avx512vl-rust	keccak1600-avx512vl	runtime	asm	272	latency	3	52473	30483212	153158170	334043463	14041244264	14041244264
keccak1600-avx512vl-rust	keccak1600-avx512vl	fixed	asm	272	throughput	3	51765	29810574	150264961	327258683	14071052377	14071052377
keccak1600-avx512vl-rust	keccak1600-avx512vl	fixed	asm	272	latency	3	52387	30267143	152637694	331295739	14101323201	14101323201
keccak1600-avx512vl-rust	keccak1600-avx512vl	runtime	stack	272	throughput	4	53811	27025430	136397340	465788364	14128352887	14128352887
keccak1600-avx512vl-rust	keccak1600-avx512vl	runtime	stack	272	latency	4	58859	30073763	151546784	509601574	14158436321	14158436321
keccak1600-avx512vl-rust	keccak1600-avx512vl	fixed	stack	272	throughput	4	56288	30118333	152235699	473382431	14188562414	14188562414
keccak1600-avx512vl-rust	keccak1600-avx512vl	fixed	stack	272	latency	4	55475	30374403	152122952	466656053	14218944507	14218944507
keccak1600-avx512vl-rust	keccak1600-avx512vl	runtime	asm	272	throughput	4	51626	29816314	150157034	328548219	14248766610	14248766610
keccak1600-avx512vl-rust	keccak1600-avx512vl	runtime	asm	272	latency	4	52103	30102154	151939703	331688053	14278872113	14278872113
keccak1600-avx512vl-rust	keccak1600-avx512vl	fixed	asm	272	throughput	4	52331	29875004	151849730	330836935	14308750297	14308750297
keccak1600-avx512vl-rust	keccak1600-avx512vl	fixed	asm	272	latency	4	52273	29912684	152546165	330574801	14338666350	14338666350
keccak1600-avx512vl-rust	keccak1600-avx512vl	runtime	shared	272	throughput	4	59516	30143993	153313214	527550181	14368809073	14368809073
keccak1600-avx512vl-rust	keccak1600-avx512vl	runtime	shared	272	latency	4	58270	30065923	152800554	516622173	14398878566	14398878566
keccak1600-avx512vl-rust	keccak1600-avx512vl	fixed	shared	272	throughput	4	60510	30210543	153338208	562622330	14429092699	14429092699
keccak1600-avx512vl-rust	keccak1600-avx512vl	fixed	shared	272	latency	4	59479	30241563	153265499	553155048	14459337883	14459337883
keccak1600-avx512vl-rust	keccak1600-avx512vl	control	empty	272	throughput	0	2000000	2397065	12108901	30000321	14461738060	14461738060
keccak1600-avx512vl-rust	keccak1600-avx512vl	control	empty	272	latency	0	2000000	2423454	12031148	34000318	14464164468	14464164468
keccak1600-avx512vl-rust	keccak1600-avx512vl	runtime	shared	532	throughput	0	39677	27142700	136622826	467554110	14491310634	14491310634
keccak1600-avx512vl-rust	keccak1600-avx512vl	runtime	shared	532	latency	0	43795	30105533	152283700	516168221	14521416147	14521416147
keccak1600-avx512vl-rust	keccak1600-avx512vl	fixed	shared	532	throughput	0	43107	29984034	152091547	488575092	14551404690	14551404690
keccak1600-avx512vl-rust	keccak1600-avx512vl	fixed	shared	532	latency	0	42799	30240323	153126834	485169813	14581649634	14581649634
keccak1600-avx512vl-rust	keccak1600-avx512vl	runtime	stack	532	throughput	0	44087	30051304	152270013	508014853	14611705318	14611705318
keccak1600-avx512vl-rust	keccak1600-avx512vl	runtime	stack	532	latency	0	44403	30434252	153173950	511744928	14642136861	14642136861
keccak1600-avx512vl-rust	keccak1600-avx512vl	fixed	stack	532	throughput	0	43136	29859434	148601883	495460446	14671999784	14671999784
keccak1600-avx512vl-rust	keccak1600-avx512vl	fixed	stack	532	latency	0	43252	30090043	150964862	496879325	14702094487	14702094487
keccak1600-avx512vl-rust	keccak1600-avx512vl	runtime	asm	532	throughput	0	38438	29908294	151599841	322917987	14732006740	14732006740
keccak1600-avx512vl-rust	keccak1600-avx512vl	runtime	asm	532	latency	0	38803	29888933	152715421	326061961	14761898994	14761898994
keccak1600-avx512vl-rust	keccak1600-avx512vl	fixed	asm	532	throughput	0	39103	30159683	154807436	327136055	14792061787	14792061787
keccak1600-avx512vl-rust	keccak1600-avx512vl	fixed	asm	532	latency	0	38921	30133534	154712988	325691282	14822198400	14822198400
keccak1600-avx512vl-rust	keccak1600-avx512vl	runtime	stack	532	throughput	1	44703	30294653	154292289	515113023	14852496283	14852496283
keccak1600-avx512vl-rust	keccak1600-avx512vl	runtime	stack	532	latency	1	44352	30097554	153045657	511157155	14882597026	14882597026
keccak1600-avx512vl-rust	keccak1600-avx512vl	fixed	stack	532	throughput	1	44444	30143064	153160774	510484140	14912735719	14912735719
keccak1600-avx512vl-rust	keccak1600-avx512vl	fixed	stack	532	latency	1	43845	30121423	153110073	503691714	14942860163	14942860163
keccak1600-avx512vl-rust	keccak1600-avx512vl	runtime	asm	532	throughput	1	38725	29993113	152891175	325329082	14972850987	14972850987
keccak1600-avx512vl-rust	keccak1600-avx512vl	runtime	asm	532	latency	1	38937	29869764	153190559	327187961	15002723940	15002723940
keccak1600-avx512vl-rust	keccak1600-avx512vl	fixed	asm	532	throughput	1	39032	30121613	154577175	326542068	15032844813	15032844813
keccak1600-avx512vl-rust	keccak1600-avx512vl	fixed	asm	532	latency	1	38984	30236583	154958029	326218467	15063084526	15063084526
keccak1600-avx512vl-rust	keccak1600-avx512vl	runtime	shared	532	throughput	1	44954	30362742	154731698	529738296	15093445799	15093445799
keccak1600-avx512vl-rust	keccak1600-avx512vl	runtime	shared	532	latency	1	43311	29624635	150669530	510463799	15123073613	15123073613
keccak1600-avx512vl-rust	keccak1600-avx512vl	fixed	shared	532	throughput	1	43292	30041024	152778172	490671881	15153117976	15153117976
keccak1600-avx512vl-rust	keccak1600-avx512vl	fixed	shared	532	latency	1	42733	30081433	152896353	484421645	15183203049	15183203049
keccak1600-avx512vl-rust	keccak1600-avx512vl	runtime	asm	532	throughput	2	38500	29669054	151655048	323438843	15212876393	15212876393
keccak1600-avx512vl-rust	keccak1600-avx512vl	runtime	asm	532	latency	2	39167	30118563	154623837	329120654	15242999046	15242999046
keccak1600-avx512vl-rust	keccak1600-avx512vl	fixed	asm	532	throughput	2	39048	30150373	154772368	326675924	15273152819	15273152819
keccak1600-avx512vl-rust	keccak1600-avx512vl	fixed	asm	532	latency	2	38842	30082464	154287698	325030210	15303232532	15303232532
keccak1600-avx512vl-rust	keccak1600-avx512vl	runtime	shared	532	throughput	2	44964	30392903	154654520	529856127	15333628995	15333628995
keccak1600-avx512vl-rust	keccak1600-avx512vl	runtime	shared	532	latency	2	44229	30250143	153800587	521283349	15363876678	15363876678
keccak1600-avx512vl-rust	keccak1600-avx512vl	fixed	shared	532	throughput	2	43488	30204793	153518897	492893342	15394084581	15394084581
keccak1600-avx512vl-rust	keccak1600-avx512vl	fixed	shared	532	latency	2	42752	30089063	152950970	484637027	15424176815	15424176815
keccak1600-avx512vl-rust	keccak1600-avx512vl	runtime	stack	532	throughput	2	44117	30003824	152577827	508360547	15454183799	15454183799
keccak1600-avx512vl-rust	keccak1600-avx512vl	runtime	stack	532	latency	2	44394	30123694	153353567	511641207	15484310752	15484310752
keccak1600-avx512vl-rust	keccak1600-avx512vl	fixed	stack	532	throughput	2	44723	30315773	154169523	513688732	15514629565	15514629565
keccak1600-avx512vl-rust	keccak1600-avx512vl	fixed	stack	532	latency	2	43775	30073554	152870502	502887553	15544706278	15544706278
keccak1600-avx512vl-rust	keccak1600-avx512vl	runtime	shared	532	throughput	3	43765	29552685	150647348	515727112	15574262162	15574262162
keccak1600-avx512vl-rust	keccak1600-avx512vl	runtime	shared	532	latency	3	41693	28423907	145020523	491394049	15602689106	15602689106
keccak1600-avx512vl-rust	keccak1600-avx512vl	fixed	shared	532	throughput	3	43537	30182523	153521235	493448714	15632874730	15632874730
keccak1600-avx512vl-rust	keccak1600-avx512vl	fixed	shared	532	latency	3	42752	30089323	152974699	484637029	15662967234	15662967234
keccak1600-avx512vl-rust	keccak1600-avx512vl	runtime	stack	532	throughput	3	44403	30167573	153518614	511656128	15693138227	15693138227
keccak1600-avx512vl-rust	keccak1600-avx512vl	runtime	stack	532	latency	3	44403	30082003	153047438	511744929	15723223230	15723223230
keccak1600-avx512vl-rust	keccak1600-avx512vl	fixed	stack	532	throughput	3	44393	30098843	153108619	509898354	15753325173	15753325173
keccak1600-avx512vl-rust	keccak1600-avx512vl	fixed	stack	532	latency	3	43825	30097594	153026082	503461957	15783425766	15783425766
keccak1600-avx512vl-rust	keccak1600-avx512vl	runtime	asm	532	throughput	3	38859	29965454	153284890	326454816	15813394180	15813394180
keccak1600-avx512vl-rust	keccak1600-avx512vl	runtime	asm	532	latency	3	39095	29934904	153715855	328515639	15843332093	15843332093
keccak1600-avx512vl-rust	keccak1600-avx512vl	fixed	asm	532	throughput	3	38796	29949404	153737720	324567689	15873284446	15873284446
keccak1600-avx512vl-rust	keccak1600-avx512vl	fixed	asm	532	latency	3	39151	30286143	155493934	327615919	15903573869	15903573869
keccak1600-avx512vl-rust	keccak1600-avx512vl	runtime	stack	532	throughput	4	41423	28170917	143602100	477317577	15931747884	15931747884
keccak1600-avx512vl-rust	keccak1600-avx512vl	runtime	stack	532	latency	4	44403	30140443	153177684	511744922	15961891967	15961891967
keccak1600-avx512vl-rust	keccak1600-avx512vl	fixed	stack	532	throughput	4	44372	30126003	153033499	509657149	15992021970	15992021970
keccak1600-avx512vl-rust	keccak1600-avx512vl	fixed	stack	532	latency	4	43567	29944234	152122069	500498049	16021969564	16021969564
keccak1600-avx512vl-rust	keccak1600-avx512vl	runtime	asm	532	throughput	4	39032	30190953	154224199	327908191	16052157987	16052157987
keccak1600-avx512vl-rust	keccak1600-avx512vl	runtime	asm	532	latency	4	39677	30594242	157055207	333406190	16082755270	16082755270
keccak1600-avx512vl-rust	keccak1600-avx512vl	fixed	asm	532	throughput	4	39135	30208513	155111240	327403766	16112966953	16112966953
keccak1600-avx512vl-rust	keccak1600-avx512vl	fixed	asm	532	latency	4	38897	30106713	154775349	325490448	16143076896	16143076896
keccak1600-avx512vl-rust	keccak1600-avx512vl	runtime	shared	532	throughput	4	41693	28162567	143498761	491310661	16171242771	16171242771
keccak1600-avx512vl-rust	keccak1600-avx512vl	runtime	shared	532	latency	4	44006	30083684	153031225	518655066	16201330664	16201330664
keccak1600-avx512vl-rust	keccak1600-avx512vl	fixed	shared	532	throughput	4	43312	30047744	152736403	490898565	16231382477	16231382477
keccak1600-avx512vl-rust	keccak1600-avx512vl	fixed	shared	532	latency	4	42742	30101793	152965313	484523669	16261487810	16261487810
keccak1600-avx512vl-rust	keccak1600-avx512vl	control	empty	532	throughput	0	2000000	2367015	12002271	30000319	16263857888	16263857888
keccak1600-avx512vl-rust	keccak1600-avx512vl	control	empty	532	latency	0	2000000	2809954	14002891	34000320	16266670796	16266670796
keccak1600-avx512vl-rust	keccak1600-avx512vl	runtime	shared	1024	throughput	0	20526	27851089	141100077	482587139	16294524911	16294524911
keccak1600-avx512vl-rust	keccak1600-avx512vl	runtime	shared	1024	latency	0	22168	30069394	153295105	521236540	16324597344	16324597344
keccak1600-avx512vl-rust	keccak1600-avx512vl	fixed	shared	1024	throughput	0	22503	30097394	153257682	517974405	16354697837	16354697837
keccak1600-avx512vl-rust	keccak1600-avx512vl	fixed	shared	1024	latency	0	22445	30158464	153798986	516684248	16384859360	16384859360
keccak1600-avx512vl-rust	keccak1600-avx512vl	runtime	stack	1024	throughput	0	22684	29996434	152839176	521891144	16414858983	16414858983
keccak1600-avx512vl-rust	keccak1600-avx512vl	runtime	stack	1024	latency	0	22617	30090873	153148018	520394906	16444953056	16444953056
keccak1600-avx512vl-rust	keccak1600-avx512vl	fixed	stack	1024	throughput	0	22364	30050183	153145582	509989006	16475006320	16475006320
keccak1600-avx512vl-rust	keccak1600-avx512vl	fixed	stack	1024	latency	0	21397	28868866	147325353	487980337	16503878244	16503878244
keccak1600-avx512vl-rust	keccak1600-avx512vl	runtime	asm	1024	throughput	0	19563	28918725	148329435	324061446	16532799958	16532799958
keccak1600-avx512vl-rust	keccak1600-avx512vl	runtime	asm	1024	latency	0	20332	30108054	154679233	336840600	16562904131	16562904131
keccak1600-avx512vl-rust	keccak1600-avx512vl	fixed	asm	1024	throughput	0	20434	30130914	154773389	337794806	16593038244	16593038244
keccak1600-avx512vl-rust	keccak1600-avx512vl	fixed	asm	1024	latency	0	20440	30216413	155331405	337934875	16623251098	16623251098
keccak1600-avx512vl-rust	keccak1600-avx512vl	runtime	stack	1024	throughput	1	22961	30295863	154564602	528264084	16653549971	16653549971
keccak1600-avx512vl-rust	keccak1600-avx512vl	runtime	stack	1024	latency	1	22490	29954693	152308367	517472766	16683507774	16683507774
keccak1600-avx512vl-rust	keccak1600-avx512vl	fixed	stack	1024	throughput	1	22469	30209353	153918896	512383429	16713720177	16713720177
keccak1600-avx512vl-rust	keccak1600-avx512vl	fixed	stack	1024	latency	1	22346	30182883	153866599	509623229	16743906141	16743906141
keccak1600-avx512vl-rust	keccak1600-avx512vl	runtime	asm	1024	throughput	1	19450	28777886	147497136	322189603	16772687286	16772687286
keccak1600-avx512vl-rust	keccak1600-avx512vl	runtime	asm	1024	latency	1	20338	30123643	154763726	336940002	16802813919	16802813919
keccak1600-avx512vl-rust	keccak1600-avx512vl	fixed	asm	1024	throughput	1	20536	30237233	155420224	339480972	16833054322	16833054322
keccak1600-avx512vl-rust	keccak1600-avx512vl	fixed	asm	1024	latency	1	20460	30252513	155373839	338265531	16863309895	16863309895
keccak1600-avx512vl-rust	keccak1600-avx512vl	runtime	shared	1024	throughput	1	22503	30281263	154672287	529068391	16893594208	16893594208
keccak1600-avx512vl-rust	keccak1600-avx512vl	runtime	shared	1024	latency	1	22250	30121713	153881903	523164602	16923719671	16923719671
keccak1600-avx512vl-rust	keccak1600-avx512vl	fixed	shared	1024	throughput	1	22609	30319083	154208967	520414315	16954032964	16954032964
keccak1600-avx512vl-rust	keccak1600-avx512vl	fixed	shared	1024	latency	1	21536	29010416	147523732	495759073	16983046648	16983046648
keccak1600-avx512vl-rust	keccak1600-avx512vl	runtime	asm	1024	throughput	2	20153	29942843	152702413	333834798	17012992941	17012992941
keccak1600-avx512vl-rust	keccak1600-avx512vl	runtime	asm	1024	latency	2	20098	30163493	152728999	332963918	17043159674	17043159674
keccak1600-avx512vl-rust	keccak1600-avx512vl	fixed	asm	1024	throughput	2	20168	29995153	152781804	333397558	17073153797	17073153797
keccak1600-avx512vl-rust	keccak1600-avx512vl	fixed	asm	1024	latency	2	20308	30085954	154150273	335752513	17103243031	17103243031
keccak1600-avx512vl-rust	keccak1600-avx512vl	runtime	shared	1024	throughput	2	22487	30261353	154613087	528692215	17133502714	17133502714
keccak1600-avx512vl-rust	keccak1600-avx512vl	runtime	shared	1024	latency	2	22250	30192403	153845013	523164603	17163698118	17163698118
keccak1600-avx512vl-rust	keccak1600-avx512vl	fixed	shared	1024	throughput	2	22572	30283513	153839620	519562650	17193984621	17193984621
keccak1600-avx512vl-rust	keccak1600-avx512vl	fixed	shared	1024	latency	2	22348	30059893	153159159	514451311	17224048304	17224048304
keccak1600-avx512vl-rust	keccak1600-avx512vl	runtime	stack	1024	throughput	2	22109	29234025	148865954	508662115	17253285568	17253285568
keccak1600-avx512vl-rust	keccak1600-avx512vl	runtime	stack	1024	latency	2	22609	30082763	153068551	520210837	17283366651	17283366651
keccak1600-avx512vl-rust	keccak1600-avx512vl	fixed	stack	1024	throughput	2	21409	28792956	146538782	488211192	17312162755	17312162755
keccak1600-avx512vl-rust	keccak1600-avx512vl	fixed	stack	1024	latency	2	22255	30162903	153254034	507547887	17342323818	17342323818
keccak1600-avx512vl-rust	keccak1600-avx512vl	runtime	shared	1024	throughput	3	22291	30052223	153180854	524084056	17372379141	17372379141
keccak1600-avx512vl-rust	keccak1600-avx512vl	runtime	shared	1024	latency	3	21340	28960645	147577876	501767772	17401342845	17401342845
keccak1600-avx512vl-rust	keccak1600-avx512vl	fixed	shared	1024	throughput	3	21607	28908876	146964791	497350280	17430248510	17430248510
keccak1600-avx512vl-rust	keccak1600-avx512vl	fixed	shared	1024	latency	3	22335	30071863	153022982	514152056	17460323383	17460323383
keccak1600-avx512vl-rust	keccak1600-avx512vl	runtime	stack	1024	throughput	3	22705	30023933	152905762	522374290	17490350286	17490350286
keccak1600-avx512vl-rust	keccak1600-avx512vl	runtime	stack	1024	latency	3	22633	30139583	153252636	520763052	17520492919	17520492919
keccak1600-avx512vl-rust	keccak1600-avx512vl	fixed	stack	1024	throughput	3	22385	30146953	153274232	510467893	17550642932	17550642932
keccak1600-avx512vl-rust	keccak1600-avx512vl	fixed	stack	1024	latency	3	22348	30212393	153884644	509668845	17580858585	17580858585
keccak1600-avx512vl-rust	keccak1600-avx512vl	runtime	asm	1024	throughput	3	20193	29921614	153220853	334497402	17610783818	17610783818
keccak1600-avx512vl-rust	keccak1600-avx512vl	runtime	asm	1024	latency	3	20326	30188503	154640917	336741194	17640975342	17640975342
keccak1600-avx512vl-rust	keccak1600-avx512vl	fixed	asm	1024	throughput	3	20259	30032974	153389107	334901886	17671011416	17671011416
keccak1600-avx512vl-rust	keccak1600-avx512vl	fixed	asm	1024	latency	3	20324	30081453	154282604	336017044	17701095949	17701095949
keccak1600-avx512vl-rust	keccak1600-avx512vl	runtime	stack	1024	throughput	4	21937	28988586	147784228	504704913	17730087653	17730087653
keccak1600-avx512vl-rust	keccak1600-avx512vl	runtime	stack	1024	latency	4	22617	30108543	153119363	520394905	17760199356	17760199356
keccak1600-avx512vl-rust	keccak1600-avx512vl	fixed	stack	1024	throughput	4	22479	30227223	154055418	512611471	17790429589	17790429589
keccak1600-avx512vl-rust	keccak1600-avx512vl	fixed	stack	1024	latency	4	22367	30243903	154020342	510102154	17820676462	17820676462
keccak1600-avx512vl-rust	keccak1600-avx512vl	runtime	asm	1024	throughput	4	19536	28977266	148582145	323614192	17849656666	17849656666
keccak1600-avx512vl-rust	keccak1600-avx512vl	runtime	asm	1024	latency	4	20268	30052773	154238363	335780312	17879712359	17879712359
keccak1600-avx512vl-rust	keccak1600-avx512vl	fixed	asm	1024	throughput	4	20421	30106383	154539308	337579903	17909821952	17909821952
keccak1600-avx512vl-rust	keccak1600-avx512vl	fixed	asm	1024	latency	4	20412	30192473	154993701	337471950	17940017715	17940017715
keccak1600-avx512vl-rust	keccak1600-avx512vl	runtime	shared	1024	throughput	4	22464	30244563	154386833	528151461	17970265728	17970265728
keccak1600-avx512vl-rust	keccak1600-avx512vl	runtime	shared	1024	latency	4	22127	30116283	153070485	520272504	18000385082	18000385082
keccak1600-avx512vl-rust	keccak1600-avx512vl	fixed	shared	1024	throughput	4	22450	29973523	152686783	516754456	18030356186	18030356186
keccak1600-avx512vl-rust	keccak1600-avx512vl	fixed	shared	1024	latency	4	22348	30043943	153110080	514451318	18060403339	18060403339
keccak1600-avx512vl-rust	keccak1600-avx512vl	control	empty	1024	throughput	0	2000000	2004506	10115284	30000317	18062410827	18062410827
keccak1600-avx512vl-rust	keccak1600-avx512vl	control	empty	1024	latency	0	2000000	2397464	12003292	34000320	18064811205	18064811205
keccak1600-avx512vl-rust	keccak1600-avx512vl	runtime	shared	4096	throughput	0	5633	29805954	150068587	512231579	18094620118	18094620118
keccak1600-avx512vl-rust	keccak1600-avx512vl	runtime	shared	4096	latency	0	5708	29980724	152369235	519063043	18124603841	18124603841
keccak1600-avx512vl-rust	keccak1600-avx512vl	fixed	shared	4096	throughput	0	5673	29909344	152132432	520350606	18154516484	18154516484
keccak1600-avx512vl-rust	keccak1600-avx512vl	fixed	shared	4096	latency	0	5702	30216013	153162488	523022002	18184736587	18184736587
keccak1600-avx512vl-rust	keccak1600-avx512vl	runtime	stack	4096	throughput	0	5779	29599964	150391172	514574072	18214341741	18214341741
keccak1600-avx512vl-rust	keccak1600-avx512vl	runtime	stack	4096	latency	0	5822	29844884	151720750	518414522	18244190854	18244190854
keccak1600-avx512vl-rust	keccak1600-avx512vl	fixed	stack	4096	throughput	0	5851	30146163	153284922	516503228	18274341127	18274341127
keccak1600-avx512vl-rust	keccak1600-avx512vl	fixed	stack	4096	latency	0	5832	30101604	152951556	514837656	18304446850	18304446850
keccak1600-avx512vl-rust	keccak1600-avx512vl	runtime	asm	4096	throughput	0	5233	29845344	152104258	332348181	18334295384	18334295384
keccak1600-avx512vl-rust	keccak1600-avx512vl	runtime	asm	4096	latency	0	5287	30127873	153848592	335788301	18364426388	18364426388
keccak1600-avx512vl-rust	keccak1600-avx512vl	fixed	asm	4096	throughput	0	5269	30001763	152972877	334429048	18394431522	18394431522
keccak1600-avx512vl-rust	keccak1600-avx512vl	fixed	asm	4096	latency	0	5279	30116983	153623390	335074328	18424551685	18424551685
keccak1600-avx512vl-rust	keccak1600-avx512vl	runtime	stack	4096	throughput	1	5913	30321132	153889332	526505701	18454875928	18454875928
keccak1600-avx512vl-rust	keccak1600-avx512vl	runtime	stack	4096	latency	1	5814	29825764	151519707	517702170	18484700931	18484700931
keccak1600-avx512vl-rust	keccak1600-avx512vl	fixed	stack	4096	throughput	1	5849	30121124	153227921	516326682	18514825384	18514825384
keccak1600-avx512vl-rust	keccak1600-avx512vl	fixed	stack	4096	latency	1	5838	30113813	153085390	515367324	18544942207	18544942207
keccak1600-avx512vl-rust	keccak1600-avx512vl	runtime	asm	4096	throughput	1	5247	29881994	153022162	333237325	18574827241	18574827241
keccak1600-avx512vl-rust	keccak1600-avx512vl	runtime	asm	4096	latency	1	5320	30156613	154758132	337884201	18604979785	18604979785
keccak1600-avx512vl-rust	keccak1600-avx512vl	fixed	asm	4096	throughput	1	5315	30149653	154420405	337348722	18635132578	18635132578
keccak1600-avx512vl-rust	keccak1600-avx512vl	fixed	asm	4096	latency	1	5227	29740954	151897273	331773720	18664876792	18664876792
keccak1600-avx512vl-rust	keccak1600-avx512vl	runtime	shared	4096	throughput	1	5621	29416005	149785338	511140366	18694296186	18694296186
keccak1600-avx512vl-rust	keccak1600-avx512vl	runtime	shared	4096	latency	1	5684	29824414	151698333	516880574	18724123879	18724123879
keccak1600-avx512vl-rust	keccak1600-avx512vl	fixed	shared	4096	throughput	1	5708	30110643	153091606	523560950	18754237542	18754237542
keccak1600-avx512vl-rust	keccak1600-avx512vl	fixed	shared	4096	latency	1	5692	30364613	152868235	522104750	18784598235	18784598235
keccak1600-avx512vl-rust	keccak1600-avx512vl	runtime	asm	4096	throughput	2	5235	29969023	152183830	332475204	18814570578	18814570578
keccak1600-avx512vl-rust	keccak1600-avx512vl	runtime	asm	4096	latency	2	5242	29759905	152335447	332930251	18844333752	18844333752
keccak1600-avx512vl-rust	keccak1600-avx512vl	fixed	asm	4096	throughput	2	5296	30028204	153834746	336142773	18874364915	18874364915
keccak1600-avx512vl-rust	keccak1600-avx512vl	fixed	asm	4096	latency	2	5316	30096723	154437913	337422823	18904456578	18904456578
keccak1600-avx512vl-rust	keccak1600-avx512vl	runtime	shared	4096	throughput	2	5807	30322523	154687606	528054097	18934782061	18934782061
keccak1600-avx512vl-rust	keccak1600-avx512vl	runtime	shared	4096	latency	2	5715	29950974	152539978	519699595	18964736204	18964736204
keccak1600-avx512vl-rust	keccak1600-avx512vl	fixed	shared	4096	throughput	2	5709	30099753	153115359	523652669	18994839247	18994839247
keccak1600-avx512vl-rust	keccak1600-avx512vl	fixed	shared	4096	latency	2	5667	29924124	152208492	519811596	19024766741	19024766741
keccak1600-avx512vl-rust	keccak1600-avx512vl	runtime	stack	4096	throughput	2	5885	30113703	153189438	524012524	19054879335	19054879335
keccak1600-avx512vl-rust	keccak1600-avx512vl	runtime	stack	4096	latency	2	5875	30101313	153151040	523133858	19084983658	19084983658
keccak1600-avx512vl-rust	keccak1600-avx512vl	fixed	stack	4096	throughput	2	5879	30178843	153972316	518974961	19115160291	19115160291
keccak1600-avx512vl-rust	keccak1600-avx512vl	fixed	stack	4096	latency	2	5803	29860093	152194541	512277588	19145023524	19145023524
keccak1600-avx512vl-rust	keccak1600-avx512vl	runtime	shared	4096	throughput	3	5650	29478165	150579922	513777454	19174504948	19174504948
keccak1600-avx512vl-rust	keccak1600-avx512vl	runtime	shared	4096	latency	3	5705	29803154	152261080	518790233	19204311262	19204311262
keccak1600-avx512vl-rust	keccak1600-avx512vl	fixed	shared	4096	throughput	3	5739	30271493	153948307	526404393	19234580596	19234580596
keccak1600-avx512vl-rust	keccak1600-avx512vl	fixed	shared	4096	latency	3	5616	29665734	150833327	515133569	19264249370	19264249370
keccak1600-avx512vl-rust	keccak1600-avx512vl	runtime	stack	4096	throughput	3	5833	29844274	151828445	519382344	19294091084	19294091084
keccak1600-avx512vl-rust	keccak1600-avx512vl	runtime	stack	4096	latency	3	5876	30059724	153201976	523222900	19324153868	19324153868
keccak1600-avx512vl-rust	keccak1600-avx512vl	fixed	stack	4096	throughput	3	5828	29969384	152644936	514472884	19354121382	19354121382
keccak1600-avx512vl-rust	keccak1600-avx512vl	fixed	stack	4096	latency	3	5865	30166703	153828965	517750827	19384291105	19384291105
keccak1600-avx512vl-rust	keccak1600-avx512vl	runtime	asm	4096	throughput	3	5219	29657254	152142585	331459045	19413951709	19413951709
keccak1600-avx512vl-rust	keccak1600-avx512vl	runtime	asm	4096	latency	3	5276	29837004	153244811	335089668	19443791663	19443791663
keccak1600-avx512vl-rust	keccak1600-avx512vl	fixed	asm	4096	throughput	3	5297	29962223	153878379	336206245	19473756867	19473756867
keccak1600-avx512vl-rust	keccak1600-avx512vl	fixed	asm	4096	latency	3	5317	30095314	154502949	337486300	19503855131	19503855131
keccak1600-avx512vl-rust	keccak1600-avx512vl	runtime	stack	4096	throughput	4	5943	30317762	154677684	529176958	19534176044	19534176044
keccak1600-avx512vl-rust	keccak1600-avx512vl	runtime	stack	4096	latency	4	5827	29832404	151909751	518859743	19564011457	19564011457
keccak1600-avx512vl-rust	keccak1600-avx512vl	fixed	stack	4096	throughput	4	5847	30064303	153144824	516150126	19594078730	19594078730
keccak1600-avx512vl-rust	keccak1600-avx512vl	fixed	stack	4096	latency	4	5868	30150363	153911316	518015663	19624232003	19624232003
keccak1600-avx512vl-rust	keccak1600-avx512vl	runtime	asm	4096	throughput	4	5286	29969464	153506337	335714216	19654204486	19654204486
keccak1600-avx512vl-rust	keccak1600-avx512vl	runtime	asm	4096	latency	4	5321	30140703	154764319	337947706	19684348389	19684348389
keccak1600-avx512vl-rust	keccak1600-avx512vl	fixed	asm	4096	throughput	4	5288	29918083	153580398	335635003	19714269623	19714269623
keccak1600-avx512vl-rust	keccak1600-avx512vl	fixed	asm	4096	latency	4	5299	30000014	154103009	336343786	19744273127	19744273127
keccak1600-avx512vl-rust	keccak1600-avx512vl	runtime	shared	4096	throughput	4	5803	30245743	154651040	527690358	19774521850	19774521850
keccak1600-avx512vl-rust	keccak1600-avx512vl	runtime	shared	4096	latency	4	5707	29836944	152358328	518972104	19804361893	19804361893
keccak1600-avx512vl-rust	keccak1600-avx512vl	fixed	shared	4096	throughput	4	5690	30005073	152610929	521909914	19834369996	19834369996
keccak1600-avx512vl-rust	keccak1600-avx512vl	fixed	shared	4096	latency	4	5700	30109254	153075792	522838554	19864482409	19864482409
keccak1600-avx512vl-rust	keccak1600-avx512vl	control	empty	4096	throughput	0	2000000	2395634	12125660	30000320	19866881027	19866881027
keccak1600-avx512vl-rust	keccak1600-avx512vl	control	empty	4096	latency	0	2000000	3208643	16002824	34000320	19870092624	19870092624
keccak1600-avx512vl-rust	keccak1600-avx512vl	runtime	shared	16384	throughput	0	1442	29651344	150031883	511497942	19899747177	19899747177
keccak1600-avx512vl-rust	keccak1600-avx512vl	runtime	shared	16384	latency	0	1468	30386023	152840499	520723434	19930138330	19930138330
keccak1600-avx512vl-rust	keccak1600-avx512vl	fixed	shared	16384	throughput	0	1444	29801934	148888070	502056044	19959948404	19959948404
keccak1600-avx512vl-rust	keccak1600-avx512vl	fixed	shared	16384	latency	0	1440	29493365	148788959	500668195	19989446208	19989446208
keccak1600-avx512vl-rust	keccak1600-avx512vl	runtime	stack	16384	throughput	0	1483	29637354	150622457	515239039	20019088121	20019088121
keccak1600-avx512vl-rust	keccak1600-avx512vl	runtime	stack	16384	latency	0	1504	30072303	152759427	522538082	20049157534	20049157534
keccak1600-avx512vl-rust	keccak1600-avx512vl	fixed	stack	16384	throughput	0	1475	29774684	151135257	512636596	20078935797	20078935797
keccak1600-avx512vl-rust	keccak1600-avx512vl	fixed	stack	16384	latency	0	1490	30075723	152743944	517852831	20109015260	20109015260
keccak1600-avx512vl-rust	keccak1600-avx512vl	runtime	asm	16384	throughput	0	1346	29837904	152405373	332728860	20138857514	20138857514
keccak1600-avx512vl-rust	keccak1600-avx512vl	runtime	asm	16384	latency	0	1351	29816444	152936152	333967546	20168677388	20168677388
keccak1600-avx512vl-rust	keccak1600-avx512vl	fixed	asm	16384	throughput	0	1356	29977894	153476639	335150663	20198658591	20198658591
keccak1600-avx512vl-rust	keccak1600-avx512vl	fixed	asm	16384	latency	0	1360	30052223	153904051	336142030	20228714244	20228714244
keccak1600-avx512vl-rust	keccak1600-avx512vl	runtime	stack	16384	throughput	1	1515	30250432	153836345	526356802	20258968797	20258968797
keccak1600-avx512vl-rust	keccak1600-avx512vl	runtime	stack	16384	latency	1	1497	29939783	152062637	520106061	20288894771	20288894771
keccak1600-avx512vl-rust	keccak1600-avx512vl	fixed	stack	16384	throughput	1	1491	30045123	152747186	518197401	20318943034	20318943034
keccak1600-avx512vl-rust	keccak1600-avx512vl	fixed	stack	16384	latency	1	1476	29766044	151334514	512987108	20348712268	20348712268
keccak1600-avx512vl-rust	keccak1600-avx512vl	runtime	asm	16384	throughput	1	1348	29803694	152567721	333223258	20378519251	20378519251
keccak1600-avx512vl-rust	keccak1600-avx512vl	runtime	asm	16384	latency	1	1356	29942853	153552474	335203555	20408465304	20408465304
keccak1600-avx512vl-rust	keccak1600-avx512vl	fixed	asm	16384	throughput	1	1360	29940413	153738130	336139313	20438408917	20438408917
keccak1600-avx512vl-rust	keccak1600-avx512vl	fixed	asm	16384	latency	1	1362	30021884	154126338	336636362	20468433941	20468433941
keccak1600-avx512vl-rust	keccak1600-avx512vl	runtime	shared	16384	throughput	1	1483	30339533	154288059	526041216	20498776594	20498776594
keccak1600-avx512vl-rust	keccak1600-avx512vl	runtime	shared	16384	latency	1	1468	30022493	152722720	520723444	20528802177	20528802177
keccak1600-avx512vl-rust	keccak1600-avx512vl	fixed	shared	16384	throughput	1	1485	30058483	152907248	516311096	20558863660	20558863660
keccak1600-avx512vl-rust	keccak1600-avx512vl	fixed	shared	16384	latency	1	1482	30147373	152702961	515271009	20589007783	20589007783
keccak1600-avx512vl-rust	keccak1600-avx512vl	runtime	asm	16384	throughput	2	1348	29905084	152576711	333223258	20618915947	20618915947
keccak1600-avx512vl-rust	keccak1600-avx512vl	runtime	asm	16384	latency	2	1353	29817824	153073911	334461956	20648736770	20648736770
keccak1600-avx512vl-rust	keccak1600-avx512vl	fixed	asm	16384	throughput	2	1361	30014823	154100977	336386478	20678754783	20678754783
keccak1600-avx512vl-rust	keccak1600-avx512vl	fixed	asm	16384	latency	2	1360	30019914	154036867	336142037	20708772026	20708772026
keccak1600-avx512vl-rust	keccak1600-avx512vl	runtime	shared	16384	throughput	2	1483	30204493	154210083	526041221	20738979570	20738979570
keccak1600-avx512vl-rust	keccak1600-avx512vl	runtime	shared	16384	latency	2	1472	30011494	153146913	522142309	20768994043	20768994043
keccak1600-avx512vl-rust	keccak1600-avx512vl	fixed	shared	16384	throughput	2	1483	30026944	152666399	515615723	20799024046	20799024046
keccak1600-avx512vl-rust	keccak1600-avx512vl	fixed	shared	16384	latency	2	1490	30137543	153526161	518052497	20829155829	20829155829
keccak1600-avx512vl-rust	keccak1600-avx512vl	runtime	stack	16384	throughput	2	1508	30036243	153096339	523924796	20859195162	20859195162
keccak1600-avx512vl-rust	keccak1600-avx512vl	runtime	stack	16384	latency	2	1492	29762194	151578369	518368891	20888960916	20888960916
keccak1600-avx512vl-rust	keccak1600-avx512vl	fixed	stack	16384	throughput	2	1493	30092863	153005780	518892502	20919057299	20919057299
keccak1600-avx512vl-rust	keccak1600-avx512vl	fixed	stack	16384	latency	2	1481	29880073	151838488	514724873	20948936683	20948936683
keccak1600-avx512vl-rust	keccak1600-avx512vl	runtime	shared	16384	throughput	3	1468	30051473	152698882	520720503	20978991387	20978991387
keccak1600-avx512vl-rust	keccak1600-avx512vl	runtime	shared	16384	latency	3	1461	29915903	151959167	518240420	21008905270	21008905270
keccak1600-avx512vl-rust	keccak1600-avx512vl	fixed	shared	16384	throughput	3	1482	30034363	152635843	515268037	21038944173	21038944173
keccak1600-avx512vl-rust	keccak1600-avx512vl	fixed	shared	16384	latency	3	1479	30063154	152806844	514227942	21069012596	21069012596
keccak1600-avx512vl-rust	keccak1600-avx512vl	runtime	stack	16384	throughput	3	1509	30160413	153318078	524272219	21099177719	21099177719
keccak1600-avx512vl-rust	keccak1600-avx512vl	runtime	stack	16384	latency	3	1504	30073483	152862069	522538082	21129255113	21129255113
keccak1600-avx512vl-rust	keccak1600-avx512vl	fixed	stack	16384	throughput	3	1485	29988174	152272617	516112107	21159247507	21159247507
keccak1600-avx512vl-rust	keccak1600-avx512vl	fixed	stack	16384	latency	3	1487	30010664	152473187	516810184	21189254270	21189254270
keccak1600-avx512vl-rust	keccak1600-avx512vl	runtime	asm	16384	throughput	3	1344	29729104	152103397	332234464	21218986803	21218986803
keccak1600-avx512vl-rust	keccak1600-avx512vl	runtime	asm	16384	latency	3	1360	29993994	153884053	336192361	21248978836	21248978836
keccak1600-avx512vl-rust	keccak1600-avx512vl	fixed	asm	16384	throughput	3	1358	29911183	153520958	335644996	21278893179	21278893179
keccak1600-avx512vl-rust	keccak1600-avx512vl	fixed	asm	16384	latency	3	1364	30168563	154245847	337130685	21309064863	21309064863
keccak1600-avx512vl-rust	keccak1600-avx512vl	runtime	stack	16384	throughput	4	1503	30240953	152603882	522187645	21339309046	21339309046
keccak1600-avx512vl-rust	keccak1600-avx512vl	runtime	stack	16384	latency	4	1469	29719664	149545976	510377962	21369032209	21369032209
keccak1600-avx512vl-rust	keccak1600-avx512vl	fixed	stack	16384	throughput	4	1483	29991773	151890000	515416999	21399027782	21399027782
keccak1600-avx512vl-rust	keccak1600-avx512vl	fixed	stack	16384	latency	4	1484	29933403	152107675	515767518	21428964975	21428964975
keccak1600-avx512vl-rust	keccak1600-avx512vl	runtime	asm	16384	throughput	4	1345	29697504	152191800	332481662	21458665708	21458665708
keccak1600-avx512vl-rust	keccak1600-avx512vl	runtime	asm	16384	latency	4	1361	30043763	154081987	336439546	21488712661	21488712661
keccak1600-avx512vl-rust	keccak1600-avx512vl	fixed	asm	16384	throughput	4	1351	30293103	153041481	333914865	21519009014	21519009014
keccak1600-avx512vl-rust	keccak1600-avx512vl	fixed	asm	16384	latency	4	1341	30243593	151768773	331445934	21549256347	21549256347
keccak1600-avx512vl-rust	keccak1600-avx512vl	runtime	shared	16384	throughput	4	1460	30053133	151635183	517882795	21579317421	21579317421
keccak1600-avx512vl-rust	keccak1600-avx512vl	runtime	shared	16384	latency	4	1455	30091493	151410915	516112131	21609415704	21609415704
keccak1600-avx512vl-rust	keccak1600-avx512vl	fixed	shared	16384	throughput	4	1458	29952684	150150433	506923622	21639372827	21639372827
keccak1600-avx512vl-rust	keccak1600-avx512vl	fixed	shared	16384	latency	4	1468	29978894	151214513	510403398	21669356050	21669356050
keccak1600-avx512vl-rust	keccak1600-avx512vl	control	empty	16384	throughput	0	2000000	2410534	12148522	30000321	21671769938	21671769938
keccak1600-avx512vl-rust	keccak1600-avx512vl	control	empty	16384	latency	0	2000000	3193763	16002350	34000319	21674966775	21674966775
keccak1600-avx512vl-rust	keccak1600-avx512vl	runtime	shared	131072	throughput	0	183	30070114	151618744	517074723	21705041079	21705041079
keccak1600-avx512vl-rust	keccak1600-avx512vl	runtime	shared	131072	latency	0	183	29820094	151636982	517075085	21734865232	21734865232
keccak1600-avx512vl-rust	keccak1600-avx512vl	fixed	shared	131072	throughput	0	179	29920654	152568001	481612387	21764789415	21764789415
keccak1600-avx512vl-rust	keccak1600-avx512vl	fixed	shared	131072	latency	0	179	29912854	152561867	481612743	21794705798	21794705798
keccak1600-avx512vl-rust	keccak1600-avx512vl	runtime	stack	131072	throughput	0	189	30072663	152837195	523092443	21824782201	21824782201
keccak1600-avx512vl-rust	keccak1600-avx512vl	runtime	stack	131072	latency	0	189	30042073	152831049	523092824	21854822514	21854822514
keccak1600-avx512vl-rust	keccak1600-avx512vl	fixed	stack	131072	throughput	0	190	30004944	152697995	521651628	21884831007	21884831007
keccak1600-avx512vl-rust	keccak1600-avx512vl	fixed	stack	131072	latency	0	190	30011543	152710003	521652004	21914846081	21914846081
keccak1600-avx512vl-rust	keccak1600-avx512vl	runtime	asm	131072	throughput	0	170	29826384	153141192	334519723	21944676234	21944676234
keccak1600-avx512vl-rust	keccak1600-avx512vl	runtime	asm	131072	latency	0	169	29865364	152192275	332552299	21974545147	21974545147
keccak1600-avx512vl-rust	keccak1600-avx512vl	fixed	asm	131072	throughput	0	170	29819064	153112517	334513944	22004369940	22004369940
keccak1600-avx512vl-rust	keccak1600-avx512vl	fixed	asm	131072	latency	0	171	30019334	153947386	336482015	22034384443	22034384443
keccak1600-avx512vl-rust	keccak1600-avx512vl	runtime	stack	131072	throughput	1	189	30002963	152819913	523092432	22064391046	22064391046
keccak1600-avx512vl-rust	keccak1600-avx512vl	runtime	stack	131072	latency	1	189	30056984	152936169	523092816	22094451649	22094451649
keccak1600-avx512vl-rust	keccak1600-avx512vl	fixed	stack	131072	throughput	1	190	30051743	152642996	521651626	22124506932	22124506932
keccak1600-avx512vl-rust	keccak1600-avx512vl	fixed	stack	131072	latency	1	190	30044433	152671777	521651997	22154550685	22154550685
keccak1600-avx512vl-rust	keccak1600-avx512vl	runtime	asm	131072	throughput	1	170	29836084	153139833	334519717	22184390978	22184390978
keccak1600-avx512vl-rust	keccak1600-avx512vl	runtime	asm	131072	latency	1	171	30001553	154023142	336487824	22214396061	22214396061
keccak1600-avx512vl-rust	keccak1600-avx512vl	fixed	asm	131072	throughput	1	170	29806014	153034473	334513944	22244205605	22244205605
keccak1600-avx512vl-rust	keccak1600-avx512vl	fixed	asm	131072	latency	1	170	29834014	153100617	334514283	22274044199	22274044199
keccak1600-avx512vl-rust	keccak1600-avx512vl	runtime	shared	131072	throughput	1	185	30026443	153259040	522725809	22304074123	22304074123
keccak1600-avx512vl-rust	keccak1600-avx512vl	runtime	shared	131072	latency	1	184	29854904	152416920	519900638	22333932226	22333932226
keccak1600-avx512vl-rust	keccak1600-avx512vl	fixed	shared	131072	throughput	1	179	29927704	152587993	481612385	22363863189	22363863189
keccak1600-avx512vl-rust	keccak1600-avx512vl	fixed	shared	131072	latency	1	179	29927844	152589969	481612748	22393788712	22393788712
keccak1600-avx512vl-rust	keccak1600-avx512vl	runtime	asm	131072	throughput	2	170	29837534	153149513	334519721	22423624485	22423624485
keccak1600-avx512vl-rust	keccak1600-avx512vl	runtime	asm	131072	latency	2	171	29997354	154016243	336487829	22453625348	22453625348
keccak1600-avx512vl-rust	keccak1600-avx512vl	fixed	asm	131072	throughput	2	171	30052623	154097485	336481673	22483676431	22483676431
keccak1600-avx512vl-rust	keccak1600-avx512vl	fixed	asm	131072	latency	2	170	29854804	153214390	334514283	22513529385	22513529385
keccak1600-avx512vl-rust	keccak1600-avx512vl	runtime	shared	131072	throughput	2	185	30009624	153241015	522725808	22543542309	22543542309
keccak1600-avx512vl-rust	keccak1600-avx512vl	runtime	shared	131072	latency	2	184	29914323	152439138	519900640	22573454593	22573454593
keccak1600-avx512vl-rust	keccak1600-avx512vl	fixed	shared	131072	throughput	2	179	29913423	152571839	481612390	22603366176	22603366176
keccak1600-avx512vl-rust	keccak1600-avx512vl	fixed	shared	131072	latency	2	179	30047943	152599889	481612743	22633420069	22633420069
keccak1600-avx512vl-rust	keccak1600-avx512vl	runtime	stack	131072	throughput	2	188	29906724	152011111	520324758	22663334152	22663334152
keccak1600-avx512vl-rust	keccak1600-avx512vl	runtime	stack	131072	latency	2	188	29919924	152034684	520325138	22693251195	22693251195
keccak1600-avx512vl-rust	keccak1600-avx512vl	fixed	stack	131072	throughput	2	189	29867184	151817463	518906090	22723122979	22723122979
keccak1600-avx512vl-rust	keccak1600-avx512vl	fixed	stack	131072	latency	2	190	30037473	152651507	521652005	22753162133	22753162133
keccak1600-avx512vl-rust	keccak1600-avx512vl	runtime	shared	131072	throughput	3	184	29961974	152445438	519900269	22783127676	22783127676
keccak1600-avx512vl-rust	keccak1600-avx512vl	runtime	shared	131072	latency	3	184	29983133	152459803	519900634	22813114319	22813114319
keccak1600-avx512vl-rust	keccak1600-avx512vl	fixed	shared	131072	throughput	3	179	29975143	152578988	481612386	22843093033	22843093033
keccak1600-avx512vl-rust	keccak1600-avx512vl	fixed	shared	131072	latency	3	179	29969604	152596977	481612741	22873066516	22873066516
keccak1600-avx512vl-rust	keccak1600-avx512vl	runtime	stack	131072	throughput	3	189	30016423	152796357	523092439	22903086949	22903086949
keccak1600-avx512vl-rust	keccak1600-avx512vl	runtime	stack	131072	latency	3	189	30017914	152798394	523092820	22933109002	22933109002
keccak1600-avx512vl-rust	keccak1600-avx512vl	fixed	stack	131072	throughput	3	190	29992804	152634519	521651622	22963105735	22963105735
keccak1600-avx512vl-rust	keccak1600-avx512vl	fixed	stack	131072	latency	3	190	29952184	152657928	521652008	22993061878	22993061878
keccak1600-avx512vl-rust	keccak1600-avx512vl	runtime	asm	131072	throughput	3	170	29824754	153111467	334519728	23022890051	23022890051
keccak1600-avx512vl-rust	keccak1600-avx512vl	runtime	asm	131072	latency	3	170	29822394	153157802	334520064	23052715834	23052715834
keccak1600-avx512vl-rust	keccak1600-avx512vl	fixed	asm	131072	throughput	3	170	29853253	153157707	334513946	23082572607	23082572607
keccak1600-avx512vl-rust	keccak1600-avx512vl	fixed	asm	131072	latency	3	171	29971474	153968518	336482012	23112548410	23112548410
keccak1600-avx512vl-rust	keccak1600-avx512vl	runtime	stack	131072	throughput	4	189	29977473	152839052	523092432	23142529503	23142529503
keccak1600-avx512vl-rust	keccak1600-avx512vl	runtime	stack	131072	latency	4	189	30017334	152822469	523092821	23172551046	23172551046
keccak1600-avx512vl-rust	keccak1600-avx512vl	fixed	stack	131072	throughput	4	190	29980413	152620991	521651619	23202534949	23202534949
keccak1600-avx512vl-rust	keccak1600-avx512vl	fixed	stack	131072	latency	4	188	29789174	151057920	516160937	23232321822	23232321822
keccak1600-avx512vl-rust	keccak1600-avx512vl	runtime	asm	131072	throughput	4	170	29831793	153129489	334519727	23262156925	23262156925
keccak1600-avx512vl-rust	keccak1600-avx512vl	runtime	asm	131072	latency	4	170	29804414	153188503	334520062	23291964808	23291964808
keccak1600-avx512vl-rust	keccak1600-avx512vl	fixed	asm	131072	throughput	4	170	29841714	153142966	334513939	23321810411	23321810411
keccak1600-avx512vl-rust	keccak1600-avx512vl	fixed	asm	131072	latency	4	170	29817263	153062231	334514280	23351631764	23351631764
keccak1600-avx512vl-rust	keccak1600-avx512vl	runtime	shared	131072	throughput	4	184	29919533	152471174	519900258	23381554907	23381554907
keccak1600-avx512vl-rust	keccak1600-avx512vl	runtime	shared	131072	latency	4	184	29875973	152424548	519900633	23411434360	23411434360
keccak1600-avx512vl-rust	keccak1600-avx512vl	fixed	shared	131072	throughput	4	178	29795573	151715315	478921813	23441233834	23441233834
keccak1600-avx512vl-rust	keccak1600-avx512vl	fixed	shared	131072	latency	4	179	29939473	152602429	481612745	23471177367	23471177367
keccak1600-avx512vl-rust	keccak1600-avx512vl	control	empty	131072	throughput	0	2000000	2240235	11446365	30000320	23473421025	23473421025
keccak1600-avx512vl-rust	keccak1600-avx512vl	control	empty	131072	latency	0	2000000	3217403	16018967	34000320	23476641532	23476641532
