backend	asm_backend	shape	implementation	bytes	mode	repeat	iterations	ns	cycles	instructions	enabled	running
keccak1600-avx512vl-rust	keccak1600-avx512vl	runtime	shared	0	throughput	0	168717	29857384	151797161	512731317	29847794	29847794
keccak1600-avx512vl-rust	keccak1600-avx512vl	runtime	shared	0	latency	0	161073	30023284	153765102	489662276	59874437	59874437
keccak1600-avx512vl-rust	keccak1600-avx512vl	fixed	shared	0	throughput	0	176146	30109274	154380562	531961271	89987310	89987310
keccak1600-avx512vl-rust	keccak1600-avx512vl	fixed	shared	0	latency	0	163962	30211063	155114436	495329555	120201973	120201973
keccak1600-avx512vl-rust	keccak1600-avx512vl	runtime	stack	0	throughput	0	170363	30137934	154429792	496267771	150343196	150343196
keccak1600-avx512vl-rust	keccak1600-avx512vl	runtime	stack	0	latency	0	164242	30040974	153632689	478601542	180387520	180387520
keccak1600-avx512vl-rust	keccak1600-avx512vl	fixed	stack	0	throughput	0	176470	30133703	154295902	493763400	210524573	210524573
keccak1600-avx512vl-rust	keccak1600-avx512vl	fixed	stack	0	latency	0	170970	30034504	154111312	478545381	240556456	240556456
keccak1600-avx512vl-rust	keccak1600-avx512vl	runtime	asm	0	throughput	0	149416	30060364	154766547	333347446	270620079	270620079
keccak1600-avx512vl-rust	keccak1600-avx512vl	runtime	asm	0	latency	0	145896	29965814	154531240	325640228	300579433	300579433
keccak1600-avx512vl-rust	keccak1600-avx512vl	fixed	asm	0	throughput	0	151539	30246713	155995281	331416145	330829236	330829236
keccak1600-avx512vl-rust	keccak1600-avx512vl	fixed	asm	0	latency	0	146901	29848325	154033323	321419739	360680629	360680629
keccak1600-avx512vl-rust	keccak1600-avx512vl	runtime	stack	0	throughput	1	171735	30343523	155818161	500264406	391027332	391027332
keccak1600-avx512vl-rust	keccak1600-avx512vl	runtime	stack	0	latency	1	165232	30165523	154583411	481486401	421195995	421195995
keccak1600-avx512vl-rust	keccak1600-avx512vl	fixed	stack	0	throughput	1	176470	30086344	154317875	493763415	451286179	451286179
keccak1600-avx512vl-rust	keccak1600-avx512vl	fixed	stack	0	latency	1	172043	30272553	155110713	481548705	481561903	481561903
keccak1600-avx512vl-rust	keccak1600-avx512vl	runtime	asm	0	throughput	1	150588	30226093	155609143	335962183	511791196	511791196
keccak1600-avx512vl-rust	keccak1600-avx512vl	runtime	asm	0	latency	1	146676	29941804	154535402	327381188	541735999	541735999
keccak1600-avx512vl-rust	keccak1600-avx512vl	fixed	asm	0	throughput	1	151419	30010804	154827229	331153705	571749862	571749862
keccak1600-avx512vl-rust	keccak1600-avx512vl	fixed	asm	0	latency	1	147806	29920205	154651193	323399884	601673166	601673166
keccak1600-avx512vl-rust	keccak1600-avx512vl	runtime	shared	0	throughput	1	172506	30246453	155229992	524246093	631912649	631912649
keccak1600-avx512vl-rust	keccak1600-avx512vl	runtime	shared	0	latency	1	161888	30093603	154464586	492139870	662009292	662009292
keccak1600-avx512vl-rust	keccak1600-avx512vl	fixed	shared	0	throughput	1	175985	30131704	154190433	531475060	692138435	692138435
keccak1600-avx512vl-rust	keccak1600-avx512vl	fixed	shared	0	latency	1	163962	30216823	155012879	495329557	722358278	722358278
keccak1600-avx512vl-rust	keccak1600-avx512vl	runtime	asm	0	throughput	2	150943	30286263	155988813	336754189	752640891	752640891
keccak1600-avx512vl-rust	keccak1600-avx512vl	runtime	asm	0	latency	2	146564	30032144	154920981	327131200	782676035	782676035
keccak1600-avx512vl-rust	keccak1600-avx512vl	fixed	asm	0	throughput	2	148033	29638136	152901366	323748524	812317238	812317238
keccak1600-avx512vl-rust	keccak1600-avx512vl	fixed	asm	0	latency	2	148148	29975614	154804374	324148178	842295921	842295921
keccak1600-avx512vl-rust	keccak1600-avx512vl	runtime	shared	0	throughput	2	172522	30265244	155175071	524294713	872553145	872553145
keccak1600-avx512vl-rust	keccak1600-avx512vl	runtime	shared	0	latency	2	159468	29664925	152277375	484783078	902221048	902221048
keccak1600-avx512vl-rust	keccak1600-avx512vl	fixed	shared	0	throughput	2	175985	30154744	154259253	531475058	932378791	932378791
keccak1600-avx512vl-rust	keccak1600-avx512vl	fixed	shared	0	latency	2	160938	29673715	152214899	486194052	962055505	962055505
keccak1600-avx512vl-rust	keccak1600-avx512vl	runtime	stack	0	throughput	2	170363	30183823	154373971	496267775	992242698	992242698
keccak1600-avx512vl-rust	keccak1600-avx512vl	runtime	stack	0	latency	2	164948	30075844	154344838	480658828	1022319021	1022319021
keccak1600-avx512vl-rust	keccak1600-avx512vl	fixed	stack	0	throughput	2	177285	30205503	155053929	496043780	1052527634	1052527634
keccak1600-avx512vl-rust	keccak1600-avx512vl	fixed	stack	0	latency	2	171735	30204234	155003088	480686620	1082729837	1082729837
keccak1600-avx512vl-rust	keccak1600-avx512vl	runtime	shared	0	throughput	3	171581	30074393	154407517	521435014	1112807201	1112807201
keccak1600-avx512vl-rust	keccak1600-avx512vl	runtime	shared	0	latency	3	161888	30105014	154555694	492139873	1142915424	1142915424
keccak1600-avx512vl-rust	keccak1600-avx512vl	fixed	shared	0	throughput	3	175985	30187253	154233255	531475056	1173105847	1173105847
keccak1600-avx512vl-rust	keccak1600-avx512vl	fixed	shared	0	latency	3	163962	30214754	154989509	495329557	1203318070	1203318070
keccak1600-avx512vl-rust	keccak1600-avx512vl	runtime	stack	0	throughput	3	170666	30192903	154421817	497150410	1233514043	1233514043
keccak1600-avx512vl-rust	keccak1600-avx512vl	runtime	stack	0	latency	3	164242	29983004	153667456	478601547	1263500027	1263500027
keccak1600-avx512vl-rust	keccak1600-avx512vl	fixed	stack	0	throughput	3	176632	30133844	154480903	494216690	1293636920	1293636920
keccak1600-avx512vl-rust	keccak1600-avx512vl	fixed	stack	0	latency	3	171888	30198523	155037621	481114864	1323838503	1323838503
keccak1600-avx512vl-rust	keccak1600-avx512vl	runtime	asm	0	throughput	3	152623	30271863	155878464	340502270	1354113436	1354113436
keccak1600-avx512vl-rust	keccak1600-avx512vl	runtime	asm	0	latency	3	146341	29737175	153392224	326633469	1383848639	1383848639
keccak1600-avx512vl-rust	keccak1600-avx512vl	fixed	asm	0	throughput	3	150824	30063774	155085970	329852442	1413915513	1413915513
keccak1600-avx512vl-rust	keccak1600-avx512vl	fixed	asm	0	latency	3	147239	29610255	152969087	322159289	1443528896	1443528896
keccak1600-avx512vl-rust	keccak1600-avx512vl	runtime	stack	0	throughput	4	171888	30430873	155873368	500710096	1473958429	1473958429
keccak1600-avx512vl-rust	keccak1600-avx512vl	runtime	stack	0	latency	4	164948	30079373	154318688	480658827	1504040972	1504040972
keccak1600-avx512vl-rust	keccak1600-avx512vl	fixed	stack	0	throughput	4	175985	30087784	153886462	492406384	1534126906	1534126906
keccak1600-avx512vl-rust	keccak1600-avx512vl	fixed	stack	0	latency	4	172972	30399193	155809635	484148978	1564529289	1564529289
keccak1600-avx512vl-rust	keccak1600-avx512vl	runtime	asm	0	throughput	4	148148	29574966	152340922	330518530	1594107562	1594107562
keccak1600-avx512vl-rust	keccak1600-avx512vl	runtime	asm	0	latency	4	145785	29982044	154696087	325392475	1624092796	1624092796
keccak1600-avx512vl-rust	keccak1600-avx512vl	fixed	asm	0	throughput	4	151898	30172103	155629357	332201276	1654268009	1654268009
keccak1600-avx512vl-rust	keccak1600-avx512vl	fixed	asm	0	latency	4	150117	30414683	156909244	328456352	1684686112	1684686112
keccak1600-avx512vl-rust	keccak1600-avx512vl	runtime	shared	0	throughput	4	172351	30218873	155022640	523775043	1714903665	1714903665
keccak1600-avx512vl-rust	keccak1600-avx512vl	runtime	shared	0	latency	4	161888	30076754	154396024	492139873	1744983578	1744983578
keccak1600-avx512vl-rust	keccak1600-avx512vl	fixed	shared	0	throughput	4	171428	29337927	150231958	517712917	1774324832	1774324832
keccak1600-avx512vl-rust	keccak1600-avx512vl	fixed	shared	0	latency	4	163962	30319673	155386346	495329555	1804647675	1804647675
keccak1600-avx512vl-rust	keccak1600-avx512vl	control	empty	0	throughput	0	2000000	2345141	12002271	30000318	1806995793	1806995793
keccak1600-avx512vl-rust	keccak1600-avx512vl	control	empty	0	latency	0	2000000	12628331	64122242	32000339	1819627102	1819627102
keccak1600-avx512vl-rust	keccak1600-avx512vl	runtime	shared	20	throughput	0	174545	30123554	153951244	492740904	1849753695	1849753695
keccak1600-avx512vl-rust	keccak1600-avx512vl	runtime	shared	20	latency	0	166666	30104633	154502015	471165151	1879861358	1879861358
keccak1600-avx512vl-rust	keccak1600-avx512vl	fixed	shared	20	throughput	0	176308	30050704	154127114	494720617	1909915111	1909915111
keccak1600-avx512vl-rust	keccak1600-avx512vl	fixed	shared	20	latency	0	168126	30061694	153958807	472434427	1939980054	1939980054
keccak1600-avx512vl-rust	keccak1600-avx512vl	runtime	stack	20	throughput	0	170212	30128884	154395800	495487506	1970111978	1970111978
keccak1600-avx512vl-rust	keccak1600-avx512vl	runtime	stack	20	latency	0	166681	30138054	154471989	485875489	2000253161	2000253161
keccak1600-avx512vl-rust	keccak1600-avx512vl	fixed	stack	20	throughput	0	175985	30050854	153511111	493638296	2030307074	2030307074
keccak1600-avx512vl-rust	keccak1600-avx512vl	fixed	stack	20	latency	0	169611	30114744	154598307	476437668	2060425187	2060425187
keccak1600-avx512vl-rust	keccak1600-avx512vl	runtime	asm	20	throughput	0	152744	30673321	157435196	340466749	2091101750	2091101750
keccak1600-avx512vl-rust	keccak1600-avx512vl	runtime	asm	20	latency	0	148262	29925335	154331558	331069416	2121030173	2121030173
keccak1600-avx512vl-rust	keccak1600-avx512vl	fixed	asm	20	throughput	0	152866	30312502	156392319	334929774	2151345726	2151345726
keccak1600-avx512vl-rust	keccak1600-avx512vl	fixed	asm	20	latency	0	150234	30061114	155004404	329764007	2181405990	2181405990
keccak1600-avx512vl-rust	keccak1600-avx512vl	runtime	stack	20	throughput	1	170970	30319493	155119286	497694040	2211728553	2211728553
keccak1600-avx512vl-rust	keccak1600-avx512vl	runtime	stack	20	latency	1	166377	30199734	154196636	484989331	2241925596	2241925596
keccak1600-avx512vl-rust	keccak1600-avx512vl	fixed	stack	20	throughput	1	176146	30069793	153717977	494089901	2271998709	2271998709
keccak1600-avx512vl-rust	keccak1600-avx512vl	fixed	stack	20	latency	1	169014	30057584	154051037	474760699	2302051372	2302051372
keccak1600-avx512vl-rust	keccak1600-avx512vl	runtime	asm	20	throughput	1	148606	29670465	152645817	331243140	2331725006	2331725006
keccak1600-avx512vl-rust	keccak1600-avx512vl	runtime	asm	20	latency	1	148262	30202194	155586883	331069417	2361925849	2361925849
keccak1600-avx512vl-rust	keccak1600-avx512vl	fixed	asm	20	throughput	1	153354	30467982	157120810	335998979	2392398322	2392398322
keccak1600-avx512vl-rust	keccak1600-avx512vl	fixed	asm	20	latency	1	150588	30199034	155811441	330541032	2422600515	2422600515
keccak1600-avx512vl-rust	keccak1600-avx512vl	runtime	shared	20	throughput	1	177121	30528112	156552365	500012956	2453131638	2453131638
keccak1600-avx512vl-rust	keccak1600-avx512vl	runtime	shared	20	latency	1	165660	30017104	153597825	468321189	2483151821	2483151821
keccak1600-avx512vl-rust	keccak1600-avx512vl	fixed	shared	20	throughput	1	174863	29917335	152842313	490665948	2513072234	2513072234
keccak1600-avx512vl-rust	keccak1600-avx512vl	fixed	shared	20	latency	1	167685	29979314	153378979	471195221	2543054808	2543054808
keccak1600-avx512vl-rust	keccak1600-avx512vl	runtime	asm	20	throughput	2	149300	29658926	152769771	332790065	2572716891	2572716891
keccak1600-avx512vl-rust	keccak1600-avx512vl	runtime	asm	20	latency	2	148148	30082064	155089923	330814854	2602792245	2602792245
keccak1600-avx512vl-rust	keccak1600-avx512vl	fixed	asm	20	throughput	2	149882	29836915	153922857	328391834	2632632119	2632632119
keccak1600-avx512vl-rust	keccak1600-avx512vl	fixed	asm	20	latency	2	150117	30054424	154940136	329507183	2662684212	2662684212
keccak1600-avx512vl-rust	keccak1600-avx512vl	runtime	shared	20	throughput	2	173598	29999594	153694404	490067522	2692687186	2692687186
keccak1600-avx512vl-rust	keccak1600-avx512vl	runtime	shared	20	latency	2	166233	30050584	154099891	469941059	2722741000	2722741000
keccak1600-avx512vl-rust	keccak1600-avx512vl	fixed	shared	20	throughput	2	176632	30187113	154421018	495629760	2752924773	2752924773
keccak1600-avx512vl-rust	keccak1600-avx512vl	fixed	shared	20	latency	2	167393	29895965	153209371	470374704	2782823986	2782823986
keccak1600-avx512vl-rust	keccak1600-avx512vl	runtime	stack	20	throughput	2	170515	30248503	154604876	496369527	2813075729	2813075729
keccak1600-avx512vl-rust	keccak1600-avx512vl	runtime	stack	20	latency	2	165946	30090703	153889373	483732956	2843169673	2843169673
keccak1600-avx512vl-rust	keccak1600-avx512vl	fixed	stack	20	throughput	2	175985	30022864	153376903	493638295	2873185996	2873185996
keccak1600-avx512vl-rust	keccak1600-avx512vl	fixed	stack	20	latency	2	168865	30040954	153896927	474342158	2903230259	2903230259
keccak1600-avx512vl-rust	keccak1600-avx512vl	runtime	shared	20	throughput	3	174228	30103124	154206395	491846013	2933332122	2933332122
keccak1600-avx512vl-rust	keccak1600-avx512vl	runtime	shared	20	latency	3	166377	30090584	154279306	470348150	2963426146	2963426146
keccak1600-avx512vl-rust	keccak1600-avx512vl	fixed	shared	20	throughput	3	176632	30162573	154506189	495629757	2993591899	2993591899
keccak1600-avx512vl-rust	keccak1600-avx512vl	fixed	shared	20	latency	3	168568	30085924	154372583	473676447	3023678152	3023678152
keccak1600-avx512vl-rust	keccak1600-avx512vl	runtime	stack	20	throughput	3	169911	30203903	154316692	494611290	3053880625	3053880625
keccak1600-avx512vl-rust	keccak1600-avx512vl	runtime	stack	20	latency	3	166233	30134844	154041790	484569561	3084018608	3084018608
keccak1600-avx512vl-rust	keccak1600-avx512vl	fixed	stack	20	throughput	3	176308	29985214	153732528	494544307	3114006991	3114006991
keccak1600-avx512vl-rust	keccak1600-avx512vl	fixed	stack	20	latency	3	169312	30093984	154316068	475597779	3144104255	3144104255
keccak1600-avx512vl-rust	keccak1600-avx512vl	runtime	asm	20	throughput	3	148837	29813625	152969340	331758041	3173915008	3173915008
keccak1600-avx512vl-rust	keccak1600-avx512vl	runtime	asm	20	latency	3	147025	30018065	154050910	328307190	3203936181	3203936181
keccak1600-avx512vl-rust	keccak1600-avx512vl	fixed	asm	20	throughput	3	152393	30504583	157135083	333893432	3234444124	3234444124
keccak1600-avx512vl-rust	keccak1600-avx512vl	fixed	asm	20	latency	3	149184	29979154	154495672	327459249	3264426648	3264426648
keccak1600-avx512vl-rust	keccak1600-avx512vl	runtime	stack	20	throughput	4	170666	30259103	154728223	496809093	3294688901	3294688901
keccak1600-avx512vl-rust	keccak1600-avx512vl	runtime	stack	20	latency	4	166377	30171754	154234420	484989318	3324863884	3324863884
keccak1600-avx512vl-rust	keccak1600-avx512vl	fixed	stack	20	throughput	4	177301	30181244	154639129	497329671	3355048277	3355048277
keccak1600-avx512vl-rust	keccak1600-avx512vl	fixed	stack	20	latency	4	168865	30042614	153912361	474342164	3385088210	3385088210
keccak1600-avx512vl-rust	keccak1600-avx512vl	runtime	asm	20	throughput	4	150000	29882524	153806575	334350363	3414973984	3414973984
keccak1600-avx512vl-rust	keccak1600-avx512vl	runtime	asm	20	latency	4	148606	30154814	155399098	331837573	3445127097	3445127097
keccak1600-avx512vl-rust	keccak1600-avx512vl	fixed	asm	20	throughput	4	153354	30455222	157083544	335998978	3475585790	3475585790
keccak1600-avx512vl-rust	keccak1600-avx512vl	fixed	asm	20	latency	4	150352	30029304	154856634	330023012	3505613483	3505613483
keccak1600-avx512vl-rust	keccak1600-avx512vl	runtime	shared	20	throughput	4	176632	30479852	156213717	498632496	3536096506	3536096506
keccak1600-avx512vl-rust	keccak1600-avx512vl	runtime	shared	20	latency	4	165946	30009325	154011576	469129712	3566108959	3566108959
keccak1600-avx512vl-rust	keccak1600-avx512vl	fixed	shared	20	throughput	4	176632	30132534	154429259	495629753	3596245022	3596245022
keccak1600-avx512vl-rust	keccak1600-avx512vl	fixed	shared	20	latency	4	167979	29962774	153675160	472021357	3626210956	3626210956
keccak1600-avx512vl-rust	keccak1600-avx512vl	control	empty	20	throughput	0	2000000	1956273	10002874	30000319	3628170184	3628170184
keccak1600-avx512vl-rust	keccak1600-avx512vl	control	empty	20	latency	0	2000000	2864429	14145104	38000319	3631037541	3631037541
keccak1600-avx512vl-rust	keccak1600-avx512vl	runtime	shared	32	throughput	0	169461	29333376	148895759	478219304	3660374045	3660374045
keccak1600-avx512vl-rust	keccak1600-avx512vl	runtime	shared	32	latency	0	165660	29914025	153195692	467824211	3690291349	3690291349
keccak1600-avx512vl-rust	keccak1600-avx512vl	fixed	shared	32	throughput	0	177613	30232083	155076805	497849606	3720526672	3720526672
keccak1600-avx512vl-rust	keccak1600-avx512vl	fixed	shared	32	latency	0	169312	30164083	154706688	474920524	3750690625	3750690625
keccak1600-avx512vl-rust	keccak1600-avx512vl	runtime	stack	32	throughput	0	169911	30049654	153837709	494271471	3780743318	3780743318
keccak1600-avx512vl-rust	keccak1600-avx512vl	runtime	stack	32	latency	0	121673	21815786	111668694	354190451	3802562239	3802562239
keccak1600-avx512vl-rust	keccak1600-avx512vl	fixed	stack	32	throughput	0	176308	29952774	153723911	494015383	3832518162	3832518162
keccak1600-avx512vl-rust	keccak1600-avx512vl	fixed	stack	32	latency	0	169014	30092504	154461919	473915631	3862613855	3862613855
keccak1600-avx512vl-rust	keccak1600-avx512vl	runtime	asm	32	throughput	0	150352	30157543	155372719	334834269	3892774488	3892774488
keccak1600-avx512vl-rust	keccak1600-avx512vl	runtime	asm	32	latency	0	149300	30201644	155823358	332790072	3922979281	3922979281
keccak1600-avx512vl-rust	keccak1600-avx512vl	fixed	asm	32	throughput	0	153600	30521212	157633037	336230771	3953503614	3953503614
keccak1600-avx512vl-rust	keccak1600-avx512vl	fixed	asm	32	latency	0	150470	30422762	155655088	329680143	3983929527	3983929527
keccak1600-avx512vl-rust	keccak1600-avx512vl	runtime	stack	32	throughput	1	167979	29913215	152302306	488651278	4013846041	4013846041
keccak1600-avx512vl-rust	keccak1600-avx512vl	runtime	stack	32	latency	1	167247	29977274	153435103	486856388	4043826474	4043826474
keccak1600-avx512vl-rust	keccak1600-avx512vl	fixed	stack	32	throughput	1	177121	30093564	154480973	496293402	4073923147	4073923147
keccak1600-avx512vl-rust	keccak1600-avx512vl	fixed	stack	32	latency	1	165374	29459156	151158477	463709066	4103385771	4103385771
keccak1600-avx512vl-rust	keccak1600-avx512vl	runtime	asm	32	throughput	1	148377	29745785	153104962	330435943	4133134794	4133134794
keccak1600-avx512vl-rust	keccak1600-avx512vl	runtime	asm	32	latency	1	148033	30029274	154825904	329965924	4163167308	4163167308
keccak1600-avx512vl-rust	keccak1600-avx512vl	fixed	asm	32	throughput	1	151778	30110504	155312406	332242410	4193281111	4193281111
keccak1600-avx512vl-rust	keccak1600-avx512vl	fixed	asm	32	latency	1	150588	30330693	156356703	329938679	4223607104	4223607104
keccak1600-avx512vl-rust	keccak1600-avx512vl	runtime	shared	32	throughput	1	175985	30158994	154655214	496630038	4253769327	4253769327
keccak1600-avx512vl-rust	keccak1600-avx512vl	runtime	shared	32	latency	1	166811	30100204	154321499	471074629	4283867430	4283867430
keccak1600-avx512vl-rust	keccak1600-avx512vl	fixed	shared	32	throughput	1	176308	30041024	153828754	494191693	4313911713	4313911713
keccak1600-avx512vl-rust	keccak1600-avx512vl	fixed	shared	32	latency	1	169162	30146673	154576247	474499781	4344052157	4344052157
keccak1600-avx512vl-rust	keccak1600-avx512vl	runtime	asm	32	throughput	2	149416	30010544	154563313	332749803	4374065850	4374065850
keccak1600-avx512vl-rust	keccak1600-avx512vl	runtime	asm	32	latency	2	148721	29992694	154711564	331499483	4404061673	4404061673
keccak1600-avx512vl-rust	keccak1600-avx512vl	fixed	asm	32	throughput	2	152260	30440933	157015735	333297514	4434505586	4434505586
keccak1600-avx512vl-rust	keccak1600-avx512vl	fixed	asm	32	latency	2	150588	30134353	155475868	329938678	4464642979	4464642979
keccak1600-avx512vl-rust	keccak1600-avx512vl	runtime	shared	32	throughput	2	176795	30295403	155366121	498915858	4494941412	4494941412
keccak1600-avx512vl-rust	keccak1600-avx512vl	runtime	shared	32	latency	2	166089	29957955	153617583	469035703	4524902666	4524902666
keccak1600-avx512vl-rust	keccak1600-avx512vl	fixed	shared	32	throughput	2	177777	30368092	155239901	498309303	4555274419	4555274419
keccak1600-avx512vl-rust	keccak1600-avx512vl	fixed	shared	32	latency	2	168421	30098674	153954062	472421277	4585365632	4585365632
keccak1600-avx512vl-rust	keccak1600-avx512vl	runtime	stack	32	throughput	2	169761	30080314	153708365	493835119	4615448975	4615448975
keccak1600-avx512vl-rust	keccak1600-avx512vl	runtime	stack	32	latency	2	166956	29987584	153254392	486009286	4645415228	4645415228
keccak1600-avx512vl-rust	keccak1600-avx512vl	fixed	stack	32	throughput	2	175824	29987224	153535155	492659220	4675405572	4675405572
keccak1600-avx512vl-rust	keccak1600-avx512vl	fixed	stack	32	latency	2	168126	29946155	153687641	471425672	4705354755	4705354755
keccak1600-avx512vl-rust	keccak1600-avx512vl	runtime	shared	32	throughput	3	175824	30195294	154561184	496175700	4735549608	4735549608
keccak1600-avx512vl-rust	keccak1600-avx512vl	runtime	shared	32	latency	3	166233	29954214	153765637	469442361	4765506902	4765506902
keccak1600-avx512vl-rust	keccak1600-avx512vl	fixed	shared	32	throughput	3	177121	30175233	154522063	496470530	4795680225	4795680225
keccak1600-avx512vl-rust	keccak1600-avx512vl	fixed	shared	32	latency	3	168273	30004075	153809169	472006137	4825687448	4825687448
keccak1600-avx512vl-rust	keccak1600-avx512vl	runtime	stack	32	throughput	3	170515	30279563	154745778	496028505	4855963251	4855963251
keccak1600-avx512vl-rust	keccak1600-avx512vl	runtime	stack	32	latency	3	168126	30185313	154242451	489415155	4886151604	4886151604
keccak1600-avx512vl-rust	keccak1600-avx512vl	fixed	stack	32	throughput	3	176632	30108144	154081758	494923232	4916252667	4916252667
keccak1600-avx512vl-rust	keccak1600-avx512vl	fixed	stack	32	latency	3	168865	30084534	154375754	473497830	4946340171	4946340171
keccak1600-avx512vl-rust	keccak1600-avx512vl	runtime	asm	32	throughput	3	150000	30025064	154522719	334050368	4976368244	4976368244
keccak1600-avx512vl-rust	keccak1600-avx512vl	runtime	asm	32	latency	3	147806	29994364	154415183	329459939	5006365677	5006365677
keccak1600-avx512vl-rust	keccak1600-avx512vl	fixed	asm	32	throughput	3	152019	30066684	155074293	332769964	5036435810	5036435810
keccak1600-avx512vl-rust	keccak1600-avx512vl	fixed	asm	32	latency	3	150352	30078233	155157966	329421598	5066517064	5066517064
keccak1600-avx512vl-rust	keccak1600-avx512vl	runtime	stack	32	throughput	4	171735	30403133	155726886	499577487	5096918167	5096918167
keccak1600-avx512vl-rust	keccak1600-avx512vl	runtime	stack	32	latency	4	167979	30079424	153750583	488987237	5127000620	5127000620
keccak1600-avx512vl-rust	keccak1600-avx512vl	fixed	stack	32	throughput	4	175824	29984074	153514614	492659218	5156982123	5156982123
keccak1600-avx512vl-rust	keccak1600-avx512vl	fixed	stack	32	latency	4	168717	30119354	154218294	473082840	5187104496	5187104496
keccak1600-avx512vl-rust	keccak1600-avx512vl	runtime	asm	32	throughput	4	150234	29998094	154464895	334571488	5217105680	5217105680
keccak1600-avx512vl-rust	keccak1600-avx512vl	runtime	asm	32	latency	4	148148	30071134	155131716	330222260	5247180123	5247180123
keccak1600-avx512vl-rust	keccak1600-avx512vl	fixed	asm	32	throughput	4	151898	30053804	155037525	332505090	5277237076	5277237076
keccak1600-avx512vl-rust	keccak1600-avx512vl	fixed	asm	32	latency	4	148837	30017335	154777771	326102238	5307257519	5307257519
keccak1600-avx512vl-rust	keccak1600-avx512vl	runtime	shared	32	throughput	4	176974	30387123	155470766	499420998	5337647862	5337647862
keccak1600-avx512vl-rust	keccak1600-avx512vl	runtime	shared	32	latency	4	166233	29963814	153724225	469442367	5367609716	5367609716
keccak1600-avx512vl-rust	keccak1600-avx512vl	fixed	shared	32	throughput	4	177285	30229374	154671001	496930226	5397842159	5397842159
keccak1600-avx512vl-rust	keccak1600-avx512vl	fixed	shared	32	latency	4	168273	30031044	153829322	472006136	5427876372	5427876372
keccak1600-avx512vl-rust	keccak1600-avx512vl	control	empty	32	throughput	0	2000000	1974982	10111567	30000318	5429854260	5429854260
keccak1600-avx512vl-rust	keccak1600-avx512vl	control	empty	32	latency	0	2000000	2401151	12015814	34000318	5432258338	5432258338
keccak1600-avx512vl-rust	keccak1600-avx512vl	runtime	shared	64	throughput	0	165374	29226947	147872215	467016542	5461488322	5461488322
keccak1600-avx512vl-rust	keccak1600-avx512vl	runtime	shared	64	latency	0	164242	29993004	153078971	464148266	5491472215	5491472215
keccak1600-avx512vl-rust	keccak1600-avx512vl	fixed	shared	64	throughput	0	174863	30052604	153929098	490141354	5521527799	5521527799
keccak1600-avx512vl-rust	keccak1600-avx512vl	fixed	shared	64	latency	0	167101	29999594	153714883	468718677	5551530512	5551530512
keccak1600-avx512vl-rust	keccak1600-avx512vl	runtime	stack	64	throughput	0	169611	30092524	153835341	493398770	5581626035	5581626035
keccak1600-avx512vl-rust	keccak1600-avx512vl	runtime	stack	64	latency	0	164242	30014644	153338526	478108832	5611636268	5611636268
keccak1600-avx512vl-rust	keccak1600-avx512vl	fixed	stack	64	throughput	0	175342	30132523	154307736	491308653	5641771822	5641771822
keccak1600-avx512vl-rust	keccak1600-avx512vl	fixed	stack	64	latency	0	167979	30126714	154516524	471013490	5671882725	5671882725
keccak1600-avx512vl-rust	keccak1600-avx512vl	runtime	asm	64	throughput	0	150000	30095114	155019882	334050367	5701981008	5701981008
keccak1600-avx512vl-rust	keccak1600-avx512vl	runtime	asm	64	latency	0	147352	29954234	154477581	328447979	5731934601	5731934601
keccak1600-avx512vl-rust	keccak1600-avx512vl	fixed	asm	64	throughput	0	151658	30033774	154940159	331979731	5761971435	5761971435
keccak1600-avx512vl-rust	keccak1600-avx512vl	fixed	asm	64	latency	0	148148	30058404	155046366	324592639	5792032938	5792032938
keccak1600-avx512vl-rust	keccak1600-avx512vl	runtime	stack	64	throughput	1	171122	30266953	154807256	497794271	5822303231	5822303231
keccak1600-avx512vl-rust	keccak1600-avx512vl	runtime	stack	64	latency	1	164524	30098094	153747260	478929736	5852404344	5852404344
keccak1600-avx512vl-rust	keccak1600-avx512vl	fixed	stack	64	throughput	1	175182	30135043	154112829	490860331	5882542427	5882542427
keccak1600-avx512vl-rust	keccak1600-avx512vl	fixed	stack	64	latency	1	167393	30022545	153996075	469370346	5912568001	5912568001
keccak1600-avx512vl-rust	keccak1600-avx512vl	runtime	asm	64	throughput	1	144796	29201068	150300561	322461060	5941772135	5941772135
keccak1600-avx512vl-rust	keccak1600-avx512vl	runtime	asm	64	latency	1	147352	30026194	154892413	328447979	5971801298	5971801298
keccak1600-avx512vl-rust	keccak1600-avx512vl	fixed	asm	64	throughput	1	150470	29897734	153933205	329379201	6001702051	6001702051
keccak1600-avx512vl-rust	keccak1600-avx512vl	fixed	asm	64	latency	1	147352	29876785	153971046	322848603	6031581925	6031581925
keccak1600-avx512vl-rust	keccak1600-avx512vl	runtime	shared	64	throughput	1	174228	30297783	155382185	492020240	6061868828	6061868828
keccak1600-avx512vl-rust	keccak1600-avx512vl	runtime	shared	64	latency	1	164806	29996524	153803263	465742128	6091868421	6091868421
keccak1600-avx512vl-rust	keccak1600-avx512vl	fixed	shared	64	throughput	1	175502	30207143	154456231	491932476	6122078604	6122078604
keccak1600-avx512vl-rust	keccak1600-avx512vl	fixed	shared	64	latency	1	166956	30018214	153599792	468311954	6152099947	6152099947
keccak1600-avx512vl-rust	keccak1600-avx512vl	runtime	asm	64	throughput	2	149416	29957945	154158433	332749799	6182057171	6182057171
keccak1600-avx512vl-rust	keccak1600-avx512vl	runtime	asm	64	latency	2	147352	30044234	155011866	328447981	6212104624	6212104624
keccak1600-avx512vl-rust	keccak1600-avx512vl	fixed	asm	64	throughput	2	150955	29887045	154198578	330440865	6241994627	6241994627
keccak1600-avx512vl-rust	keccak1600-avx512vl	fixed	asm	64	latency	2	146676	29774625	153546341	321367487	6271767431	6271767431
keccak1600-avx512vl-rust	keccak1600-avx512vl	runtime	shared	64	throughput	2	175022	30513192	155991064	494262496	6302283644	6302283644
keccak1600-avx512vl-rust	keccak1600-avx512vl	runtime	shared	64	latency	2	164524	30138174	153531547	464945193	6332414837	6332414837
keccak1600-avx512vl-rust	keccak1600-avx512vl	fixed	shared	64	throughput	2	174386	29961684	153438215	488804325	6362379770	6362379770
keccak1600-avx512vl-rust	keccak1600-avx512vl	fixed	shared	64	latency	2	167539	30096554	154131925	469947270	6392479403	6392479403
keccak1600-avx512vl-rust	keccak1600-avx512vl	runtime	stack	64	throughput	2	170212	30154253	154151133	495147079	6422637007	6422637007
keccak1600-avx512vl-rust	keccak1600-avx512vl	runtime	stack	64	latency	2	164524	30012435	153321862	478929730	6452652830	6452652830
keccak1600-avx512vl-rust	keccak1600-avx512vl	fixed	stack	64	throughput	2	174244	30013045	153290654	488232060	6482668903	6482668903
keccak1600-avx512vl-rust	keccak1600-avx512vl	fixed	stack	64	latency	2	167832	30175113	154428492	470601301	6512847116	6512847116
keccak1600-avx512vl-rust	keccak1600-avx512vl	runtime	shared	64	throughput	3	173913	30280273	154925664	491130683	6543130459	6543130459
keccak1600-avx512vl-rust	keccak1600-avx512vl	runtime	shared	64	latency	3	165946	30167414	154558546	468963763	6573300842	6573300842
keccak1600-avx512vl-rust	keccak1600-avx512vl	fixed	shared	64	throughput	3	175182	30156973	154255158	491035514	6603460916	6603460916
keccak1600-avx512vl-rust	keccak1600-avx512vl	fixed	shared	64	latency	3	167101	30015784	153721997	468718679	6633466809	6633466809
keccak1600-avx512vl-rust	keccak1600-avx512vl	runtime	stack	64	throughput	3	169911	30091644	153841083	494271473	6663561712	6663561712
keccak1600-avx512vl-rust	keccak1600-avx512vl	runtime	stack	64	latency	3	164102	29967064	153023872	477701291	6693511945	6693511945
keccak1600-avx512vl-rust	keccak1600-avx512vl	fixed	stack	64	throughput	3	164948	28360441	145212202	462184662	6721875490	6721875490
keccak1600-avx512vl-rust	keccak1600-avx512vl	fixed	stack	64	latency	3	167393	30024194	153987675	469370344	6751902883	6751902883
keccak1600-avx512vl-rust	keccak1600-avx512vl	runtime	asm	64	throughput	3	149882	30189663	155350989	333787587	6782090787	6782090787
keccak1600-avx512vl-rust	keccak1600-avx512vl	runtime	asm	64	latency	3	147692	30056474	155051573	329205838	6812150290	6812150290
keccak1600-avx512vl-rust	keccak1600-avx512vl	fixed	asm	64	throughput	3	151658	30038884	154987773	331979735	6842192213	6842192213
keccak1600-avx512vl-rust	keccak1600-avx512vl	fixed	asm	64	latency	3	149068	30007664	154806808	326608357	6872202876	6872202876
keccak1600-avx512vl-rust	keccak1600-avx512vl	runtime	stack	64	throughput	4	171122	30286603	154893383	497794271	6902478529	6902478529
keccak1600-avx512vl-rust	keccak1600-avx512vl	runtime	stack	64	latency	4	164948	30054604	153596470	480163999	6932536103	6932536103
keccak1600-avx512vl-rust	keccak1600-avx512vl	fixed	stack	64	throughput	4	174704	29999664	153847633	489520981	6962538796	6962538796
keccak1600-avx512vl-rust	keccak1600-avx512vl	fixed	stack	64	latency	4	167539	30070224	154116802	469779727	6992612319	6992612319
keccak1600-avx512vl-rust	keccak1600-avx512vl	runtime	asm	64	throughput	4	149532	29904475	153847688	333008134	7022520523	7022520523
keccak1600-avx512vl-rust	keccak1600-avx512vl	runtime	asm	64	latency	4	147465	29982464	154665250	328699858	7052506036	7052506036
keccak1600-avx512vl-rust	keccak1600-avx512vl	fixed	asm	64	throughput	4	152623	30174543	155557837	334092118	7082676589	7082676589
keccak1600-avx512vl-rust	keccak1600-avx512vl	fixed	asm	64	latency	4	147578	29895675	154160009	323343772	7112575312	7112575312
keccak1600-avx512vl-rust	keccak1600-avx512vl	runtime	shared	64	throughput	4	174386	30206103	155130903	492466436	7142785166	7142785166
keccak1600-avx512vl-rust	keccak1600-avx512vl	runtime	shared	64	latency	4	165803	30142904	154588860	468559649	7172931760	7172931760
keccak1600-avx512vl-rust	keccak1600-avx512vl	fixed	shared	64	throughput	4	174704	30026044	153774557	489695679	7202954533	7202954533
keccak1600-avx512vl-rust	keccak1600-avx512vl	fixed	shared	64	latency	4	166956	29947034	153584638	468311950	7232904766	7232904766
keccak1600-avx512vl-rust	keccak1600-avx512vl	control	empty	64	throughput	0	2000000	1959233	10002288	30000318	7234867095	7234867095
keccak1600-avx512vl-rust	keccak1600-avx512vl	control	empty	64	latency	0	2000000	2441150	12102772	34000322	7237311162	7237311162
keccak1600-avx512vl-rust	keccak1600-avx512vl	runtime	shared	135	throughput	0	169162	29351867	148577356	515944450	7266666236	7266666236
keccak1600-avx512vl-rust	keccak1600-avx512vl	runtime	shared	135	latency	0	165090	30018094	153365090	503855034	7296687710	7296687710
keccak1600-avx512vl-rust	keccak1600-avx512vl	fixed	shared	135	throughput	0	175022	30101584	153784835	530492034	7326792443	7326792443
keccak1600-avx512vl-rust	keccak1600-avx512vl	fixed	shared	135	latency	0	167685	30114643	153840373	508588954	7356910276	7356910276
keccak1600-avx512vl-rust	keccak1600-avx512vl	runtime	stack	135	throughput	0	166089	30107044	153766807	484814149	7387020889	7387020889
keccak1600-avx512vl-rust	keccak1600-avx512vl	runtime	stack	135	latency	0	163404	30159814	153993298	477303437	7417177962	7417177962
keccak1600-avx512vl-rust	keccak1600-avx512vl	fixed	stack	135	throughput	0	176308	30079463	153620735	495602140	7447260665	7447260665
keccak1600-avx512vl-rust	keccak1600-avx512vl	fixed	stack	135	latency	0	167393	30020065	153255852	470876863	7477272339	7477272339
keccak1600-avx512vl-rust	keccak1600-avx512vl	runtime	asm	135	throughput	0	148491	30011575	153962893	332174721	7507287172	7507287172
keccak1600-avx512vl-rust	keccak1600-avx512vl	runtime	asm	135	latency	0	144036	29764006	152820488	322496953	7537054426	7537054426
keccak1600-avx512vl-rust	keccak1600-avx512vl	fixed	asm	135	throughput	0	151898	30108314	154739239	332656976	7567165909	7567165909
keccak1600-avx512vl-rust	keccak1600-avx512vl	fixed	asm	135	latency	0	146230	30126144	153322134	320536516	7597286762	7597286762
keccak1600-avx512vl-rust	keccak1600-avx512vl	runtime	stack	135	throughput	1	166377	30320973	154109128	485654814	7627611225	7627611225
keccak1600-avx512vl-rust	keccak1600-avx512vl	runtime	stack	135	latency	1	162436	30086064	153136343	474475908	7657700388	7657700388
keccak1600-avx512vl-rust	keccak1600-avx512vl	fixed	stack	135	throughput	1	174704	29926114	152201272	491093293	7687629662	7687629662
keccak1600-avx512vl-rust	keccak1600-avx512vl	fixed	stack	135	latency	1	167247	30003254	153161539	470466167	7717614625	7717614625
keccak1600-avx512vl-rust	keccak1600-avx512vl	runtime	asm	135	throughput	1	147806	30030904	153450953	330642374	7747648628	7747648628
keccak1600-avx512vl-rust	keccak1600-avx512vl	runtime	asm	135	latency	1	145234	30125054	154041192	325179287	7777776821	7777776821
keccak1600-avx512vl-rust	keccak1600-avx512vl	fixed	asm	135	throughput	1	151898	30441893	155207535	332656977	7808221864	7808221864
keccak1600-avx512vl-rust	keccak1600-avx512vl	fixed	asm	135	latency	1	147476	30198584	154411066	323267745	7838423867	7838423867
keccak1600-avx512vl-rust	keccak1600-avx512vl	runtime	shared	135	throughput	1	175022	30044654	153458940	533817444	7868471661	7868471661
keccak1600-avx512vl-rust	keccak1600-avx512vl	runtime	shared	135	latency	1	165517	29992814	153227050	505158238	7898467684	7898467684
keccak1600-avx512vl-rust	keccak1600-avx512vl	fixed	shared	135	throughput	1	174704	30061404	153469445	529528178	7928532197	7928532197
keccak1600-avx512vl-rust	keccak1600-avx512vl	fixed	shared	135	latency	1	167685	30106374	153750608	508588963	7958641900	7958641900
keccak1600-avx512vl-rust	keccak1600-avx512vl	runtime	asm	135	throughput	2	145234	29366266	150630542	324888807	7988011474	7988011474
keccak1600-avx512vl-rust	keccak1600-avx512vl	runtime	asm	135	latency	2	145234	30022724	154292710	325179277	8018037857	8018037857
keccak1600-avx512vl-rust	keccak1600-avx512vl	fixed	asm	135	throughput	2	151181	30024875	154404874	331086744	8048065891	8048065891
keccak1600-avx512vl-rust	keccak1600-avx512vl	fixed	asm	135	latency	2	148837	30307983	156101506	326251062	8078376974	8078376974
keccak1600-avx512vl-rust	keccak1600-avx512vl	runtime	shared	135	throughput	2	175502	30178614	154234039	535281448	8108558707	8108558707
keccak1600-avx512vl-rust	keccak1600-avx512vl	runtime	shared	135	latency	2	164948	29966134	153069220	503421647	8138528000	8138528000
keccak1600-avx512vl-rust	keccak1600-avx512vl	fixed	shared	135	throughput	2	176146	30322263	154868323	533898881	8168853433	8168853433
keccak1600-avx512vl-rust	keccak1600-avx512vl	fixed	shared	135	latency	2	163265	29303107	149686276	495183091	8198159817	8198159817
keccak1600-avx512vl-rust	keccak1600-avx512vl	runtime	stack	135	throughput	2	165803	30055354	153429644	483979313	8228212500	8228212500
keccak1600-avx512vl-rust	keccak1600-avx512vl	runtime	stack	135	latency	2	163126	30091014	153653676	476491400	8258306664	8258306664
keccak1600-avx512vl-rust	keccak1600-avx512vl	fixed	stack	135	throughput	2	176146	30080404	153654169	495146757	8288390397	8288390397
keccak1600-avx512vl-rust	keccak1600-avx512vl	fixed	stack	135	latency	2	167393	30014954	153269682	470876866	8318398970	8318398970
keccak1600-avx512vl-rust	keccak1600-avx512vl	runtime	shared	135	throughput	3	174704	29933004	152882705	532847548	8348335483	8348335483
keccak1600-avx512vl-rust	keccak1600-avx512vl	runtime	shared	135	latency	3	164806	29997524	153263199	502988265	8378336247	8378336247
keccak1600-avx512vl-rust	keccak1600-avx512vl	fixed	shared	135	throughput	3	175663	30188264	154233449	532434907	8408527720	8408527720
keccak1600-avx512vl-rust	keccak1600-avx512vl	fixed	shared	135	latency	3	167539	30089333	153712633	508146145	8438620133	8438620133
keccak1600-avx512vl-rust	keccak1600-avx512vl	runtime	stack	135	throughput	3	165946	30100814	153803070	484396731	8468723936	8468723936
keccak1600-avx512vl-rust	keccak1600-avx512vl	runtime	stack	135	latency	3	163265	30104154	153814174	476897420	8498831140	8498831140
keccak1600-avx512vl-rust	keccak1600-avx512vl	fixed	stack	135	throughput	3	176470	30148384	154041207	496057524	8528982554	8528982554
keccak1600-avx512vl-rust	keccak1600-avx512vl	fixed	stack	135	latency	3	167832	30083115	153733632	472111774	8559068727	8559068727
keccak1600-avx512vl-rust	keccak1600-avx512vl	runtime	asm	135	throughput	3	148848	30057194	154540614	332973329	8589129140	8589129140
keccak1600-avx512vl-rust	keccak1600-avx512vl	runtime	asm	135	latency	3	146007	30077474	154922109	326910033	8619199413	8619199413
keccak1600-avx512vl-rust	keccak1600-avx512vl	fixed	asm	135	throughput	3	152260	30100634	155112001	333449754	8649303057	8649303057
keccak1600-avx512vl-rust	keccak1600-avx512vl	fixed	asm	135	latency	3	148033	30101864	155234790	324488692	8679402640	8679402640
keccak1600-avx512vl-rust	keccak1600-avx512vl	runtime	stack	135	throughput	4	167685	30382022	155242531	489472872	8709787653	8709787653
keccak1600-avx512vl-rust	keccak1600-avx512vl	runtime	stack	135	latency	4	162711	30338083	153208362	475279194	8739816327	8739816327
keccak1600-avx512vl-rust	keccak1600-avx512vl	fixed	stack	135	throughput	4	176308	30131994	153941424	495602141	8769951380	8769951380
keccak1600-avx512vl-rust	keccak1600-avx512vl	fixed	stack	135	latency	4	167393	30006724	153320487	470876866	8799961153	8799961153
keccak1600-avx512vl-rust	keccak1600-avx512vl	runtime	asm	135	throughput	4	147692	29898565	153534072	330387361	8829857107	8829857107
keccak1600-avx512vl-rust	keccak1600-avx512vl	runtime	asm	135	latency	4	146007	30107703	155005314	326910030	8859968160	8859968160
keccak1600-avx512vl-rust	keccak1600-avx512vl	fixed	asm	135	throughput	4	151898	30063834	154685399	332656975	8890021143	8890021143
keccak1600-avx512vl-rust	keccak1600-avx512vl	fixed	asm	135	latency	4	148262	30190204	155437625	324990657	8920214476	8920214476
keccak1600-avx512vl-rust	keccak1600-avx512vl	runtime	shared	135	throughput	4	174704	29979474	153161795	532847560	8950183339	8950183339
keccak1600-avx512vl-rust	keccak1600-avx512vl	runtime	shared	135	latency	4	165090	30061654	153572565	503855035	8980248053	8980248053
keccak1600-avx512vl-rust	keccak1600-avx512vl	fixed	shared	135	throughput	4	175824	30225423	154367246	532922898	9010476646	9010476646
keccak1600-avx512vl-rust	keccak1600-avx512vl	fixed	shared	135	latency	4	167685	30101714	153801593	508588962	9040581479	9040581479
keccak1600-avx512vl-rust	keccak1600-avx512vl	control	empty	135	throughput	0	2000000	2751589	14003049	30000320	9043335977	9043335977
keccak1600-avx512vl-rust	keccak1600-avx512vl	control	empty	135	latency	0	2000000	3210418	16063304	34000323	9046549324	9046549324
keccak1600-avx512vl-rust	keccak1600-avx512vl	runtime	shared	136	throughput	0	87431	30051734	152735921	519078202	9076597477	9076597477
keccak1600-avx512vl-rust	keccak1600-avx512vl	runtime	shared	136	latency	0	85714	30094864	153719017	509055799	9106695340	9106695340
keccak1600-avx512vl-rust	keccak1600-avx512vl	fixed	shared	136	throughput	0	88520	30148973	154038843	523861713	9136847313	9136847313
keccak1600-avx512vl-rust	keccak1600-avx512vl	fixed	shared	136	latency	0	86330	30138774	153969293	511073957	9166989496	9166989496
keccak1600-avx512vl-rust	keccak1600-avx512vl	runtime	stack	136	throughput	0	90267	30112303	153736635	522194951	9197098850	9197098850
keccak1600-avx512vl-rust	keccak1600-avx512vl	runtime	stack	136	latency	0	88601	30143444	153987608	512734344	9227245373	9227245373
keccak1600-avx512vl-rust	keccak1600-avx512vl	fixed	stack	136	throughput	0	87153	30040314	153482729	487185622	9257289026	9257289026
keccak1600-avx512vl-rust	keccak1600-avx512vl	fixed	stack	136	latency	0	85867	30226663	154699368	480168620	9287518709	9287518709
keccak1600-avx512vl-rust	keccak1600-avx512vl	runtime	asm	136	throughput	0	77953	29861045	153472122	336991173	9317382813	9317382813
keccak1600-avx512vl-rust	keccak1600-avx512vl	runtime	asm	136	latency	0	67179	25906080	133590325	290549523	9343292130	9343292130
keccak1600-avx512vl-rust	keccak1600-avx512vl	fixed	asm	136	throughput	0	75412	29325096	151285201	322839122	9372620384	9372620384
keccak1600-avx512vl-rust	keccak1600-avx512vl	fixed	asm	136	latency	0	77325	30242064	155798946	331183327	9402860367	9402860367
keccak1600-avx512vl-rust	keccak1600-avx512vl	runtime	stack	136	throughput	1	90913	30267744	154677751	525932065	9433131130	9433131130
keccak1600-avx512vl-rust	keccak1600-avx512vl	runtime	stack	136	latency	1	88438	30119413	153802399	511791064	9463246174	9463246174
keccak1600-avx512vl-rust	keccak1600-avx512vl	fixed	stack	136	throughput	1	87471	30154934	154050679	488963244	9493404397	9493404397
keccak1600-avx512vl-rust	keccak1600-avx512vl	fixed	stack	136	latency	1	85371	30120624	153789097	477394980	9523523310	9523523310
keccak1600-avx512vl-rust	keccak1600-avx512vl	runtime	asm	136	throughput	1	78144	30042054	154100304	337816865	9553568553	9553568553
keccak1600-avx512vl-rust	keccak1600-avx512vl	runtime	asm	136	latency	1	77673	29954125	154412334	335936077	9583525837	9583525837
keccak1600-avx512vl-rust	keccak1600-avx512vl	fixed	asm	136	throughput	1	77669	30186753	155628453	332501341	9613715691	9613715691
keccak1600-avx512vl-rust	keccak1600-avx512vl	fixed	asm	136	latency	1	66829	26127149	134591126	286228953	9639838497	9639838497
keccak1600-avx512vl-rust	keccak1600-avx512vl	runtime	shared	136	throughput	1	89594	30633062	156584648	531919927	9670474820	9670474820
keccak1600-avx512vl-rust	keccak1600-avx512vl	runtime	shared	136	latency	1	85829	30140853	153911557	509738788	9700615253	9700615253
keccak1600-avx512vl-rust	keccak1600-avx512vl	fixed	shared	136	throughput	1	88438	30156424	154014112	523376430	9730774806	9730774806
keccak1600-avx512vl-rust	keccak1600-avx512vl	fixed	shared	136	latency	1	86060	30207653	153462748	509475556	9760798909	9760798909
keccak1600-avx512vl-rust	keccak1600-avx512vl	runtime	asm	136	throughput	2	78207	29990344	154294179	338089214	9790792403	9790792403
keccak1600-avx512vl-rust	keccak1600-avx512vl	runtime	asm	136	latency	2	78303	30218934	155846621	338660829	9821014806	9821014806
keccak1600-avx512vl-rust	keccak1600-avx512vl	fixed	asm	136	throughput	2	76585	29765865	153499665	327860741	9850783899	9850783899
keccak1600-avx512vl-rust	keccak1600-avx512vl	fixed	asm	136	latency	2	76677	30009324	154692811	328407938	9880796473	9880796473
keccak1600-avx512vl-rust	keccak1600-avx512vl	runtime	shared	136	throughput	2	89635	30668001	156872390	532163345	9911467585	9911467585
keccak1600-avx512vl-rust	keccak1600-avx512vl	runtime	shared	136	latency	2	85752	30118484	153802573	509281480	9941589159	9941589159
keccak1600-avx512vl-rust	keccak1600-avx512vl	fixed	shared	136	throughput	2	88479	30164164	153846571	523619079	9971748913	9971748913
keccak1600-avx512vl-rust	keccak1600-avx512vl	fixed	shared	136	latency	2	85752	29996225	152871698	507652189	10001748356	10001748356
keccak1600-avx512vl-rust	keccak1600-avx512vl	runtime	stack	136	throughput	2	90310	30115113	153738844	522443705	10031859729	10031859729
keccak1600-avx512vl-rust	keccak1600-avx512vl	runtime	stack	136	latency	2	88275	30065534	153472929	510847771	10061928402	10061928402
keccak1600-avx512vl-rust	keccak1600-avx512vl	fixed	stack	136	throughput	2	87233	29997024	153633491	487632823	10091928776	10091928776
keccak1600-avx512vl-rust	keccak1600-avx512vl	fixed	stack	136	latency	2	85409	30098264	153873973	477607484	10122030459	10122030459
keccak1600-avx512vl-rust	keccak1600-avx512vl	runtime	shared	136	throughput	3	88560	30341743	154965605	525781072	10152375852	10152375852
keccak1600-avx512vl-rust	keccak1600-avx512vl	runtime	shared	136	latency	3	85561	30045594	153439554	508147135	10182420855	10182420855
keccak1600-avx512vl-rust	keccak1600-avx512vl	fixed	shared	136	throughput	3	88520	30211623	154263502	523861716	10212630678	10212630678
keccak1600-avx512vl-rust	keccak1600-avx512vl	fixed	shared	136	latency	3	86408	30166094	154055846	511535714	10242799791	10242799791
keccak1600-avx512vl-rust	keccak1600-avx512vl	runtime	stack	136	throughput	3	90438	30110294	153727122	523184188	10272905284	10272905284
keccak1600-avx512vl-rust	keccak1600-avx512vl	runtime	stack	136	latency	3	88642	30176214	154136787	512971610	10303084558	10303084558
keccak1600-avx512vl-rust	keccak1600-avx512vl	fixed	stack	136	throughput	3	87272	30085824	153694786	487850837	10333173701	10333173701
keccak1600-avx512vl-rust	keccak1600-avx512vl	fixed	stack	136	latency	3	85409	30120413	153874097	477607478	10363292604	10363292604
keccak1600-avx512vl-rust	keccak1600-avx512vl	runtime	asm	136	throughput	3	78144	29961545	153892123	337816866	10393257367	10393257367
keccak1600-avx512vl-rust	keccak1600-avx512vl	runtime	asm	136	latency	3	78051	30065394	155048713	337570930	10423325771	10423325771
keccak1600-avx512vl-rust	keccak1600-avx512vl	fixed	asm	136	throughput	3	77419	30126104	155040418	331431094	10453454855	10453454855
keccak1600-avx512vl-rust	keccak1600-avx512vl	fixed	asm	136	latency	3	77356	30227253	155875206	331316104	10483685088	10483685088
keccak1600-avx512vl-rust	keccak1600-avx512vl	runtime	stack	136	throughput	4	90909	30276523	154716455	525908917	10513964661	10513964661
keccak1600-avx512vl-rust	keccak1600-avx512vl	runtime	stack	136	latency	4	88683	30184824	154138081	513208882	10544147384	10544147384
keccak1600-avx512vl-rust	keccak1600-avx512vl	fixed	stack	136	throughput	4	87352	30096584	153840741	488298031	10574246977	10574246977
keccak1600-avx512vl-rust	keccak1600-avx512vl	fixed	stack	136	latency	4	85451	30158284	153944087	477842346	10604399360	10604399360
keccak1600-avx512vl-rust	keccak1600-avx512vl	runtime	asm	136	throughput	4	77732	29839685	153342670	336035786	10634242074	10634242074
keccak1600-avx512vl-rust	keccak1600-avx512vl	runtime	asm	136	latency	4	78112	30115654	155239423	337834758	10664355267	10664355267
keccak1600-avx512vl-rust	keccak1600-avx512vl	fixed	asm	136	throughput	4	77235	30034465	154789717	330643390	10694392960	10694392960
keccak1600-avx512vl-rust	keccak1600-avx512vl	fixed	asm	136	latency	4	76892	30022075	154762894	329328789	10724409673	10724409673
keccak1600-avx512vl-rust	keccak1600-avx512vl	runtime	shared	136	throughput	4	89677	30693112	157031558	532412701	10755105776	10755105776
keccak1600-avx512vl-rust	keccak1600-avx512vl	runtime	shared	136	latency	4	85637	30089804	153565890	508598498	10785176529	10785176529
keccak1600-avx512vl-rust	keccak1600-avx512vl	fixed	shared	136	throughput	4	88479	30131864	153946277	523619076	10815312012	10815312012
keccak1600-avx512vl-rust	keccak1600-avx512vl	fixed	shared	136	latency	4	86292	30128814	153915702	510848993	10845443876	10845443876
keccak1600-avx512vl-rust	keccak1600-avx512vl	control	empty	136	throughput	0	2000000	2377001	12002192	30000318	10847807623	10847807623
keccak1600-avx512vl-rust	keccak1600-avx512vl	control	empty	136	latency	0	2000000	2397641	12004180	34000322	10850208351	10850208351
keccak1600-avx512vl-rust	keccak1600-avx512vl	runtime	shared	137	throughput	0	86412	29793126	150683342	513374043	10880004495	10880004495
keccak1600-avx512vl-rust	keccak1600-avx512vl	runtime	shared	137	latency	0	85257	30019724	153057351	506682706	10910018308	10910018308
keccak1600-avx512vl-rust	keccak1600-avx512vl	fixed	shared	137	throughput	0	88235	30055214	153507078	522528026	10940076621	10940076621
keccak1600-avx512vl-rust	keccak1600-avx512vl	fixed	shared	137	latency	0	86257	30211644	154029761	510986819	10970291284	10970291284
keccak1600-avx512vl-rust	keccak1600-avx512vl	runtime	stack	137	throughput	0	90225	30178023	153665789	522222649	11000472428	11000472428
keccak1600-avx512vl-rust	keccak1600-avx512vl	runtime	stack	137	latency	0	88438	30090104	153693591	512056373	11030566241	11030566241
keccak1600-avx512vl-rust	keccak1600-avx512vl	fixed	stack	137	throughput	0	87352	30123094	153783537	488560088	11060685524	11060685524
keccak1600-avx512vl-rust	keccak1600-avx512vl	fixed	stack	137	latency	0	85257	29981454	153666422	477013265	11090670157	11090670157
keccak1600-avx512vl-rust	keccak1600-avx512vl	runtime	asm	137	throughput	0	78048	29955334	154092701	337635999	11120632071	11120632071
keccak1600-avx512vl-rust	keccak1600-avx512vl	runtime	asm	137	latency	0	78335	30092204	155159345	339034235	11150727884	11150727884
keccak1600-avx512vl-rust	keccak1600-avx512vl	fixed	asm	137	throughput	0	79077	30183724	155524939	338687145	11180907127	11180907127
keccak1600-avx512vl-rust	keccak1600-avx512vl	fixed	asm	137	latency	0	78788	30222124	155669529	337606927	11211132480	11211132480
keccak1600-avx512vl-rust	keccak1600-avx512vl	runtime	stack	137	throughput	1	90909	30248693	154717974	526181644	11241384423	11241384423
keccak1600-avx512vl-rust	keccak1600-avx512vl	runtime	stack	137	latency	1	88520	30142804	153784828	512531147	11271530526	11271530526
keccak1600-avx512vl-rust	keccak1600-avx512vl	fixed	stack	137	throughput	1	87352	30223893	153882514	488560088	11301757599	11301757599
keccak1600-avx512vl-rust	keccak1600-avx512vl	fixed	stack	137	latency	1	85219	30035144	153560124	476800653	11331795982	11331795982
keccak1600-avx512vl-rust	keccak1600-avx512vl	runtime	asm	137	throughput	1	78017	29982164	154264507	337501897	11361776216	11361776216
keccak1600-avx512vl-rust	keccak1600-avx512vl	runtime	asm	137	latency	1	78303	30121804	155338099	338895732	11391901249	11391901249
keccak1600-avx512vl-rust	keccak1600-avx512vl	fixed	asm	137	throughput	1	79338	30250313	155835536	339805007	11422146732	11422146732
keccak1600-avx512vl-rust	keccak1600-avx512vl	fixed	asm	137	latency	1	78431	29986444	154657354	336077188	11452136225	11452136225
keccak1600-avx512vl-rust	keccak1600-avx512vl	runtime	shared	137	throughput	1	88479	30230493	154457343	525654094	11482369938	11482369938
keccak1600-avx512vl-rust	keccak1600-avx512vl	runtime	shared	137	latency	1	85599	30101694	153709114	508715211	11512470002	11512470002
keccak1600-avx512vl-rust	keccak1600-avx512vl	fixed	shared	137	throughput	1	88397	30100014	153721539	523487385	11542573175	11542573175
keccak1600-avx512vl-rust	keccak1600-avx512vl	fixed	shared	137	latency	1	85906	30031284	153375544	508907496	11572603108	11572603108
keccak1600-avx512vl-rust	keccak1600-avx512vl	runtime	asm	137	throughput	2	78175	30171553	154739582	338185397	11602777941	11602777941
keccak1600-avx512vl-rust	keccak1600-avx512vl	runtime	asm	137	latency	2	78048	30036235	154718910	337792101	11632809954	11632809954
keccak1600-avx512vl-rust	keccak1600-avx512vl	fixed	asm	137	throughput	2	78720	30079804	154858659	337158116	11662892978	11662892978
keccak1600-avx512vl-rust	keccak1600-avx512vl	fixed	asm	137	latency	2	78271	29961194	154420453	335391590	11692850211	11692850211
keccak1600-avx512vl-rust	keccak1600-avx512vl	runtime	shared	137	throughput	2	88560	30219254	154685407	526135317	11723072424	11723072424
keccak1600-avx512vl-rust	keccak1600-avx512vl	runtime	shared	137	latency	2	85599	30082074	153681034	508715216	11753153787	11753153787
keccak1600-avx512vl-rust	keccak1600-avx512vl	fixed	shared	137	throughput	2	88642	30163773	154173667	524938277	11783320700	11783320700
keccak1600-avx512vl-rust	keccak1600-avx512vl	fixed	shared	137	latency	2	86060	30228103	153621016	509819795	11813397013	11813397013
keccak1600-avx512vl-rust	keccak1600-avx512vl	runtime	stack	137	throughput	2	90523	30175344	154139586	523947478	11843575497	11843575497
keccak1600-avx512vl-rust	keccak1600-avx512vl	runtime	stack	137	latency	2	88479	30086604	153772989	512293770	11873665230	11873665230
keccak1600-avx512vl-rust	keccak1600-avx512vl	fixed	stack	137	throughput	2	87074	30038084	153394901	487005235	11903706363	11903706363
keccak1600-avx512vl-rust	keccak1600-avx512vl	fixed	stack	137	latency	2	85371	30117233	153883675	477651100	11933826736	11933826736
keccak1600-avx512vl-rust	keccak1600-avx512vl	runtime	shared	137	throughput	3	87791	29972745	153084745	521566684	11963802580	11963802580
keccak1600-avx512vl-rust	keccak1600-avx512vl	runtime	shared	137	latency	3	85565	30077075	153613543	508513147	11993882743	11993882743
keccak1600-avx512vl-rust	keccak1600-avx512vl	fixed	shared	137	throughput	3	88357	30117443	153912249	523250505	12024003256	12024003256
keccak1600-avx512vl-rust	keccak1600-avx512vl	fixed	shared	137	latency	3	86021	30065564	153598072	509588760	12054071879	12054071879
keccak1600-avx512vl-rust	keccak1600-avx512vl	runtime	stack	137	throughput	3	90352	30044574	153457234	522957733	12084119532	12084119532
keccak1600-avx512vl-rust	keccak1600-avx512vl	runtime	stack	137	latency	3	88683	30159544	154063904	513474925	12114282096	12114282096
keccak1600-avx512vl-rust	keccak1600-avx512vl	fixed	stack	137	throughput	3	86995	29982374	153284021	486563386	12144267629	12144267629
keccak1600-avx512vl-rust	keccak1600-avx512vl	fixed	stack	137	latency	3	82580	29090848	148813112	462035452	12173362113	12173362113
keccak1600-avx512vl-rust	keccak1600-avx512vl	runtime	asm	137	throughput	3	78080	29953654	154196238	337774436	12203313576	12203313576
keccak1600-avx512vl-rust	keccak1600-avx512vl	runtime	asm	137	latency	3	78080	30147723	154793574	337930595	12233464319	12233464319
keccak1600-avx512vl-rust	keccak1600-avx512vl	fixed	asm	137	throughput	3	79142	30266344	156060850	338965543	12263733692	12263733692
keccak1600-avx512vl-rust	keccak1600-avx512vl	fixed	asm	137	latency	3	78434	29962485	154559261	336090042	12293699126	12293699126
keccak1600-avx512vl-rust	keccak1600-avx512vl	runtime	stack	137	throughput	4	91515	30447922	155639876	529689180	12324140499	12324140499
keccak1600-avx512vl-rust	keccak1600-avx512vl	runtime	stack	137	latency	4	88438	30093604	153670216	512056375	12354237122	12354237122
keccak1600-avx512vl-rust	keccak1600-avx512vl	fixed	stack	137	throughput	4	87193	30026234	153612481	487670802	12384266435	12384266435
keccak1600-avx512vl-rust	keccak1600-avx512vl	fixed	stack	137	latency	4	85219	30044964	153604426	476800662	12414314458	12414314458
keccak1600-avx512vl-rust	keccak1600-avx512vl	runtime	asm	137	throughput	4	77827	29881265	153791420	336679957	12444198712	12444198712
keccak1600-avx512vl-rust	keccak1600-avx512vl	runtime	asm	137	latency	4	78303	30025664	154892284	338895740	12474227715	12474227715
keccak1600-avx512vl-rust	keccak1600-avx512vl	fixed	asm	137	throughput	4	79273	30268683	155807348	339526612	12504499498	12504499498
keccak1600-avx512vl-rust	keccak1600-avx512vl	fixed	asm	137	latency	4	78175	29959904	154533409	334980228	12534462481	12534462481
keccak1600-avx512vl-rust	keccak1600-avx512vl	runtime	shared	137	throughput	4	88357	30167174	154288234	524929293	12564632905	12564632905
keccak1600-avx512vl-rust	keccak1600-avx512vl	runtime	shared	137	latency	4	85599	30095044	153657394	508715211	12594723768	12594723768
keccak1600-avx512vl-rust	keccak1600-avx512vl	fixed	shared	137	throughput	4	89136	30367642	155054234	527863749	12625094391	12625094391
keccak1600-avx512vl-rust	keccak1600-avx512vl	fixed	shared	137	latency	4	86137	30108684	153778524	510275943	12655198754	12655198754
keccak1600-avx512vl-rust	keccak1600-avx512vl	control	empty	137	throughput	0	2000000	2345721	12002805	30000319	12657547392	12657547392
keccak1600-avx512vl-rust	keccak1600-avx512vl	control	empty	137	latency	0	2000000	2812619	14082239	34000321	12660362889	12660362889
keccak1600-avx512vl-rust	keccak1600-avx512vl	runtime	shared	272	throughput	0	57623	29570956	149984243	508984313	12689937003	12689937003
keccak1600-avx512vl-rust	keccak1600-avx512vl	runtime	shared	272	latency	0	58041	30099894	153681183	512792594	12720032716	12720032716
keccak1600-avx512vl-rust	keccak1600-avx512vl	fixed	shared	272	throughput	0	59371	30093004	153942914	523296351	12750128819	12750128819
keccak1600-avx512vl-rust	keccak1600-avx512vl	fixed	shared	272	latency	0	58358	30111094	153890779	514484483	12780238432	12780238432
keccak1600-avx512vl-rust	keccak1600-avx512vl	runtime	stack	272	throughput	0	60894	30251903	154604935	527098816	12810493456	12810493456
keccak1600-avx512vl-rust	keccak1600-avx512vl	runtime	stack	272	latency	0	58859	29700955	151587033	509601577	12840177679	12840177679
keccak1600-avx512vl-rust	keccak1600-avx512vl	fixed	stack	272	throughput	0	56855	30114054	153857553	478150900	12870295012	12870295012
keccak1600-avx512vl-rust	keccak1600-avx512vl	fixed	stack	272	latency	0	52892	28416540	145080938	444927855	12898704527	12898704527
keccak1600-avx512vl-rust	keccak1600-avx512vl	runtime	asm	272	throughput	0	53097	30006204	154190789	337909664	12928713900	12928713900
keccak1600-avx512vl-rust	keccak1600-avx512vl	runtime	asm	272	latency	0	52660	29830775	153852291	335233910	12958548304	12958548304
keccak1600-avx512vl-rust	keccak1600-avx512vl	fixed	asm	272	throughput	0	51391	29766565	153358159	324894258	12988318037	12988318037
keccak1600-avx512vl-rust	keccak1600-avx512vl	fixed	asm	272	latency	0	51696	30140244	155405509	326925857	13018461620	13018461620
keccak1600-avx512vl-rust	keccak1600-avx512vl	runtime	stack	272	throughput	1	61127	30333953	155205536	529115667	13048798543	13048798543
keccak1600-avx512vl-rust	keccak1600-avx512vl	runtime	stack	272	latency	1	59796	30140064	153971152	517714120	13078941716	13078941716
keccak1600-avx512vl-rust	keccak1600-avx512vl	fixed	stack	272	throughput	1	53185	28168021	143849904	447286204	13107105411	13107105411
keccak1600-avx512vl-rust	keccak1600-avx512vl	fixed	stack	272	latency	1	56074	30082504	153812659	471694842	13137191004	13137191004
keccak1600-avx512vl-rust	keccak1600-avx512vl	runtime	asm	272	throughput	1	53126	30024334	154328958	338094216	13167212688	13167212688
keccak1600-avx512vl-rust	keccak1600-avx512vl	runtime	asm	272	latency	1	53200	30109784	155242808	338671552	13197325471	13197325471
keccak1600-avx512vl-rust	keccak1600-avx512vl	fixed	asm	272	throughput	1	51863	30141543	155126203	327878237	13227456364	13227456364
keccak1600-avx512vl-rust	keccak1600-avx512vl	fixed	asm	272	latency	1	51710	30163034	155594872	327014395	13257622537	13257622537
keccak1600-avx512vl-rust	keccak1600-avx512vl	runtime	shared	272	throughput	1	59664	30370163	155366828	527012468	13287995730	13287995730
keccak1600-avx512vl-rust	keccak1600-avx512vl	runtime	shared	272	latency	1	58093	30112054	153817541	513252010	13318110833	13318110833
keccak1600-avx512vl-rust	keccak1600-avx512vl	fixed	shared	272	throughput	1	59277	30088134	153637527	522467837	13348196906	13348196906
keccak1600-avx512vl-rust	keccak1600-avx512vl	fixed	shared	272	latency	1	58323	30118754	153820221	514175920	13378318920	13378318920
keccak1600-avx512vl-rust	keccak1600-avx512vl	runtime	asm	272	throughput	2	52879	29922675	153502569	336522315	13408240153	13408240153
keccak1600-avx512vl-rust	keccak1600-avx512vl	runtime	asm	272	latency	2	53348	30222973	155819517	339613723	13438466086	13438466086
keccak1600-avx512vl-rust	keccak1600-avx512vl	fixed	asm	272	throughput	2	51765	30013044	154699305	327258685	13468475259	13468475259
keccak1600-avx512vl-rust	keccak1600-avx512vl	fixed	asm	272	latency	2	51323	29929225	154353898	324567008	13498407593	13498407593
keccak1600-avx512vl-rust	keccak1600-avx512vl	runtime	shared	272	throughput	2	59666	30373263	155305272	527030131	13528783966	13528783966
keccak1600-avx512vl-rust	keccak1600-avx512vl	runtime	shared	272	latency	2	57988	30072564	153555198	512324335	13558854539	13558854539
keccak1600-avx512vl-rust	keccak1600-avx512vl	fixed	shared	272	throughput	2	59277	30096324	153730157	522467834	13588953892	13588953892
keccak1600-avx512vl-rust	keccak1600-avx512vl	fixed	shared	272	latency	2	58340	30136693	153878138	514325799	13619086845	13619086845
keccak1600-avx512vl-rust	keccak1600-avx512vl	runtime	stack	272	throughput	2	60548	30131734	153935404	524103842	13649222308	13649222308
keccak1600-avx512vl-rust	keccak1600-avx512vl	runtime	stack	272	latency	2	59682	30098364	153730825	516727110	13679323741	13679323741
keccak1600-avx512vl-rust	keccak1600-avx512vl	fixed	stack	272	throughput	2	56771	30081074	153610522	477444459	13709407985	13709407985
keccak1600-avx512vl-rust	keccak1600-avx512vl	fixed	stack	272	latency	2	56027	30094965	153655109	471299477	13739497228	13739497228
keccak1600-avx512vl-rust	keccak1600-avx512vl	runtime	shared	272	throughput	3	59076	30114334	153852595	521818663	13769614701	13769614701
keccak1600-avx512vl-rust	keccak1600-avx512vl	runtime	shared	272	latency	3	58076	30094424	153741120	513101813	13799712244	13799712244
keccak1600-avx512vl-rust	keccak1600-avx512vl	fixed	shared	272	throughput	3	55363	28087761	143482092	487969832	13827803009	13827803009
keccak1600-avx512vl-rust	keccak1600-avx512vl	fixed	shared	272	latency	3	58252	30395463	153624004	513549987	13857886983	13857886983
keccak1600-avx512vl-rust	keccak1600-avx512vl	runtime	stack	272	throughput	3	60567	30115784	153866077	524268302	13888005776	13888005776
keccak1600-avx512vl-rust	keccak1600-avx512vl	runtime	stack	272	latency	3	59738	30120183	153860794	517211961	13918128989	13918128989
keccak1600-avx512vl-rust	keccak1600-avx512vl	fixed	stack	272	throughput	3	56855	30121064	153800161	478150908	13948253063	13948253063
keccak1600-avx512vl-rust	keccak1600-avx512vl	fixed	stack	272	latency	3	56074	30113004	153791220	471694844	13978369316	13978369316
keccak1600-avx512vl-rust	keccak1600-avx512vl	runtime	asm	272	throughput	3	53303	30117623	154809734	339220643	14008490449	14008490449
keccak1600-avx512vl-rust	keccak1600-avx512vl	runtime	asm	272	latency	3	53185	30153174	155237278	338576061	14038646622	14038646622
keccak1600-avx512vl-rust	keccak1600-avx512vl	fixed	asm	272	throughput	3	51849	30103704	155188095	327789732	14068743365	14068743365
keccak1600-avx512vl-rust	keccak1600-avx512vl	fixed	asm	272	latency	3	51600	30142004	155388179	326318754	14098888368	14098888368
keccak1600-avx512vl-rust	keccak1600-avx512vl	runtime	stack	272	throughput	4	55172	27388964	140058362	477569177	14126280814	14126280814
keccak1600-avx512vl-rust	keccak1600-avx512vl	runtime	stack	272	latency	4	59720	30096514	153748919	517056114	14156380807	14156380807
keccak1600-avx512vl-rust	keccak1600-avx512vl	fixed	stack	272	throughput	4	56838	30110374	153814054	478007932	14186490400	14186490400
keccak1600-avx512vl-rust	keccak1600-avx512vl	fixed	stack	272	latency	4	56042	30074894	153698633	471425661	14216568374	14216568374
keccak1600-avx512vl-rust	keccak1600-avx512vl	runtime	asm	272	throughput	4	52734	29864735	153325453	335599535	14246430258	14246430258
keccak1600-avx512vl-rust	keccak1600-avx512vl	runtime	asm	272	latency	4	53038	30072864	154814136	337640264	14276506091	14276506091
keccak1600-avx512vl-rust	keccak1600-avx512vl	fixed	asm	272	throughput	4	51682	29954895	154434626	326733958	14306454714	14306454714
keccak1600-avx512vl-rust	keccak1600-avx512vl	fixed	asm	272	latency	4	51711	30138864	155459294	327020720	14336596618	14336596618
keccak1600-avx512vl-rust	keccak1600-avx512vl	runtime	shared	272	throughput	4	59682	30394613	155372993	527171458	14366994331	14366994331
keccak1600-avx512vl-rust	keccak1600-avx512vl	runtime	shared	272	latency	4	58060	30098564	153715327	512960455	14397093685	14397093685
keccak1600-avx512vl-rust	keccak1600-avx512vl	fixed	shared	272	throughput	4	59369	30117694	153847674	523278721	14427214438	14427214438
keccak1600-avx512vl-rust	keccak1600-avx512vl	fixed	shared	272	latency	4	58411	30170363	154102374	514951734	14457387881	14457387881
keccak1600-avx512vl-rust	keccak1600-avx512vl	control	empty	272	throughput	0	2000000	2757000	14002192	30000318	14460147889	14460147889
keccak1600-avx512vl-rust	keccak1600-avx512vl	control	empty	272	latency	0	2000000	2790899	14002836	34000320	14462941686	14462941686
keccak1600-avx512vl-rust	keccak1600-avx512vl	runtime	shared	532	throughput	0	44434	29952404	151812613	521255610	14492897169	14492897169
keccak1600-avx512vl-rust	keccak1600-avx512vl	runtime	shared	532	latency	0	43815	29989644	153114290	514081749	14522889943	14522889943
keccak1600-avx512vl-rust	keccak1600-avx512vl	fixed	shared	532	throughput	0	44797	30189874	154240339	524662817	14553082806	14553082806
keccak1600-avx512vl-rust	keccak1600-avx512vl	fixed	shared	532	latency	0	40764	27795502	142037398	477509843	14580881321	14580881321
keccak1600-avx512vl-rust	keccak1600-avx512vl	runtime	stack	532	throughput	0	45529	30120364	153843579	524631029	14611004884	14611004884
keccak1600-avx512vl-rust	keccak1600-avx512vl	runtime	stack	532	latency	0	45059	30181873	154070030	519305327	14641180997	14641180997
keccak1600-avx512vl-rust	keccak1600-avx512vl	fixed	stack	532	throughput	0	44630	30138204	153885084	512620533	14671322560	14671322560
keccak1600-avx512vl-rust	keccak1600-avx512vl	fixed	stack	532	latency	0	44067	30127324	153835642	506242053	14701443833	14701443833
keccak1600-avx512vl-rust	keccak1600-avx512vl	runtime	asm	532	throughput	0	40108	29957615	153884583	336947657	14731404687	14731404687
keccak1600-avx512vl-rust	keccak1600-avx512vl	runtime	asm	532	latency	0	40353	30167394	155572619	339086613	14761570400	14761570400
keccak1600-avx512vl-rust	keccak1600-avx512vl	fixed	asm	532	throughput	0	40617	30221963	155719269	339802179	14791795713	14791795713
keccak1600-avx512vl-rust	keccak1600-avx512vl	fixed	asm	532	latency	0	40251	29998334	154655035	336820723	14821792786	14821792786
keccak1600-avx512vl-rust	keccak1600-avx512vl	runtime	stack	532	throughput	1	45955	30355593	155322360	529539816	14852151459	14852151459
keccak1600-avx512vl-rust	keccak1600-avx512vl	runtime	stack	532	latency	1	44933	30399183	153558915	517853179	14882229202	14882229202
keccak1600-avx512vl-rust	keccak1600-avx512vl	fixed	stack	532	throughput	1	44652	30150874	154035036	512873228	14912383175	14912383175
keccak1600-avx512vl-rust	keccak1600-avx512vl	fixed	stack	532	latency	1	44107	30141964	153945050	506701563	14942528328	14942528328
keccak1600-avx512vl-rust	keccak1600-avx512vl	runtime	asm	532	throughput	1	40167	29926334	153578623	337443322	14972457842	14972457842
keccak1600-avx512vl-rust	keccak1600-avx512vl	runtime	asm	532	latency	1	40370	30251493	155816584	339229460	15002712515	15002712515
keccak1600-avx512vl-rust	keccak1600-avx512vl	fixed	asm	532	throughput	1	40446	30077134	154779796	338371595	15032792878	15032792878
keccak1600-avx512vl-rust	keccak1600-avx512vl	fixed	asm	532	latency	1	40387	30023224	154800198	337958773	15062814281	15062814281
keccak1600-avx512vl-rust	keccak1600-avx512vl	runtime	shared	532	throughput	1	45746	30591842	156362598	536646685	15093409074	15093409074
keccak1600-avx512vl-rust	keccak1600-avx512vl	runtime	shared	532	latency	1	43956	30075214	153635841	515736103	15123487567	15123487567
keccak1600-avx512vl-rust	keccak1600-avx512vl	fixed	shared	532	throughput	1	44651	30094664	153684549	522952870	15153580740	15153580740
keccak1600-avx512vl-rust	keccak1600-avx512vl	fixed	shared	532	latency	1	44209	30157674	154045117	517864585	15183741543	15183741543
keccak1600-avx512vl-rust	keccak1600-avx512vl	runtime	asm	532	throughput	2	40395	30121814	154609438	339358755	15213856526	15213856526
keccak1600-avx512vl-rust	keccak1600-avx512vl	runtime	asm	532	latency	2	40293	30173814	155167890	338582438	15244033340	15244033340
keccak1600-avx512vl-rust	keccak1600-avx512vl	fixed	asm	532	throughput	2	40412	30152193	155221070	338087149	15274188504	15274188504
keccak1600-avx512vl-rust	keccak1600-avx512vl	fixed	asm	532	latency	2	37375	27933342	143662368	312754346	15302124859	15302124859
keccak1600-avx512vl-rust	keccak1600-avx512vl	runtime	shared	532	throughput	2	41477	27745133	141813090	486567040	15329872974	15329872974
keccak1600-avx512vl-rust	keccak1600-avx512vl	runtime	shared	532	latency	2	44067	30144804	154009979	517038467	15360020787	15360020787
keccak1600-avx512vl-rust	keccak1600-avx512vl	fixed	shared	532	throughput	2	41114	27741653	141604524	481527518	15387760592	15387760592
keccak1600-avx512vl-rust	keccak1600-avx512vl	fixed	shared	532	latency	2	44087	30068504	153624333	516435474	15417832116	15417832116
keccak1600-avx512vl-rust	keccak1600-avx512vl	runtime	stack	532	throughput	2	45540	30152134	153855931	524757780	15447980199	15447980199
keccak1600-avx512vl-rust	keccak1600-avx512vl	runtime	stack	532	latency	2	45081	30264243	154166571	519558882	15478247422	15478247422
keccak1600-avx512vl-rust	keccak1600-avx512vl	fixed	stack	532	throughput	2	44682	30148663	154035909	513217809	15508399185	15508399185
keccak1600-avx512vl-rust	keccak1600-avx512vl	fixed	stack	532	latency	2	44056	30117284	153764865	506115679	15538512898	15538512898
keccak1600-avx512vl-rust	keccak1600-avx512vl	runtime	shared	532	throughput	3	44817	29979454	153138798	525748584	15568495611	15568495611
keccak1600-avx512vl-rust	keccak1600-avx512vl	runtime	shared	532	latency	3	44046	30151764	153905668	516792074	15598643534	15598643534
keccak1600-avx512vl-rust	keccak1600-avx512vl	fixed	shared	532	throughput	3	44704	30111484	153832340	523573604	15628758148	15628758148
keccak1600-avx512vl-rust	keccak1600-avx512vl	fixed	shared	532	latency	3	44209	30164834	154057251	517864577	15658926211	15658926211
keccak1600-avx512vl-rust	keccak1600-avx512vl	runtime	stack	532	throughput	3	45540	30143623	153973657	524757776	15689073094	15689073094
keccak1600-avx512vl-rust	keccak1600-avx512vl	runtime	stack	532	latency	3	45070	30163674	154027936	519432104	15719236157	15719236157
keccak1600-avx512vl-rust	keccak1600-avx512vl	fixed	stack	532	throughput	3	40999	27664523	141319421	470914863	15746903842	15746903842
keccak1600-avx512vl-rust	keccak1600-avx512vl	fixed	stack	532	latency	3	44026	30089914	153697814	505771042	15776997246	15776997246
keccak1600-avx512vl-rust	keccak1600-avx512vl	runtime	asm	532	throughput	3	40101	29835416	153202821	336888850	15806835890	15806835890
keccak1600-avx512vl-rust	keccak1600-avx512vl	runtime	asm	532	latency	3	40201	30047804	154973914	337809359	15836887003	15836887003
keccak1600-avx512vl-rust	keccak1600-avx512vl	fixed	asm	532	throughput	3	40251	30013644	154535334	336740218	15866903796	15866903796
keccak1600-avx512vl-rust	keccak1600-avx512vl	fixed	asm	532	latency	3	40772	30491763	156512226	341180454	15897277549	15897277549
keccak1600-avx512vl-rust	keccak1600-avx512vl	runtime	stack	532	throughput	4	45736	30199464	154548881	527016283	15927479992	15927479992
keccak1600-avx512vl-rust	keccak1600-avx512vl	runtime	stack	532	latency	4	44996	30115404	153866574	518579258	15957598435	15957598435
keccak1600-avx512vl-rust	keccak1600-avx512vl	fixed	stack	532	throughput	4	44486	30050424	153373618	510966557	15987651909	15987651909
keccak1600-avx512vl-rust	keccak1600-avx512vl	fixed	stack	532	latency	4	44087	30129594	153929740	506471816	16017784572	16017784572
keccak1600-avx512vl-rust	keccak1600-avx512vl	runtime	asm	532	throughput	4	40201	29938814	153739494	337728961	16047726625	16047726625
keccak1600-avx512vl-rust	keccak1600-avx512vl	runtime	asm	532	latency	4	40243	30155374	155553292	338162286	16077884978	16077884978
keccak1600-avx512vl-rust	keccak1600-avx512vl	fixed	asm	532	throughput	4	40557	30167863	155610571	339300218	16108055811	16108055811
keccak1600-avx512vl-rust	keccak1600-avx512vl	fixed	asm	532	latency	4	40438	29851975	153987245	338385540	16137910825	16137910825
keccak1600-avx512vl-rust	keccak1600-avx512vl	runtime	shared	532	throughput	4	45757	30548182	156222433	536775729	16168462188	16168462188
keccak1600-avx512vl-rust	keccak1600-avx512vl	runtime	shared	532	latency	4	44087	30159103	154067881	517273126	16198624382	16198624382
keccak1600-avx512vl-rust	keccak1600-avx512vl	fixed	shared	532	throughput	4	44651	30100684	153729635	522952867	16228723245	16228723245
keccak1600-avx512vl-rust	keccak1600-avx512vl	fixed	shared	532	latency	4	44219	30159594	154079343	517981722	16258885848	16258885848
keccak1600-avx512vl-rust	keccak1600-avx512vl	control	empty	532	throughput	0	2000000	2769609	14073163	30000320	16261658435	16261658435
keccak1600-avx512vl-rust	keccak1600-avx512vl	control	empty	532	latency	0	2000000	2392451	12003510	34000321	16264053843	16264053843
keccak1600-avx512vl-rust	keccak1600-avx512vl	runtime	shared	1024	throughput	0	22033	29843395	151002108	513501452	16293880717	16293880717
keccak1600-avx512vl-rust	keccak1600-avx512vl	runtime	shared	1024	latency	0	22147	30030574	153174579	516202631	16323914430	16323914430
keccak1600-avx512vl-rust	keccak1600-avx512vl	fixed	shared	1024	throughput	0	22411	30086833	153700213	521885311	16354004353	16354004353
keccak1600-avx512vl-rust	keccak1600-avx512vl	fixed	shared	1024	latency	0	22302	30135924	153944997	519391628	16384143466	16384143466
keccak1600-avx512vl-rust	keccak1600-avx512vl	runtime	stack	1024	throughput	0	22835	30124154	153898426	525365200	16414270699	16414270699
keccak1600-avx512vl-rust	keccak1600-avx512vl	runtime	stack	1024	latency	0	22743	30152174	154015503	523294045	16444425952	16444425952
keccak1600-avx512vl-rust	keccak1600-avx512vl	fixed	stack	1024	throughput	0	22479	30129794	153767420	512611468	16474559065	16474559065
keccak1600-avx512vl-rust	keccak1600-avx512vl	fixed	stack	1024	latency	0	22377	30164743	154108261	510330216	16504727118	16504727118
keccak1600-avx512vl-rust	keccak1600-avx512vl	runtime	asm	1024	throughput	0	20298	29923625	153835051	336236725	16534653912	16534653912
keccak1600-avx512vl-rust	keccak1600-avx512vl	runtime	asm	1024	latency	0	20440	30119224	155227581	338629835	16564776085	16564776085
keccak1600-avx512vl-rust	keccak1600-avx512vl	fixed	asm	1024	throughput	0	19524	28637930	147733262	322751596	16593417149	16593417149
keccak1600-avx512vl-rust	keccak1600-avx512vl	fixed	asm	1024	latency	0	20558	30214293	155769737	339885766	16623625402	16623625402
keccak1600-avx512vl-rust	keccak1600-avx512vl	runtime	stack	1024	throughput	1	23035	30355174	155268425	529966602	16653983535	16653983535
keccak1600-avx512vl-rust	keccak1600-avx512vl	runtime	stack	1024	latency	1	22824	30260153	154603680	525157765	16684246688	16684246688
keccak1600-avx512vl-rust	keccak1600-avx512vl	fixed	stack	1024	throughput	1	22479	30083814	153814151	512611469	16714334041	16714334041
keccak1600-avx512vl-rust	keccak1600-avx512vl	fixed	stack	1024	latency	1	22351	30122533	153917583	509737258	16744447834	16744447834
keccak1600-avx512vl-rust	keccak1600-avx512vl	runtime	asm	1024	throughput	1	20338	30079524	154620372	336899326	16774530457	16774530457
keccak1600-avx512vl-rust	keccak1600-avx512vl	runtime	asm	1024	latency	1	20384	30111663	155341794	337702081	16804645221	16804645221
keccak1600-avx512vl-rust	keccak1600-avx512vl	fixed	asm	1024	throughput	1	20569	30158454	155562429	340026496	16834806715	16834806715
keccak1600-avx512vl-rust	keccak1600-avx512vl	fixed	asm	1024	latency	1	20550	30260294	155982243	339753507	16865058138	16865058138
keccak1600-avx512vl-rust	keccak1600-avx512vl	runtime	shared	1024	throughput	1	22689	30374813	155534857	528790191	16895431541	16895431541
keccak1600-avx512vl-rust	keccak1600-avx512vl	runtime	shared	1024	latency	1	21185	28663519	146461212	493780327	16924079956	16924079956
keccak1600-avx512vl-rust	keccak1600-avx512vl	fixed	shared	1024	throughput	1	22559	30282773	154752706	525331786	16954365739	16954365739
keccak1600-avx512vl-rust	keccak1600-avx512vl	fixed	shared	1024	latency	1	22297	30111113	153927761	519275184	16984480042	16984480042
keccak1600-avx512vl-rust	keccak1600-avx512vl	runtime	asm	1024	throughput	2	20300	29914645	153570052	336269855	17014398005	17014398005
keccak1600-avx512vl-rust	keccak1600-avx512vl	runtime	asm	1024	latency	2	20464	30182874	155635165	339027442	17044577008	17044577008
keccak1600-avx512vl-rust	keccak1600-avx512vl	fixed	asm	1024	throughput	2	20493	30033075	154923562	338770138	17074613141	17074613141
keccak1600-avx512vl-rust	keccak1600-avx512vl	fixed	asm	1024	latency	2	20565	30237003	155976802	340001501	17104853184	17104853184
keccak1600-avx512vl-rust	keccak1600-avx512vl	runtime	shared	1024	throughput	2	22705	30418653	155590911	529163082	17135275357	17135275357
keccak1600-avx512vl-rust	keccak1600-avx512vl	runtime	shared	1024	latency	2	22266	30153074	153942145	518976284	17165432080	17165432080
keccak1600-avx512vl-rust	keccak1600-avx512vl	fixed	shared	1024	throughput	2	22310	30148874	153037242	519533325	17195578113	17195578113
keccak1600-avx512vl-rust	keccak1600-avx512vl	fixed	shared	1024	latency	2	22291	30141694	153887072	519135454	17225723637	17225723637
keccak1600-avx512vl-rust	keccak1600-avx512vl	runtime	stack	1024	throughput	2	22727	30200624	153174951	522880440	17255927431	17255927431
keccak1600-avx512vl-rust	keccak1600-avx512vl	runtime	stack	1024	latency	2	22193	29897534	150284536	510639088	17285828264	17285828264
keccak1600-avx512vl-rust	keccak1600-avx512vl	fixed	stack	1024	throughput	2	22211	30040594	152068250	506499992	17315872367	17315872367
keccak1600-avx512vl-rust	keccak1600-avx512vl	fixed	stack	1024	latency	2	22237	30074634	153118186	507137375	17345950700	17345950700
keccak1600-avx512vl-rust	keccak1600-avx512vl	runtime	shared	1024	throughput	3	22458	30126894	153811899	523406501	17376074153	17376074153
keccak1600-avx512vl-rust	keccak1600-avx512vl	runtime	shared	1024	latency	3	22250	30123813	153847773	518603353	17406201346	17406201346
keccak1600-avx512vl-rust	keccak1600-avx512vl	fixed	shared	1024	throughput	3	22435	30140594	153906128	522444198	17436337160	17436337160
keccak1600-avx512vl-rust	keccak1600-avx512vl	fixed	shared	1024	latency	3	21376	28895289	147591969	497826014	17465235765	17465235765
keccak1600-avx512vl-rust	keccak1600-avx512vl	runtime	stack	1024	throughput	3	22835	30141863	153976666	525365201	17495380918	17495380918
keccak1600-avx512vl-rust	keccak1600-avx512vl	runtime	stack	1024	latency	3	22719	30118054	153828090	522741821	17525502101	17525502101
keccak1600-avx512vl-rust	keccak1600-avx512vl	fixed	stack	1024	throughput	3	22448	30052315	153610674	511904543	17555552454	17555552454
keccak1600-avx512vl-rust	keccak1600-avx512vl	fixed	stack	1024	latency	3	22354	30136814	153908733	509805678	17585692437	17585692437
keccak1600-avx512vl-rust	keccak1600-avx512vl	runtime	asm	1024	throughput	3	19376	28683969	147189663	320963790	17614379542	17614379542
keccak1600-avx512vl-rust	keccak1600-avx512vl	runtime	asm	1024	latency	3	20391	30122644	154877161	337818050	17644498376	17644498376
keccak1600-avx512vl-rust	keccak1600-avx512vl	fixed	asm	1024	throughput	3	19315	28506150	146598561	319296615	17673008190	17673008190
keccak1600-avx512vl-rust	keccak1600-avx512vl	fixed	asm	1024	latency	3	20287	30008415	153977257	335405324	17703015693	17703015693
keccak1600-avx512vl-rust	keccak1600-avx512vl	runtime	stack	1024	throughput	4	22832	30227344	153910142	525296171	17733246636	17733246636
keccak1600-avx512vl-rust	keccak1600-avx512vl	runtime	stack	1024	latency	4	22732	30287354	153937090	523040938	17763537569	17763537569
keccak1600-avx512vl-rust	keccak1600-avx512vl	fixed	stack	1024	throughput	4	22477	30156024	153837230	512565855	17793697072	17793697072
keccak1600-avx512vl-rust	keccak1600-avx512vl	fixed	stack	1024	latency	4	22354	30191304	153935425	509805679	17823891565	17823891565
keccak1600-avx512vl-rust	keccak1600-avx512vl	runtime	asm	1024	throughput	4	20354	30095534	154164205	337164363	17853990349	17853990349
keccak1600-avx512vl-rust	keccak1600-avx512vl	runtime	asm	1024	latency	4	20488	30277213	155409126	339425051	17884270853	17884270853
keccak1600-avx512vl-rust	keccak1600-avx512vl	fixed	asm	1024	throughput	4	20285	29984624	153883204	335331687	17914258717	17914258717
keccak1600-avx512vl-rust	keccak1600-avx512vl	fixed	asm	1024	latency	4	20328	30092094	154309451	336083177	17944335300	17944335300
keccak1600-avx512vl-rust	keccak1600-avx512vl	runtime	shared	1024	throughput	4	22554	30423643	155064878	525643878	17974761973	17974761973
keccak1600-avx512vl-rust	keccak1600-avx512vl	runtime	shared	1024	latency	4	21194	28802899	146507871	493990108	18003560697	18003560697
keccak1600-avx512vl-rust	keccak1600-avx512vl	fixed	shared	1024	throughput	4	22372	30160234	153371088	520977117	18033723950	18033723950
keccak1600-avx512vl-rust	keccak1600-avx512vl	fixed	shared	1024	latency	4	22284	30262903	153858065	518972435	18063989863	18063989863
keccak1600-avx512vl-rust	keccak1600-avx512vl	control	empty	1024	throughput	0	2000000	2360341	12002845	30000319	18066353101	18066353101
keccak1600-avx512vl-rust	keccak1600-avx512vl	control	empty	1024	latency	0	2000000	2806099	14003932	34000322	18069162088	18069162088
keccak1600-avx512vl-rust	keccak1600-avx512vl	runtime	shared	4096	throughput	0	5642	29611906	149668838	507345921	18098777412	18098777412
keccak1600-avx512vl-rust	keccak1600-avx512vl	runtime	shared	4096	latency	0	5765	30068874	153197247	518417979	18128849416	18128849416
keccak1600-avx512vl-rust	keccak1600-avx512vl	fixed	shared	4096	throughput	0	5748	29903384	152445321	516768545	18158751960	18158751960
keccak1600-avx512vl-rust	keccak1600-avx512vl	fixed	shared	4096	latency	0	5763	30005604	153060184	518128632	18188755563	18188755563
keccak1600-avx512vl-rust	keccak1600-avx512vl	runtime	stack	4096	throughput	0	5859	29849904	152497548	521697432	18218608447	18218608447
keccak1600-avx512vl-rust	keccak1600-avx512vl	runtime	stack	4096	latency	0	5908	30159824	154009255	526072310	18248771340	18248771340
keccak1600-avx512vl-rust	keccak1600-avx512vl	fixed	stack	4096	throughput	0	5880	30162014	154015435	519063236	18278929273	18278929273
keccak1600-avx512vl-rust	keccak1600-avx512vl	fixed	stack	4096	latency	0	5868	30132704	153928517	518015660	18309065186	18309065186
keccak1600-avx512vl-rust	keccak1600-avx512vl	runtime	asm	4096	throughput	0	5250	29718156	152641190	333427849	18338781729	18338781729
keccak1600-avx512vl-rust	keccak1600-avx512vl	runtime	asm	4096	latency	0	5293	29993674	154224794	336169370	18368778512	18368778512
keccak1600-avx512vl-rust	keccak1600-avx512vl	fixed	asm	4096	throughput	0	5323	30078524	154498805	337856493	18398860155	18398860155
keccak1600-avx512vl-rust	keccak1600-avx512vl	fixed	asm	4096	latency	0	5273	29830715	153424019	334693481	18428694009	18428694009
keccak1600-avx512vl-rust	keccak1600-avx512vl	runtime	stack	4096	throughput	1	5941	30298134	154648734	528998878	18458995282	18458995282
keccak1600-avx512vl-rust	keccak1600-avx512vl	runtime	stack	4096	latency	1	5834	29770155	152079893	519483048	18488768436	18488768436
keccak1600-avx512vl-rust	keccak1600-avx512vl	fixed	stack	4096	throughput	1	5879	30143134	153981079	518974960	18518914720	18518914720
keccak1600-avx512vl-rust	keccak1600-avx512vl	fixed	stack	4096	latency	1	5867	30121894	153879610	517927379	18549042963	18549042963
keccak1600-avx512vl-rust	keccak1600-avx512vl	runtime	asm	4096	throughput	1	5292	29994054	153935718	336095274	18579030796	18579030796
keccak1600-avx512vl-rust	keccak1600-avx512vl	runtime	asm	4096	latency	1	5275	29773495	153611179	335026154	18608807389	18608807389
keccak1600-avx512vl-rust	keccak1600-avx512vl	fixed	asm	4096	throughput	1	5303	29885475	154116332	336587072	18638690212	18638690212
keccak1600-avx512vl-rust	keccak1600-avx512vl	fixed	asm	4096	latency	1	5316	29943815	154474848	337422816	18668637645	18668637645
keccak1600-avx512vl-rust	keccak1600-avx512vl	runtime	shared	4096	throughput	1	5861	30408773	155420098	527039061	18699040428	18699040428
keccak1600-avx512vl-rust	keccak1600-avx512vl	runtime	shared	4096	latency	1	5793	30105414	153968944	520935876	18729149131	18729149131
keccak1600-avx512vl-rust	keccak1600-avx512vl	fixed	shared	4096	throughput	1	5809	30154514	154005830	522252691	18759302035	18759302035
keccak1600-avx512vl-rust	keccak1600-avx512vl	fixed	shared	4096	latency	1	5796	30136973	153939516	521095532	18789442148	18789442148
keccak1600-avx512vl-rust	keccak1600-avx512vl	runtime	asm	4096	throughput	2	5277	29872845	153446930	335142626	18819309502	18819309502
keccak1600-avx512vl-rust	keccak1600-avx512vl	runtime	asm	4096	latency	2	5321	30041704	154924964	337947704	18849354245	18849354245
keccak1600-avx512vl-rust	keccak1600-avx512vl	fixed	asm	4096	throughput	2	5300	29933985	153984628	336396655	18879291488	18879291488
keccak1600-avx512vl-rust	keccak1600-avx512vl	fixed	asm	4096	latency	2	5351	30145534	155427536	339644375	18909435351	18909435351
keccak1600-avx512vl-rust	keccak1600-avx512vl	runtime	shared	4096	throughput	2	5797	30066014	153726056	521283986	18939504544	18939504544
keccak1600-avx512vl-rust	keccak1600-avx512vl	runtime	shared	4096	latency	2	5793	30477752	154008406	520935883	18969669617	18969669617
keccak1600-avx512vl-rust	keccak1600-avx512vl	fixed	shared	4096	throughput	2	5802	30109164	153801228	521623365	18999782440	18999782440
keccak1600-avx512vl-rust	keccak1600-avx512vl	fixed	shared	4096	latency	2	5744	29881295	152596071	516420422	19029662123	19029662123
keccak1600-avx512vl-rust	keccak1600-avx512vl	runtime	stack	4096	throughput	2	5914	30127124	153935390	526594744	19059792346	19059792346
keccak1600-avx512vl-rust	keccak1600-avx512vl	runtime	stack	4096	latency	2	5853	29876645	152565082	521174889	19089667569	19089667569
keccak1600-avx512vl-rust	keccak1600-avx512vl	fixed	stack	4096	throughput	2	5877	30147994	154022713	518798408	19119818792	19119818792
keccak1600-avx512vl-rust	keccak1600-avx512vl	fixed	stack	4096	latency	2	5868	30144554	153908655	518015666	19149957925	19149957925
keccak1600-avx512vl-rust	keccak1600-avx512vl	runtime	shared	4096	throughput	3	5804	30128994	153893411	521913447	19180089998	19180089998
keccak1600-avx512vl-rust	keccak1600-avx512vl	runtime	shared	4096	latency	3	5650	29387047	150138936	508076604	19209480082	19209480082
keccak1600-avx512vl-rust	keccak1600-avx512vl	fixed	shared	4096	throughput	3	5803	30119784	153860870	521713267	19239602915	19239602915
keccak1600-avx512vl-rust	keccak1600-avx512vl	fixed	shared	4096	latency	3	5792	30119584	153845313	520735908	19269725658	19269725658
keccak1600-avx512vl-rust	keccak1600-avx512vl	runtime	stack	4096	throughput	3	5902	30078564	153635367	525526242	19299807331	19299807331
keccak1600-avx512vl-rust	keccak1600-avx512vl	runtime	stack	4096	latency	3	5907	30148023	153953969	525983264	19329953005	19329953005
keccak1600-avx512vl-rust	keccak1600-avx512vl	fixed	stack	4096	throughput	3	5828	29887515	152698819	514472878	19359843559	19359843559
keccak1600-avx512vl-rust	keccak1600-avx512vl	fixed	stack	4096	latency	3	5813	29863045	152468306	513160372	19389704573	19389704573
keccak1600-avx512vl-rust	keccak1600-avx512vl	runtime	asm	4096	throughput	3	5293	29933485	153763940	336158787	19419641187	19419641187
keccak1600-avx512vl-rust	keccak1600-avx512vl	runtime	asm	4096	latency	3	5230	29680816	152430988	332168114	19449320601	19449320601
keccak1600-avx512vl-rust	keccak1600-avx512vl	fixed	asm	4096	throughput	3	5278	29861095	153382591	335000295	19479184805	19479184805
keccak1600-avx512vl-rust	keccak1600-avx512vl	fixed	asm	4096	latency	3	5346	30123454	155306977	339327013	19509311399	19509311399
keccak1600-avx512vl-rust	keccak1600-avx512vl	runtime	stack	4096	throughput	4	5767	29406007	150102702	513505568	19538715693	19538715693
keccak1600-avx512vl-rust	keccak1600-avx512vl	runtime	stack	4096	latency	4	5907	30139744	153961130	525983265	19568858566	19568858566
keccak1600-avx512vl-rust	keccak1600-avx512vl	fixed	stack	4096	throughput	4	5878	30160624	154037942	518886683	19599015549	19599015549
keccak1600-avx512vl-rust	keccak1600-avx512vl	fixed	stack	4096	latency	4	5800	29776935	152093148	512012752	19628795703	19628795703
keccak1600-avx512vl-rust	keccak1600-avx512vl	runtime	asm	4096	throughput	4	5226	29533817	151896886	331903609	19658332826	19658332826
keccak1600-avx512vl-rust	keccak1600-avx512vl	runtime	asm	4096	latency	4	5296	29877195	154091753	336359909	19688213119	19688213119
keccak1600-avx512vl-rust	keccak1600-avx512vl	fixed	asm	4096	throughput	4	5350	30136964	155334531	339570208	19718349602	19718349602
keccak1600-avx512vl-rust	keccak1600-avx512vl	fixed	asm	4096	latency	4	5263	29718515	152880111	334058750	19748071355	19748071355
keccak1600-avx512vl-rust	keccak1600-avx512vl	runtime	shared	4096	throughput	4	5850	30342243	155122547	526049896	19778416798	19778416798
keccak1600-avx512vl-rust	keccak1600-avx512vl	runtime	shared	4096	latency	4	5725	29820675	152158812	514820972	19808240802	19808240802
keccak1600-avx512vl-rust	keccak1600-avx512vl	fixed	shared	4096	throughput	4	5806	30138173	153880895	521982969	19838382345	19838382345
keccak1600-avx512vl-rust	keccak1600-avx512vl	fixed	shared	4096	latency	4	5700	29658646	151376075	512464550	19868044599	19868044599
keccak1600-avx512vl-rust	keccak1600-avx512vl	control	empty	4096	throughput	0	2000000	2365051	12002343	30000319	19870413337	19870413337
keccak1600-avx512vl-rust	keccak1600-avx512vl	control	empty	4096	latency	0	2000000	2805319	14049910	34000321	19873221604	19873221604
keccak1600-avx512vl-rust	keccak1600-avx512vl	runtime	shared	16384	throughput	0	1460	29747815	150986090	511813572	19902972667	19902972667
keccak1600-avx512vl-rust	keccak1600-avx512vl	runtime	shared	16384	latency	0	1482	30084954	153396431	519528788	19933060910	19933060910
keccak1600-avx512vl-rust	keccak1600-avx512vl	fixed	shared	16384	throughput	0	1482	30351164	153238189	519497674	19963093903	19963093903
keccak1600-avx512vl-rust	keccak1600-avx512vl	fixed	shared	16384	latency	0	1483	30049154	153408703	519851169	19993146436	19993146436
keccak1600-avx512vl-rust	keccak1600-avx512vl	runtime	stack	16384	throughput	0	1511	30046494	153408646	524967083	20023196259	20023196259
keccak1600-avx512vl-rust	keccak1600-avx512vl	runtime	stack	16384	latency	0	1503	29897685	152631339	522190645	20053097422	20053097422
keccak1600-avx512vl-rust	keccak1600-avx512vl	fixed	stack	16384	throughput	0	1498	30076824	153389195	520630249	20083177885	20083177885
keccak1600-avx512vl-rust	keccak1600-avx512vl	fixed	stack	16384	latency	0	1475	29705935	151154142	512639547	20112887268	20112887268
keccak1600-avx512vl-rust	keccak1600-avx512vl	runtime	asm	16384	throughput	0	1355	29934895	153379183	334953641	20142819191	20142819191
keccak1600-avx512vl-rust	keccak1600-avx512vl	runtime	asm	16384	latency	0	1363	29952415	154299998	336933945	20172774995	20172774995
keccak1600-avx512vl-rust	keccak1600-avx512vl	fixed	asm	16384	throughput	0	1351	29794835	152890120	333914856	20202573169	20202573169
keccak1600-avx512vl-rust	keccak1600-avx512vl	fixed	asm	16384	latency	0	1368	30162334	154809917	338119327	20232739332	20232739332
keccak1600-avx512vl-rust	keccak1600-avx512vl	runtime	stack	16384	throughput	1	1511	30073794	153487528	524967080	20262807165	20262807165
keccak1600-avx512vl-rust	keccak1600-avx512vl	runtime	stack	16384	latency	1	1507	29977814	153100258	523580375	20292788128	20292788128
keccak1600-avx512vl-rust	keccak1600-avx512vl	fixed	stack	16384	throughput	1	1499	30119934	153620610	520977804	20322911121	20322911121
keccak1600-avx512vl-rust	keccak1600-avx512vl	fixed	stack	16384	latency	1	1491	29990564	152816157	518200388	20352904725	20352904725
keccak1600-avx512vl-rust	keccak1600-avx512vl	runtime	asm	16384	throughput	1	1346	29706166	152296017	332728861	20382614059	20382614059
keccak1600-avx512vl-rust	keccak1600-avx512vl	runtime	asm	16384	latency	1	1359	29822745	153822518	335945154	20412440003	20412440003
keccak1600-avx512vl-rust	keccak1600-avx512vl	fixed	asm	16384	throughput	1	1364	29919305	154334009	337127955	20442362436	20442362436
keccak1600-avx512vl-rust	keccak1600-avx512vl	fixed	asm	16384	latency	1	1370	30119584	154987402	338613666	20472485399	20472485399
keccak1600-avx512vl-rust	keccak1600-avx512vl	runtime	shared	16384	throughput	1	1500	30370283	155057780	525835860	20502851262	20502851262
keccak1600-avx512vl-rust	keccak1600-avx512vl	runtime	shared	16384	latency	1	1483	30053244	153436355	519879345	20532907865	20532907865
keccak1600-avx512vl-rust	keccak1600-avx512vl	fixed	shared	16384	throughput	1	1485	30068854	153541084	520549287	20562972248	20562972248
keccak1600-avx512vl-rust	keccak1600-avx512vl	fixed	shared	16384	latency	1	1480	29979185	153102594	518799552	20592954621	20592954621
keccak1600-avx512vl-rust	keccak1600-avx512vl	runtime	asm	16384	throughput	2	1351	29778615	152971040	333964854	20622729924	20622729924
keccak1600-avx512vl-rust	keccak1600-avx512vl	runtime	asm	16384	latency	2	1365	29953345	154494498	337428350	20652686527	20652686527
keccak1600-avx512vl-rust	keccak1600-avx512vl	fixed	asm	16384	throughput	2	1364	29950585	154282744	337127960	20682635331	20682635331
keccak1600-avx512vl-rust	keccak1600-avx512vl	fixed	asm	16384	latency	2	1368	30046094	154760206	338119334	20712684774	20712684774
keccak1600-avx512vl-rust	keccak1600-avx512vl	runtime	shared	16384	throughput	2	1489	30119074	153943802	521979722	20742802257	20742802257
keccak1600-avx512vl-rust	keccak1600-avx512vl	runtime	shared	16384	latency	2	1479	29948794	152998325	518477112	20772754180	20772754180
keccak1600-avx512vl-rust	keccak1600-avx512vl	fixed	shared	16384	throughput	2	1484	30088634	153494763	520198750	20802836313	20802836313
keccak1600-avx512vl-rust	keccak1600-avx512vl	fixed	shared	16384	latency	2	1484	30177204	154145459	520201716	20833018187	20833018187
keccak1600-avx512vl-rust	keccak1600-avx512vl	runtime	stack	16384	throughput	2	1504	29975105	152872999	522535072	20862999390	20862999390
keccak1600-avx512vl-rust	keccak1600-avx512vl	runtime	stack	16384	latency	2	1510	30110624	153380989	524622677	20893114323	20893114323
keccak1600-avx512vl-rust	keccak1600-avx512vl	fixed	stack	16384	throughput	2	1476	30251554	151341165	512984154	20923038696	20923038696
keccak1600-avx512vl-rust	keccak1600-avx512vl	fixed	stack	16384	latency	2	1484	30264653	152223254	515767525	20953307340	20953307340
keccak1600-avx512vl-rust	keccak1600-avx512vl	runtime	shared	16384	throughput	3	1460	29826896	150946449	511813573	20983129494	20983129494
keccak1600-avx512vl-rust	keccak1600-avx512vl	runtime	shared	16384	latency	3	1476	29983075	152729669	517425439	21013115637	21013115637
keccak1600-avx512vl-rust	keccak1600-avx512vl	fixed	shared	16384	throughput	3	1482	30039775	153247733	519497672	21043152670	21043152670
keccak1600-avx512vl-rust	keccak1600-avx512vl	fixed	shared	16384	latency	3	1479	29997404	153079076	518449017	21073153173	21073153173
keccak1600-avx512vl-rust	keccak1600-avx512vl	runtime	stack	16384	throughput	3	1509	30006944	153277541	524272225	21103163316	21103163316
keccak1600-avx512vl-rust	keccak1600-avx512vl	runtime	stack	16384	latency	3	1511	30063734	153567725	524970107	21133230129	21133230129
keccak1600-avx512vl-rust	keccak1600-avx512vl	fixed	stack	16384	throughput	3	1488	29952364	152481517	517154752	21163186133	21163186133
keccak1600-avx512vl-rust	keccak1600-avx512vl	fixed	stack	16384	latency	3	1488	29868165	152567497	517157733	21193058437	21193058437
keccak1600-avx512vl-rust	keccak1600-avx512vl	runtime	asm	16384	throughput	3	1352	29849135	153120124	334212047	21222910991	21222910991
keccak1600-avx512vl-rust	keccak1600-avx512vl	runtime	asm	16384	latency	3	1362	29971804	154339413	336686758	21252886614	21252886614
keccak1600-avx512vl-rust	keccak1600-avx512vl	fixed	asm	16384	throughput	3	1369	30126964	154841184	338363766	21283016867	21283016867
keccak1600-avx512vl-rust	keccak1600-avx512vl	fixed	asm	16384	latency	3	1362	29963335	154097054	336636364	21312983431	21312983431
keccak1600-avx512vl-rust	keccak1600-avx512vl	runtime	stack	16384	throughput	4	1522	30252843	154594977	528788816	21343239444	21343239444
keccak1600-avx512vl-rust	keccak1600-avx512vl	runtime	stack	16384	latency	4	1502	29882645	152549757	521843215	21373130147	21373130147
keccak1600-avx512vl-rust	keccak1600-avx512vl	fixed	stack	16384	throughput	4	1498	30140514	153464658	520630252	21403274030	21403274030
keccak1600-avx512vl-rust	keccak1600-avx512vl	fixed	stack	16384	latency	4	1476	29690026	151284578	512987100	21432967653	21432967653
keccak1600-avx512vl-rust	keccak1600-avx512vl	runtime	asm	16384	throughput	4	1355	29907675	153337316	334953644	21462878956	21462878956
keccak1600-avx512vl-rust	keccak1600-avx512vl	runtime	asm	16384	latency	4	1363	30077184	154319366	336933957	21492951609	21492951609
keccak1600-avx512vl-rust	keccak1600-avx512vl	fixed	asm	16384	throughput	4	1358	29893265	153680643	335644994	21522848083	21522848083
keccak1600-avx512vl-rust	keccak1600-avx512vl	fixed	asm	16384	latency	4	1356	29811425	153314948	335153378	21552662617	21552662617
keccak1600-avx512vl-rust	keccak1600-avx512vl	runtime	shared	16384	throughput	4	1490	30130224	153996635	522330285	21582796190	21582796190
keccak1600-avx512vl-rust	keccak1600-avx512vl	runtime	shared	16384	latency	4	1478	29951054	152944936	518126560	21612746163	21612746163
keccak1600-avx512vl-rust	keccak1600-avx512vl	fixed	shared	16384	throughput	4	1484	30034504	153426180	520198742	21642783756	21642783756
keccak1600-avx512vl-rust	keccak1600-avx512vl	fixed	shared	16384	latency	4	1483	30036054	153408183	519851169	21672823039	21672823039
keccak1600-avx512vl-rust	keccak1600-avx512vl	control	empty	16384	throughput	0	2000000	2354801	12015157	30000318	21675180947	21675180947
keccak1600-avx512vl-rust	keccak1600-avx512vl	control	empty	16384	latency	0	2000000	2794849	14001839	34000321	21677978684	21677978684
keccak1600-avx512vl-rust	keccak1600-avx512vl	runtime	shared	131072	throughput	0	184	29802995	151605956	513707376	21707785837	21707785837
keccak1600-avx512vl-rust	keccak1600-avx512vl	runtime	shared	131072	latency	0	186	29994514	153201993	519291526	21737784410	21737784410
keccak1600-avx512vl-rust	keccak1600-avx512vl	fixed	shared	131072	throughput	0	185	29981555	152339172	516495748	21767770674	21767770674
keccak1600-avx512vl-rust	keccak1600-avx512vl	fixed	shared	131072	latency	0	186	30062794	153205868	519287991	21797837888	21797837888
keccak1600-avx512vl-rust	keccak1600-avx512vl	runtime	stack	131072	throughput	0	189	29995714	152815442	523092441	21827839422	21827839422
keccak1600-avx512vl-rust	keccak1600-avx512vl	runtime	stack	131072	latency	0	188	29775636	152084472	520325135	21857618756	21857618756
keccak1600-avx512vl-rust	keccak1600-avx512vl	fixed	stack	131072	throughput	0	190	29892175	152679583	521651624	21887514819	21887514819
keccak1600-avx512vl-rust	keccak1600-avx512vl	fixed	stack	131072	latency	0	190	29908395	152725506	521652004	21917422872	21917422872
keccak1600-avx512vl-rust	keccak1600-avx512vl	runtime	asm	131072	throughput	0	170	29870485	153198086	334519717	21947297635	21947297635
keccak1600-avx512vl-rust	keccak1600-avx512vl	runtime	asm	131072	latency	0	170	29848205	153124088	334520062	21977142628	21977142628
keccak1600-avx512vl-rust	keccak1600-avx512vl	fixed	asm	131072	throughput	0	171	29967864	154061094	336481670	22007114971	22007114971
keccak1600-avx512vl-rust	keccak1600-avx512vl	fixed	asm	131072	latency	0	171	30119974	153969700	336482011	22037240115	22037240115
keccak1600-avx512vl-rust	keccak1600-avx512vl	runtime	stack	131072	throughput	1	188	29781765	152031930	520324760	22067027479	22067027479
keccak1600-avx512vl-rust	keccak1600-avx512vl	runtime	stack	131072	latency	1	189	29955334	152872443	523092822	22096986942	22096986942
keccak1600-avx512vl-rust	keccak1600-avx512vl	fixed	stack	131072	throughput	1	190	30008914	152622338	521651621	22127000535	22127000535
keccak1600-avx512vl-rust	keccak1600-avx512vl	fixed	stack	131072	latency	1	190	29988755	152661043	521651997	22156993038	22156993038
keccak1600-avx512vl-rust	keccak1600-avx512vl	runtime	asm	131072	throughput	1	170	29840465	153273791	334519724	22186837192	22186837192
keccak1600-avx512vl-rust	keccak1600-avx512vl	runtime	asm	131072	latency	1	170	29844655	153190877	334520060	22216686196	22216686196
keccak1600-avx512vl-rust	keccak1600-avx512vl	fixed	asm	131072	throughput	1	171	29988535	154034320	336481674	22246667380	22246667380
keccak1600-avx512vl-rust	keccak1600-avx512vl	fixed	asm	131072	latency	1	171	29988194	154013969	336482009	22276646494	22276646494
keccak1600-avx512vl-rust	keccak1600-avx512vl	runtime	shared	131072	throughput	1	186	29991225	153180676	519291149	22306641527	22306641527
keccak1600-avx512vl-rust	keccak1600-avx512vl	runtime	shared	131072	latency	1	186	29993155	153173212	519291523	22336632510	22336632510
keccak1600-avx512vl-rust	keccak1600-avx512vl	fixed	shared	131072	throughput	1	186	30019674	153160398	519287618	22366650653	22366650653
keccak1600-avx512vl-rust	keccak1600-avx512vl	fixed	shared	131072	latency	1	186	30019685	153198833	519287990	22396673946	22396673946
keccak1600-avx512vl-rust	keccak1600-avx512vl	runtime	asm	131072	throughput	2	170	29833555	153199252	334519725	22426498410	22426498410
keccak1600-avx512vl-rust	keccak1600-avx512vl	runtime	asm	131072	latency	2	171	29946155	154183046	336487825	22456448354	22456448354
keccak1600-avx512vl-rust	keccak1600-avx512vl	fixed	asm	131072	throughput	2	171	29987355	154004255	336481668	22486439508	22486439508
keccak1600-avx512vl-rust	keccak1600-avx512vl	fixed	asm	131072	latency	2	171	29959294	153930149	336482012	22516403421	22516403421
keccak1600-avx512vl-rust	keccak1600-avx512vl	runtime	shared	131072	throughput	2	186	30021174	153175412	519291153	22546399584	22546399584
keccak1600-avx512vl-rust	keccak1600-avx512vl	runtime	shared	131072	latency	2	186	29992315	153197554	519291524	22576395247	22576395247
keccak1600-avx512vl-rust	keccak1600-avx512vl	fixed	shared	131072	throughput	2	185	29850225	152358025	516495743	22606248920	22606248920
keccak1600-avx512vl-rust	keccak1600-avx512vl	fixed	shared	131072	latency	2	185	29873215	152354737	516496114	22636112873	22636112873
keccak1600-avx512vl-rust	keccak1600-avx512vl	runtime	stack	131072	throughput	2	189	29942075	152855795	523092433	22666058616	22666058616
keccak1600-avx512vl-rust	keccak1600-avx512vl	runtime	stack	131072	latency	2	189	29965265	152860369	523092817	22696027869	22696027869
keccak1600-avx512vl-rust	keccak1600-avx512vl	fixed	stack	131072	throughput	2	190	29909585	152642298	521651624	22725941272	22725941272
keccak1600-avx512vl-rust	keccak1600-avx512vl	fixed	stack	131072	latency	2	190	29897445	152664892	521652003	22755842746	22755842746
keccak1600-avx512vl-rust	keccak1600-avx512vl	runtime	shared	131072	throughput	3	185	29877875	152355126	516499255	22785724280	22785724280
keccak1600-avx512vl-rust	keccak1600-avx512vl	runtime	shared	131072	latency	3	185	29865864	152358049	516499634	22815584593	22815584593
keccak1600-avx512vl-rust	keccak1600-avx512vl	fixed	shared	131072	throughput	3	185	29837605	152333020	516495748	22845425696	22845425696
keccak1600-avx512vl-rust	keccak1600-avx512vl	fixed	shared	131072	latency	3	185	29863185	152384063	516496123	22875292549	22875292549
keccak1600-avx512vl-rust	keccak1600-avx512vl	runtime	stack	131072	throughput	3	189	29983295	152864217	523092445	22905272012	22905272012
keccak1600-avx512vl-rust	keccak1600-avx512vl	runtime	stack	131072	latency	3	189	29933054	152873387	523092819	22935209606	22935209606
keccak1600-avx512vl-rust	keccak1600-avx512vl	fixed	stack	131072	throughput	3	190	29908275	152648852	521651624	22965121520	22965121520
keccak1600-avx512vl-rust	keccak1600-avx512vl	fixed	stack	131072	latency	3	190	29982675	152664809	521652002	22995102614	22995102614
keccak1600-avx512vl-rust	keccak1600-avx512vl	runtime	asm	131072	throughput	3	170	29843245	153192366	334519719	23024949878	23024949878
keccak1600-avx512vl-rust	keccak1600-avx512vl	runtime	asm	131072	latency	3	170	29937965	153116251	334520065	23054891702	23054891702
keccak1600-avx512vl-rust	keccak1600-avx512vl	fixed	asm	131072	throughput	3	170	29796365	153118569	334513941	23084691426	23084691426
keccak1600-avx512vl-rust	keccak1600-avx512vl	fixed	asm	131072	latency	3	170	29858224	153094465	334514282	23114553040	23114553040
keccak1600-avx512vl-rust	keccak1600-avx512vl	runtime	stack	131072	throughput	4	189	29945394	152813726	523092440	23144502064	23144502064
keccak1600-avx512vl-rust	keccak1600-avx512vl	runtime	stack	131072	latency	4	189	29963824	152829248	523092815	23174470008	23174470008
keccak1600-avx512vl-rust	keccak1600-avx512vl	fixed	stack	131072	throughput	4	190	29916564	152652587	521651615	23204391402	23204391402
keccak1600-avx512vl-rust	keccak1600-avx512vl	fixed	stack	131072	latency	4	190	29962464	152668761	521652003	23234357815	23234357815
keccak1600-avx512vl-rust	keccak1600-avx512vl	runtime	asm	131072	throughput	4	170	29883305	153226728	334519724	23264224289	23264224289
keccak1600-avx512vl-rust	keccak1600-avx512vl	runtime	asm	131072	latency	4	171	30057324	154122200	336487822	23294286073	23294286073
keccak1600-avx512vl-rust	keccak1600-avx512vl	fixed	asm	131072	throughput	4	170	29856425	153129617	334513933	23324146497	23324146497
keccak1600-avx512vl-rust	keccak1600-avx512vl	fixed	asm	131072	latency	4	170	29847005	153156049	334514288	23353991241	23353991241
keccak1600-avx512vl-rust	keccak1600-avx512vl	runtime	shared	131072	throughput	4	186	30002745	153192849	519291142	23383998224	23383998224
keccak1600-avx512vl-rust	keccak1600-avx512vl	runtime	shared	131072	latency	4	186	29988644	153181779	519291519	23413990947	23413990947
keccak1600-avx512vl-rust	keccak1600-avx512vl	fixed	shared	131072	throughput	4	186	30156053	153226393	519287615	23444150230	23444150230
keccak1600-avx512vl-rust	keccak1600-avx512vl	fixed	shared	131072	latency	4	185	29890705	152375056	516496122	23474045244	23474045244
keccak1600-avx512vl-rust	keccak1600-avx512vl	control	empty	131072	throughput	0	2000000	2367251	12002795	30000320	23476415702	23476415702
keccak1600-avx512vl-rust	keccak1600-avx512vl	control	empty	131072	latency	0	2000000	2804059	14003531	34000321	23479222829	23479222829
