backend	asm_backend	shape	implementation	bytes	mode	repeat	iterations	ns	cycles	instructions	enabled	running
keccak1600-avx2-rust	keccak1600-x86_64	runtime	shared	0	throughput	0	151539	29834284	152208213	402184860	29838763	29838763
keccak1600-avx2-rust	keccak1600-x86_64	runtime	shared	0	latency	0	144252	29928514	153573059	382989417	59770637	59770637
keccak1600-avx2-rust	keccak1600-x86_64	fixed	shared	0	throughput	0	154713	30035483	154125169	407669111	89809360	89809360
keccak1600-avx2-rust	keccak1600-x86_64	fixed	shared	0	latency	0	146901	30082223	154329686	387231397	119888023	119888023
keccak1600-avx2-rust	keccak1600-x86_64	runtime	stack	0	throughput	0	149068	29975684	153923309	388918766	149866937	149866937
keccak1600-avx2-rust	keccak1600-x86_64	runtime	stack	0	latency	0	147013	30324452	155668061	383704290	180189080	180189080
keccak1600-avx2-rust	keccak1600-x86_64	fixed	stack	0	throughput	0	158154	30169833	154759897	398073971	210362093	210362093
keccak1600-avx2-rust	keccak1600-x86_64	fixed	stack	0	latency	0	152623	30073894	154358682	384305068	240434186	240434186
keccak1600-avx2-rust	keccak1600-x86_64	runtime	asm	0	throughput	0	149184	31369798	155151902	756064869	271807048	271807048
keccak1600-avx2-rust	keccak1600-x86_64	runtime	asm	0	latency	0	140453	30148513	150767753	711956613	301958691	301958691
keccak1600-avx2-rust	keccak1600-x86_64	fixed	asm	0	throughput	0	147363	30387452	151506516	740352068	332349324	332349324
keccak1600-avx2-rust	keccak1600-x86_64	fixed	asm	0	latency	0	141176	30139373	150887980	709409756	362491957	362491957
keccak1600-avx2-rust	keccak1600-x86_64	runtime	stack	0	throughput	1	145785	29680235	150719000	380353420	392175301	392175301
keccak1600-avx2-rust	keccak1600-x86_64	runtime	stack	0	latency	1	145564	30181693	154507379	379922395	422360054	422360054
keccak1600-avx2-rust	keccak1600-x86_64	fixed	stack	0	throughput	1	156991	29884433	153632739	395146698	452247467	452247467
keccak1600-avx2-rust	keccak1600-x86_64	fixed	stack	0	latency	1	153232	30117933	154955247	385838529	482368451	482368451
keccak1600-avx2-rust	keccak1600-x86_64	runtime	asm	0	throughput	1	149300	31369448	155471367	756652748	513741163	513741163
keccak1600-avx2-rust	keccak1600-x86_64	runtime	asm	0	latency	1	140865	30199843	151244632	714045042	543944326	543944326
keccak1600-avx2-rust	keccak1600-x86_64	fixed	asm	0	throughput	1	147465	30353912	151935578	740864510	574301519	574301519
keccak1600-avx2-rust	keccak1600-x86_64	fixed	asm	0	latency	1	142327	30443902	152398718	715193525	604749562	604749562
keccak1600-avx2-rust	keccak1600-x86_64	runtime	shared	0	throughput	1	149882	29664534	150580192	397787175	634418535	634418535
keccak1600-avx2-rust	keccak1600-x86_64	runtime	shared	0	latency	1	144252	30001474	153586994	382989408	664423569	664423569
keccak1600-avx2-rust	keccak1600-x86_64	fixed	shared	0	throughput	1	154713	30022033	154137054	407669109	694449072	694449072
keccak1600-avx2-rust	keccak1600-x86_64	fixed	shared	0	latency	1	146901	30025713	154339309	387231388	724478685	724478685
keccak1600-avx2-rust	keccak1600-x86_64	runtime	asm	0	throughput	2	149882	31461148	155722619	759602338	755937567	755937567
keccak1600-avx2-rust	keccak1600-x86_64	runtime	asm	0	latency	2	140556	30208913	151207471	712478711	786149880	786149880
keccak1600-avx2-rust	keccak1600-x86_64	fixed	asm	0	throughput	2	147250	30348523	151545097	739784357	816501853	816501853
keccak1600-avx2-rust	keccak1600-x86_64	fixed	asm	0	latency	2	141186	30101203	150680369	709460002	846606406	846606406
keccak1600-avx2-rust	keccak1600-x86_64	runtime	shared	0	throughput	2	149765	29624005	150468070	397476663	876234070	876234070
keccak1600-avx2-rust	keccak1600-x86_64	runtime	shared	0	latency	2	144252	29994324	153567773	382989414	906232263	906232263
keccak1600-avx2-rust	keccak1600-x86_64	fixed	shared	0	throughput	2	155214	30122943	154636472	408989243	936358516	936358516
keccak1600-avx2-rust	keccak1600-x86_64	fixed	shared	0	latency	2	147013	29982973	154454179	387526625	966344560	966344560
keccak1600-avx2-rust	keccak1600-x86_64	runtime	stack	0	throughput	2	150000	30176533	154985591	391350358	996524143	996524143
keccak1600-avx2-rust	keccak1600-x86_64	runtime	stack	0	latency	2	146230	30167493	155043658	381660657	1026694846	1026694846
keccak1600-avx2-rust	keccak1600-x86_64	fixed	stack	0	throughput	2	157248	29973973	153887325	395793569	1056671879	1056671879
keccak1600-avx2-rust	keccak1600-x86_64	fixed	stack	0	latency	2	152623	30084413	154360017	384305071	1086755073	1086755073
keccak1600-avx2-rust	keccak1600-x86_64	runtime	shared	0	throughput	3	153600	30044473	154251837	407654754	1116802616	1116802616
keccak1600-avx2-rust	keccak1600-x86_64	runtime	shared	0	latency	3	145015	30071964	154384812	385015180	1146877659	1146877659
keccak1600-avx2-rust	keccak1600-x86_64	fixed	shared	0	throughput	3	155214	30121863	154670343	408989248	1177002532	1177002532
keccak1600-avx2-rust	keccak1600-x86_64	fixed	shared	0	latency	3	146901	30065964	154326046	387231394	1207071546	1207071546
keccak1600-avx2-rust	keccak1600-x86_64	runtime	stack	0	throughput	3	150234	30230232	155216086	391960855	1237304959	1237304959
keccak1600-avx2-rust	keccak1600-x86_64	runtime	stack	0	latency	3	146341	30137863	155082601	381950363	1267446062	1267446062
keccak1600-avx2-rust	keccak1600-x86_64	fixed	stack	0	throughput	3	157764	30071253	154396741	397092335	1297520845	1297520845
keccak1600-avx2-rust	keccak1600-x86_64	fixed	stack	0	latency	3	152501	29965554	154246341	383997873	1327479278	1327479278
keccak1600-avx2-rust	keccak1600-x86_64	runtime	asm	0	throughput	3	149882	31467917	155847280	759602332	1358950370	1358950370
keccak1600-avx2-rust	keccak1600-x86_64	runtime	asm	0	latency	3	141176	30385712	152157798	715621494	1389339373	1389339373
keccak1600-avx2-rust	keccak1600-x86_64	fixed	asm	0	throughput	3	147352	30307773	151804556	740296802	1419650466	1419650466
keccak1600-avx2-rust	keccak1600-x86_64	fixed	asm	0	latency	3	142327	30280773	151637119	715193521	1449934739	1449934739
keccak1600-avx2-rust	keccak1600-x86_64	runtime	stack	0	throughput	4	146007	29704584	150916131	380932618	1479642643	1479642643
keccak1600-avx2-rust	keccak1600-x86_64	runtime	stack	0	latency	4	145564	30142233	154308786	379922386	1509788226	1509788226
keccak1600-avx2-rust	keccak1600-x86_64	fixed	stack	0	throughput	4	156991	29901474	153629032	395146694	1539692989	1539692989
keccak1600-avx2-rust	keccak1600-x86_64	fixed	stack	0	latency	4	153232	30091493	154984900	385838525	1569787683	1569787683
keccak1600-avx2-rust	keccak1600-x86_64	runtime	asm	0	throughput	4	150470	31674317	156603702	762582320	1601458974	1601458974
keccak1600-avx2-rust	keccak1600-x86_64	runtime	asm	0	latency	4	141280	30272982	151585558	716148678	1631735208	1631735208
keccak1600-avx2-rust	keccak1600-x86_64	fixed	asm	0	throughput	4	147352	30417382	152174659	740296802	1662155910	1662155910
keccak1600-avx2-rust	keccak1600-x86_64	fixed	asm	0	latency	4	141592	30113823	150836278	711500153	1692273304	1692273304
keccak1600-avx2-rust	keccak1600-x86_64	runtime	shared	0	throughput	4	149882	29657685	150589618	397787178	1721934407	1721934407
keccak1600-avx2-rust	keccak1600-x86_64	runtime	shared	0	latency	4	144252	29981583	153585362	382989416	1751919391	1751919391
keccak1600-avx2-rust	keccak1600-x86_64	fixed	shared	0	throughput	4	154838	30017404	154234557	407998485	1781935854	1781935854
keccak1600-avx2-rust	keccak1600-x86_64	fixed	shared	0	latency	4	147578	30071114	155039606	389015964	1812010667	1812010667
keccak1600-avx2-rust	keccak1600-x86_64	control	empty	0	throughput	0	2000000	2364860	12095026	30000318	1814378705	1814378705
keccak1600-avx2-rust	keccak1600-x86_64	control	empty	0	latency	0	2000000	13371198	68088132	32000338	1827752923	1827752923
keccak1600-avx2-rust	keccak1600-x86_64	runtime	shared	20	throughput	0	156224	30161123	154272155	397590449	1857917056	1857917056
keccak1600-avx2-rust	keccak1600-x86_64	runtime	shared	20	latency	0	150117	30048914	154263669	382648602	1887969079	1887969079
keccak1600-avx2-rust	keccak1600-x86_64	fixed	shared	20	throughput	0	156991	30107483	154447822	396873613	1918074323	1918074323
keccak1600-avx2-rust	keccak1600-x86_64	fixed	shared	20	latency	0	151898	30072483	154381318	384606103	1948150236	1948150236
keccak1600-avx2-rust	keccak1600-x86_64	runtime	stack	20	throughput	0	148952	30068104	154336198	388318231	1978221429	1978221429
keccak1600-avx2-rust	keccak1600-x86_64	runtime	stack	20	latency	0	146118	30044443	154234111	381514469	2008269732	2008269732
keccak1600-avx2-rust	keccak1600-x86_64	fixed	stack	20	throughput	0	157248	30158323	154479884	397051558	2038431326	2038431326
keccak1600-avx2-rust	keccak1600-x86_64	fixed	stack	20	latency	0	152866	30108803	154565491	386598477	2068543479	2068543479
keccak1600-avx2-rust	keccak1600-x86_64	runtime	asm	20	throughput	0	150234	31540087	155616957	761085817	2100080701	2100080701
keccak1600-avx2-rust	keccak1600-x86_64	runtime	asm	20	latency	0	143605	30130033	150068681	728077716	2130214174	2130214174
keccak1600-avx2-rust	keccak1600-x86_64	fixed	asm	20	throughput	0	145124	29920594	149054411	729683845	2160131557	2160131557
keccak1600-avx2-rust	keccak1600-x86_64	fixed	asm	20	latency	0	144905	30267302	150799766	729162325	2190402100	2190402100
keccak1600-avx2-rust	keccak1600-x86_64	runtime	stack	20	throughput	1	144469	29570075	149738375	376631051	2219975494	2219975494
keccak1600-avx2-rust	keccak1600-x86_64	runtime	stack	20	latency	1	145124	29999054	153066114	378919128	2249977957	2249977957
keccak1600-avx2-rust	keccak1600-x86_64	fixed	stack	20	throughput	1	157119	30095633	154332755	396725837	2280076860	2280076860
keccak1600-avx2-rust	keccak1600-x86_64	fixed	stack	20	latency	1	152866	30112803	154555088	386598475	2310192984	2310192984
keccak1600-avx2-rust	keccak1600-x86_64	runtime	asm	20	throughput	1	149416	31209558	154192014	756941825	2341405816	2341405816
keccak1600-avx2-rust	keccak1600-x86_64	runtime	asm	20	latency	1	143390	30098544	149968061	726987664	2371507649	2371507649
keccak1600-avx2-rust	keccak1600-x86_64	fixed	asm	20	throughput	1	146901	30330743	151152706	738618591	2401841752	2401841752
keccak1600-avx2-rust	keccak1600-x86_64	fixed	asm	20	latency	1	144796	30118393	149994140	728613844	2431957535	2431957535
keccak1600-avx2-rust	keccak1600-x86_64	runtime	shared	20	throughput	1	151419	29562616	149647985	385361723	2461523629	2461523629
keccak1600-avx2-rust	keccak1600-x86_64	runtime	shared	20	latency	1	148721	29928293	152961188	379090200	2491455182	2491455182
keccak1600-avx2-rust	keccak1600-x86_64	fixed	shared	20	throughput	1	157377	30146343	154728657	397849421	2521604705	2521604705
keccak1600-avx2-rust	keccak1600-x86_64	fixed	shared	20	latency	1	152019	30088333	154461611	384912477	2551696659	2551696659
keccak1600-avx2-rust	keccak1600-x86_64	runtime	asm	20	throughput	2	150352	31325149	155153754	761683601	2583025021	2583025021
keccak1600-avx2-rust	keccak1600-x86_64	runtime	asm	20	latency	2	144154	30283523	150906077	730861152	2613311824	2613311824
keccak1600-avx2-rust	keccak1600-x86_64	fixed	asm	20	throughput	2	147013	30259632	151005951	739181728	2643574787	2643574787
keccak1600-avx2-rust	keccak1600-x86_64	fixed	asm	20	latency	2	145785	30197873	150813385	733590490	2673776050	2673776050
keccak1600-avx2-rust	keccak1600-x86_64	runtime	shared	20	throughput	2	151778	29572705	149874559	386275381	2703352124	2703352124
keccak1600-avx2-rust	keccak1600-x86_64	runtime	shared	20	latency	2	146230	29410196	150350442	372740640	2732755858	2732755858
keccak1600-avx2-rust	keccak1600-x86_64	fixed	shared	20	throughput	2	157248	30081153	154566822	397523314	2762840042	2762840042
keccak1600-avx2-rust	keccak1600-x86_64	fixed	shared	20	latency	2	152139	30114523	154578215	385216316	2792957725	2792957725
keccak1600-avx2-rust	keccak1600-x86_64	runtime	stack	20	throughput	2	148952	30088203	154434896	388318233	2823049118	2823049118
keccak1600-avx2-rust	keccak1600-x86_64	runtime	stack	20	latency	2	146118	30003603	154092581	381514468	2853055821	2853055821
keccak1600-avx2-rust	keccak1600-x86_64	fixed	stack	20	throughput	2	157635	30199983	155084059	398028745	2883258935	2883258935
keccak1600-avx2-rust	keccak1600-x86_64	fixed	stack	20	latency	2	152988	30121463	154702236	386907016	2913383448	2913383448
keccak1600-avx2-rust	keccak1600-x86_64	runtime	shared	20	throughput	3	157119	30181373	155116770	399868222	2943568011	2943568011
keccak1600-avx2-rust	keccak1600-x86_64	runtime	shared	20	latency	3	150943	30210673	155193824	384754071	2973781994	2973781994
keccak1600-avx2-rust	keccak1600-x86_64	fixed	shared	20	throughput	3	156991	30088053	154365827	396873620	3003866187	3003866187
keccak1600-avx2-rust	keccak1600-x86_64	fixed	shared	20	latency	3	152139	30125173	154619961	385216312	3033994910	3033994910
keccak1600-avx2-rust	keccak1600-x86_64	runtime	stack	20	throughput	3	148837	30042143	154207351	388018422	3064040234	3064040234
keccak1600-avx2-rust	keccak1600-x86_64	runtime	stack	20	latency	3	146564	30071174	154354736	382678976	3094114687	3094114687
keccak1600-avx2-rust	keccak1600-x86_64	fixed	stack	20	throughput	3	157003	30047254	154220986	396432937	3124165520	3124165520
keccak1600-avx2-rust	keccak1600-x86_64	fixed	stack	20	latency	3	152744	30083573	154430670	386289942	3154252353	3154252353
keccak1600-avx2-rust	keccak1600-x86_64	runtime	asm	20	throughput	3	151300	31639877	156421104	766486168	3185895745	3185895745
keccak1600-avx2-rust	keccak1600-x86_64	runtime	asm	20	latency	3	143390	30114293	150025703	726987670	3216009408	3216009408
keccak1600-avx2-rust	keccak1600-x86_64	fixed	asm	20	throughput	3	146564	30301352	150974919	736924156	3246314071	3246314071
keccak1600-avx2-rust	keccak1600-x86_64	fixed	asm	20	latency	3	145896	30330722	151369247	734149044	3276648044	3276648044
keccak1600-avx2-rust	keccak1600-x86_64	runtime	stack	20	throughput	4	144252	29547606	149550386	376065326	3306188428	3306188428
keccak1600-avx2-rust	keccak1600-x86_64	runtime	stack	20	latency	4	145686	30019404	153573547	380386517	3336211061	3336211061
keccak1600-avx2-rust	keccak1600-x86_64	fixed	stack	20	throughput	4	157119	30083813	154466769	396725842	3366298125	3366298125
keccak1600-avx2-rust	keccak1600-x86_64	fixed	stack	20	latency	4	152988	30076783	154537583	386907018	3396378058	3396378058
keccak1600-avx2-rust	keccak1600-x86_64	runtime	asm	20	throughput	4	150706	31410188	155823037	763476971	3427791460	3427791460
keccak1600-avx2-rust	keccak1600-x86_64	runtime	asm	20	latency	4	144360	30216273	151003134	731905562	3458010993	3458010993
keccak1600-avx2-rust	keccak1600-x86_64	fixed	asm	20	throughput	4	147806	30378942	151809302	743168936	3488393136	3488393136
keccak1600-avx2-rust	keccak1600-x86_64	fixed	asm	20	latency	4	145675	30283273	150989756	733036969	3518679549	3518679549
keccak1600-avx2-rust	keccak1600-x86_64	runtime	shared	20	throughput	4	152501	29655185	150654848	388115413	3548338003	3548338003
keccak1600-avx2-rust	keccak1600-x86_64	runtime	shared	20	latency	4	149416	30062403	153650406	380861757	3578403526	3578403526
keccak1600-avx2-rust	keccak1600-x86_64	fixed	shared	20	throughput	4	156991	30080563	154427765	396873619	3608487389	3608487389
keccak1600-avx2-rust	keccak1600-x86_64	fixed	shared	20	latency	4	151898	30084143	154399060	384606112	3638568692	3638568692
keccak1600-avx2-rust	keccak1600-x86_64	control	empty	20	throughput	0	2000000	2367861	12131275	30000319	3640939450	3640939450
keccak1600-avx2-rust	keccak1600-x86_64	control	empty	20	latency	0	2000000	3234677	16079151	38000321	3644177047	3644177047
keccak1600-avx2-rust	keccak1600-x86_64	runtime	shared	32	throughput	0	151778	29391706	149828122	386427157	3673571911	3673571911
keccak1600-avx2-rust	keccak1600-x86_64	runtime	shared	32	latency	0	148952	29963184	153740341	379530070	3703532324	3703532324
keccak1600-avx2-rust	keccak1600-x86_64	fixed	shared	32	throughput	0	157764	30198352	155036440	398669996	3733733798	3733733798
keccak1600-avx2-rust	keccak1600-x86_64	fixed	shared	32	latency	0	151539	30091733	154358713	383242505	3763824651	3763824651
keccak1600-avx2-rust	keccak1600-x86_64	runtime	stack	32	throughput	0	149416	30086634	154427674	389229048	3793914484	3793914484
keccak1600-avx2-rust	keccak1600-x86_64	runtime	stack	32	latency	0	147692	30111144	154522268	385033416	3824024147	3824024147
keccak1600-avx2-rust	keccak1600-x86_64	fixed	stack	32	throughput	0	157003	30207443	154564695	396118934	3854234680	3854234680
keccak1600-avx2-rust	keccak1600-x86_64	fixed	stack	32	latency	0	152139	30068363	153963165	384151351	3884286584	3884286584
keccak1600-avx2-rust	keccak1600-x86_64	runtime	asm	32	throughput	0	148952	31164919	154222621	754293297	3915455487	3915455487
keccak1600-avx2-rust	keccak1600-x86_64	runtime	asm	32	latency	0	144144	30255393	150845312	730233869	3945714940	3945714940
keccak1600-avx2-rust	keccak1600-x86_64	fixed	asm	32	throughput	0	147817	30427682	151768520	742928612	3976145783	3976145783
keccak1600-avx2-rust	keccak1600-x86_64	fixed	asm	32	latency	0	145896	30275063	150980171	733565459	4006424146	4006424146
keccak1600-avx2-rust	keccak1600-x86_64	runtime	stack	32	throughput	1	145454	29645094	150361375	378908036	4036072399	4036072399
keccak1600-avx2-rust	keccak1600-x86_64	runtime	stack	32	latency	1	147126	30103294	153946322	383557850	4066172713	4066172713
keccak1600-avx2-rust	keccak1600-x86_64	fixed	stack	32	throughput	1	156991	30099573	154564113	396088661	4096275666	4096275666
keccak1600-avx2-rust	keccak1600-x86_64	fixed	stack	32	latency	1	153232	30158594	155080657	386911162	4126437679	4126437679
keccak1600-avx2-rust	keccak1600-x86_64	runtime	asm	32	throughput	1	149894	31338459	155257109	759063587	4157779391	4157779391
keccak1600-avx2-rust	keccak1600-x86_64	runtime	asm	32	latency	1	144036	30277252	150964978	729686740	4188059984	4188059984
keccak1600-avx2-rust	keccak1600-x86_64	fixed	asm	32	throughput	1	147013	30223883	150707855	738887708	4218281407	4218281407
keccak1600-avx2-rust	keccak1600-x86_64	fixed	asm	32	latency	1	145344	30158962	150692435	730790000	4248443840	4248443840
keccak1600-avx2-rust	keccak1600-x86_64	runtime	shared	32	throughput	1	152623	29643515	150642459	388578529	4278090624	4278090624
keccak1600-avx2-rust	keccak1600-x86_64	runtime	shared	32	latency	1	148837	30014304	153777633	379237040	4308108137	4308108137
keccak1600-avx2-rust	keccak1600-x86_64	fixed	shared	32	throughput	1	157119	30034953	154391215	397040083	4338146301	4338146301
keccak1600-avx2-rust	keccak1600-x86_64	fixed	shared	32	latency	1	151539	29959814	154363872	383242499	4368109254	4368109254
keccak1600-avx2-rust	keccak1600-x86_64	runtime	asm	32	throughput	2	151300	31535437	156431408	766183566	4399648146	4399648146
keccak1600-avx2-rust	keccak1600-x86_64	runtime	asm	32	latency	2	143390	30053273	149925677	726414110	4429705279	4429705279
keccak1600-avx2-rust	keccak1600-x86_64	fixed	asm	32	throughput	2	147806	30487492	152002045	742873321	4460187232	4460187232
keccak1600-avx2-rust	keccak1600-x86_64	fixed	asm	32	latency	2	144578	30155183	150462102	726938554	4490345845	4490345845
keccak1600-avx2-rust	keccak1600-x86_64	runtime	shared	32	throughput	2	151658	29534715	149683380	386121635	4519883889	4519883889
keccak1600-avx2-rust	keccak1600-x86_64	runtime	shared	32	latency	2	147919	29893534	152660024	376897981	4549780582	4549780582
keccak1600-avx2-rust	keccak1600-x86_64	fixed	shared	32	throughput	2	157119	30100783	154403295	397040076	4579884995	4579884995
keccak1600-avx2-rust	keccak1600-x86_64	fixed	shared	32	latency	2	151539	30058123	154409131	383242497	4609946519	4609946519
keccak1600-avx2-rust	keccak1600-x86_64	runtime	stack	32	throughput	2	149882	30171543	154884686	390442978	4640121432	4640121432
keccak1600-avx2-rust	keccak1600-x86_64	runtime	stack	32	latency	2	147465	30065713	154278524	384441624	4670190775	4670190775
keccak1600-avx2-rust	keccak1600-x86_64	fixed	stack	32	throughput	2	156734	30054503	154290913	395440239	4700248598	4700248598
keccak1600-avx2-rust	keccak1600-x86_64	fixed	stack	32	latency	2	152623	30083153	154451589	385373442	4730334951	4730334951
keccak1600-avx2-rust	keccak1600-x86_64	runtime	shared	32	throughput	3	156224	30063454	154257912	397746675	4760401465	4760401465
keccak1600-avx2-rust	keccak1600-x86_64	runtime	shared	32	latency	3	149532	30126733	154536417	381007905	4790525948	4790525948
keccak1600-avx2-rust	keccak1600-x86_64	fixed	shared	32	throughput	3	157248	30206483	154535484	397366065	4820735731	4820735731
keccak1600-avx2-rust	keccak1600-x86_64	fixed	shared	32	latency	3	151539	30063843	154355725	383242503	4850802684	4850802684
keccak1600-avx2-rust	keccak1600-x86_64	runtime	stack	32	throughput	3	150117	30210963	155094138	391055155	4881016747	4881016747
keccak1600-avx2-rust	keccak1600-x86_64	runtime	stack	32	latency	3	147692	30053453	154500433	385033409	4911073421	4911073421
keccak1600-avx2-rust	keccak1600-x86_64	fixed	stack	32	throughput	3	157894	30269383	155438914	398366927	4941346204	4941346204
keccak1600-avx2-rust	keccak1600-x86_64	fixed	stack	32	latency	3	152260	30018773	154088037	384456869	4971368327	4971368327
keccak1600-avx2-rust	keccak1600-x86_64	runtime	asm	32	throughput	3	150588	31272309	155140085	762578002	5002643689	5002643689
keccak1600-avx2-rust	keccak1600-x86_64	runtime	asm	32	latency	3	144154	30285573	151194452	730284535	5032932432	5032932432
keccak1600-avx2-rust	keccak1600-x86_64	fixed	asm	32	throughput	3	147239	30194893	151009291	740023580	5063130515	5063130515
keccak1600-avx2-rust	keccak1600-x86_64	fixed	asm	32	latency	3	146564	30274452	151626411	736924165	5093408108	5093408108
keccak1600-avx2-rust	keccak1600-x86_64	runtime	stack	32	throughput	4	145564	29638985	150391726	379194587	5123050342	5123050342
keccak1600-avx2-rust	keccak1600-x86_64	runtime	stack	32	latency	4	146788	29973053	153581626	382676686	5153026605	5153026605
keccak1600-avx2-rust	keccak1600-x86_64	fixed	stack	32	throughput	4	156991	30081104	154551472	396088662	5183110978	5183110978
keccak1600-avx2-rust	keccak1600-x86_64	fixed	stack	32	latency	4	152393	30013434	154215890	384792693	5213127482	5213127482
keccak1600-avx2-rust	keccak1600-x86_64	runtime	asm	32	throughput	4	151300	31590267	156664913	766183575	5244720804	5244720804
keccak1600-avx2-rust	keccak1600-x86_64	runtime	asm	32	latency	4	144905	30268773	151452951	734089101	5274992657	5274992657
keccak1600-avx2-rust	keccak1600-x86_64	fixed	asm	32	throughput	4	147806	30360842	151866276	742873325	5305345640	5305345640
keccak1600-avx2-rust	keccak1600-x86_64	fixed	asm	32	latency	4	146676	30262442	151594953	737487298	5335611273	5335611273
keccak1600-avx2-rust	keccak1600-x86_64	runtime	shared	32	throughput	4	152501	29650695	150559211	388267916	5365265116	5365265116
keccak1600-avx2-rust	keccak1600-x86_64	runtime	shared	32	latency	4	148721	30024943	153774268	378941477	5395293250	5395293250
keccak1600-avx2-rust	keccak1600-x86_64	fixed	shared	32	throughput	4	156991	29990244	154254706	396716626	5425286793	5425286793
keccak1600-avx2-rust	keccak1600-x86_64	fixed	shared	32	latency	4	152139	30037943	154980961	384759900	5455327736	5455327736
keccak1600-avx2-rust	keccak1600-x86_64	control	empty	32	throughput	0	2000000	2349201	12089690	30000318	5457679954	5457679954
keccak1600-avx2-rust	keccak1600-x86_64	control	empty	32	latency	0	2000000	3210958	16003974	34000322	5460893841	5460893841
keccak1600-avx2-rust	keccak1600-x86_64	runtime	shared	64	throughput	0	152272	29483746	150446472	387837147	5490380575	5490380575
keccak1600-avx2-rust	keccak1600-x86_64	runtime	shared	64	latency	0	148721	30021873	154241757	379090201	5520405478	5520405478
keccak1600-avx2-rust	keccak1600-x86_64	fixed	shared	64	throughput	0	157635	30123923	154888826	398186374	5550532511	5550532511
keccak1600-avx2-rust	keccak1600-x86_64	fixed	shared	64	latency	0	150234	30021914	154096051	379791921	5580557435	5580557435
keccak1600-avx2-rust	keccak1600-x86_64	runtime	stack	64	throughput	0	148262	30041183	154264889	386222875	5610595708	5610595708
keccak1600-avx2-rust	keccak1600-x86_64	runtime	stack	64	latency	0	144469	30073333	154652253	376631053	5640672251	5640672251
keccak1600-avx2-rust	keccak1600-x86_64	fixed	stack	64	throughput	0	157635	30162263	154886288	398028748	5670829184	5670829184
keccak1600-avx2-rust	keccak1600-x86_64	fixed	stack	64	latency	0	149765	29930624	153652006	378456523	5700762898	5700762898
keccak1600-avx2-rust	keccak1600-x86_64	runtime	asm	64	throughput	0	150234	31351828	155316184	760785345	5732114080	5732114080
keccak1600-avx2-rust	keccak1600-x86_64	runtime	asm	64	latency	0	141384	29901914	149563447	716251711	5762019193	5762019193
keccak1600-avx2-rust	keccak1600-x86_64	fixed	asm	64	throughput	0	145124	30109053	150267696	729538716	5792131606	5792131606
keccak1600-avx2-rust	keccak1600-x86_64	fixed	asm	64	latency	0	145896	30322592	151342236	733711355	5822457559	5822457559
keccak1600-avx2-rust	keccak1600-x86_64	runtime	stack	64	throughput	1	144144	29558825	149850830	375495487	5852019613	5852019613
keccak1600-avx2-rust	keccak1600-x86_64	runtime	stack	64	latency	1	143605	30061173	153687616	374378607	5882078776	5882078776
keccak1600-avx2-rust	keccak1600-x86_64	fixed	stack	64	throughput	1	156991	30050874	154267804	396402642	5912132960	5912132960
keccak1600-avx2-rust	keccak1600-x86_64	fixed	stack	64	latency	1	114353	22763211	117291156	288970392	5934885790	5934885790
keccak1600-avx2-rust	keccak1600-x86_64	runtime	asm	64	throughput	1	149532	31128229	154825309	757230415	5966017143	5966017143
keccak1600-avx2-rust	keccak1600-x86_64	runtime	asm	64	latency	1	143390	30174103	151077072	726414111	5996194346	5996194346
keccak1600-avx2-rust	keccak1600-x86_64	fixed	asm	64	throughput	1	147013	30252143	151530859	739034719	6026449589	6026449589
keccak1600-avx2-rust	keccak1600-x86_64	fixed	asm	64	latency	1	123472	25708621	128345733	620941052	6052155886	6052155886
keccak1600-avx2-rust	keccak1600-x86_64	runtime	shared	64	throughput	1	151539	29520395	149692682	385970204	6081679420	6081679420
keccak1600-avx2-rust	keccak1600-x86_64	runtime	shared	64	latency	1	147806	29950964	153359758	376757859	6111633573	6111633573
keccak1600-avx2-rust	keccak1600-x86_64	fixed	shared	64	throughput	1	156734	29963963	154014540	395910456	6141600696	6141600696
keccak1600-avx2-rust	keccak1600-x86_64	fixed	shared	64	latency	1	151181	30112593	155071755	382185937	6171716419	6171716419
keccak1600-avx2-rust	keccak1600-x86_64	runtime	asm	64	throughput	2	148952	31071810	153961173	754293296	6202791472	6202791472
keccak1600-avx2-rust	keccak1600-x86_64	runtime	asm	64	latency	2	144036	30318782	151851160	729686744	6233113485	6233113485
keccak1600-avx2-rust	keccak1600-x86_64	fixed	asm	64	throughput	2	146564	30281192	151670720	736777592	6263398048	6263398048
keccak1600-avx2-rust	keccak1600-x86_64	fixed	asm	64	latency	2	116646	24047697	120464662	586613089	6287449096	6287449096
keccak1600-avx2-rust	keccak1600-x86_64	runtime	shared	64	throughput	2	152260	29661885	150444465	387806587	6317109050	6317109050
keccak1600-avx2-rust	keccak1600-x86_64	runtime	shared	64	latency	2	148045	29981254	153425400	377367077	6347093383	6347093383
keccak1600-avx2-rust	keccak1600-x86_64	fixed	shared	64	throughput	2	156606	29935134	153898533	395587129	6377031567	6377031567
keccak1600-avx2-rust	keccak1600-x86_64	fixed	shared	64	latency	2	151300	30097403	155193513	382486772	6407132060	6407132060
keccak1600-avx2-rust	keccak1600-x86_64	runtime	stack	64	throughput	2	149068	30104083	154884469	388322512	6437239213	6437239213
keccak1600-avx2-rust	keccak1600-x86_64	runtime	stack	64	latency	2	144905	30066033	154871908	377767708	6467308406	6467308406
keccak1600-avx2-rust	keccak1600-x86_64	fixed	stack	64	throughput	2	157635	30162873	154933831	398028744	6497474369	6497474369
keccak1600-avx2-rust	keccak1600-x86_64	fixed	stack	64	latency	2	151062	30146973	154975383	381734046	6527624403	6527624403
keccak1600-avx2-rust	keccak1600-x86_64	runtime	shared	64	throughput	3	155970	30013504	154104038	397255956	6557640946	6557640946
keccak1600-avx2-rust	keccak1600-x86_64	runtime	shared	64	latency	3	148837	29998224	154310043	379385886	6587642269	6587642269
keccak1600-avx2-rust	keccak1600-x86_64	fixed	shared	64	throughput	3	157894	30215253	155184972	398840611	6617860812	6617860812
keccak1600-avx2-rust	keccak1600-x86_64	fixed	shared	64	latency	3	150352	30057753	154281649	380090224	6647921766	6647921766
keccak1600-avx2-rust	keccak1600-x86_64	runtime	stack	64	throughput	3	148491	30074783	154480557	386819420	6677999819	6677999819
keccak1600-avx2-rust	keccak1600-x86_64	runtime	stack	64	latency	3	145234	30355912	156082189	378625408	6708358872	6708358872
keccak1600-avx2-rust	keccak1600-x86_64	fixed	stack	64	throughput	3	157635	30160803	154895826	398028742	6738522845	6738522845
keccak1600-avx2-rust	keccak1600-x86_64	fixed	stack	64	latency	3	150470	30038223	154377891	380238064	6768559768	6768559768
keccak1600-avx2-rust	keccak1600-x86_64	runtime	asm	64	throughput	3	148606	31013530	153647354	752541154	6799576511	6799576511
keccak1600-avx2-rust	keccak1600-x86_64	runtime	asm	64	latency	3	143390	30454461	152525785	726414111	6830034143	6830034143
keccak1600-avx2-rust	keccak1600-x86_64	fixed	asm	64	throughput	3	147239	30508972	152388422	740170821	6860546226	6860546226
keccak1600-avx2-rust	keccak1600-x86_64	fixed	asm	64	latency	3	142327	29486385	147664194	715762853	6890035730	6890035730
keccak1600-avx2-rust	keccak1600-x86_64	runtime	stack	64	throughput	4	144905	29699445	150816851	377477890	6919738294	6919738294
keccak1600-avx2-rust	keccak1600-x86_64	runtime	stack	64	latency	4	143605	30045553	153778729	374378601	6949786927	6949786927
keccak1600-avx2-rust	keccak1600-x86_64	fixed	stack	64	throughput	4	157119	30084513	154428149	396725846	6979874710	6979874710
keccak1600-avx2-rust	keccak1600-x86_64	fixed	stack	64	latency	4	150470	29967264	154382595	380238057	7009845313	7009845313
keccak1600-avx2-rust	keccak1600-x86_64	runtime	asm	64	throughput	4	121212	25427731	125913879	613817922	7035276401	7035276401
keccak1600-avx2-rust	keccak1600-x86_64	runtime	asm	64	latency	4	143176	30196173	151243782	725329978	7065476054	7065476054
keccak1600-avx2-rust	keccak1600-x86_64	fixed	asm	64	throughput	4	147013	30348552	151983869	739034718	7095827907	7095827907
keccak1600-avx2-rust	keccak1600-x86_64	fixed	asm	64	latency	4	145675	30244713	151402054	732599939	7126076030	7126076030
keccak1600-avx2-rust	keccak1600-x86_64	runtime	shared	64	throughput	4	151658	29519805	149765725	386273296	7155599534	7155599534
keccak1600-avx2-rust	keccak1600-x86_64	runtime	shared	64	latency	4	147919	30001454	153512255	377045895	7185604217	7185604217
keccak1600-avx2-rust	keccak1600-x86_64	fixed	shared	64	throughput	4	157119	30017183	154432258	396882964	7215620670	7215620670
keccak1600-avx2-rust	keccak1600-x86_64	fixed	shared	64	latency	4	151062	30060623	154988891	381885101	7245684484	7245684484
keccak1600-avx2-rust	keccak1600-x86_64	control	empty	64	throughput	0	2000000	2334061	12002295	30000318	7248021661	7248021661
keccak1600-avx2-rust	keccak1600-x86_64	control	empty	64	latency	0	2000000	2839559	14112589	34000321	7250864109	7250864109
keccak1600-avx2-rust	keccak1600-x86_64	runtime	shared	135	throughput	0	148952	29172977	148283618	391446205	7280034313	7280034313
keccak1600-avx2-rust	keccak1600-x86_64	runtime	shared	135	latency	0	148606	29992643	153676010	390834129	7310030116	7310030116
keccak1600-avx2-rust	keccak1600-x86_64	fixed	shared	135	throughput	0	156606	30178843	155140354	408585411	7340204939	7340204939
keccak1600-avx2-rust	keccak1600-x86_64	fixed	shared	135	latency	0	150824	29947554	154154555	393801818	7370155633	7370155633
keccak1600-avx2-rust	keccak1600-x86_64	runtime	stack	135	throughput	0	146676	30098163	155038497	383558088	7400257006	7400257006
keccak1600-avx2-rust	keccak1600-x86_64	runtime	stack	135	latency	0	144796	30205473	155398596	378931487	7430465699	7430465699
keccak1600-avx2-rust	keccak1600-x86_64	fixed	stack	135	throughput	0	156991	30160782	155065888	399856439	7460629592	7460629592
keccak1600-avx2-rust	keccak1600-x86_64	fixed	stack	135	latency	0	150470	30027084	154392836	383548388	7490659735	7490659735
keccak1600-avx2-rust	keccak1600-x86_64	runtime	asm	135	throughput	0	148721	31309688	155244910	754610710	7521972508	7521972508
keccak1600-avx2-rust	keccak1600-x86_64	runtime	asm	135	latency	0	142963	30298713	151701916	725680540	7552274341	7552274341
keccak1600-avx2-rust	keccak1600-x86_64	fixed	asm	135	throughput	0	145675	29967593	149983384	732599931	7582242134	7582242134
keccak1600-avx2-rust	keccak1600-x86_64	fixed	asm	135	latency	0	145785	30428422	152206406	733444692	7612668967	7612668967
keccak1600-avx2-rust	keccak1600-x86_64	runtime	stack	135	throughput	1	142327	29588565	150387172	372185457	7642260591	7642260591
keccak1600-avx2-rust	keccak1600-x86_64	runtime	stack	135	latency	1	143176	30045593	153771805	374691948	7672309285	7672309285
keccak1600-avx2-rust	keccak1600-x86_64	fixed	stack	135	throughput	1	155970	29962054	154093341	397255942	7702277308	7702277308
keccak1600-avx2-rust	keccak1600-x86_64	fixed	stack	135	latency	1	151062	30105213	154957012	385057399	7732381861	7732381861
keccak1600-avx2-rust	keccak1600-x86_64	runtime	asm	135	throughput	1	148262	31220879	154912021	752281741	7763605753	7763605753
keccak1600-avx2-rust	keccak1600-x86_64	runtime	asm	135	latency	1	142433	30158083	151014222	722990261	7793767137	7793767137
keccak1600-avx2-rust	keccak1600-x86_64	fixed	asm	135	throughput	1	145896	30065553	150297167	733711336	7823835880	7823835880
keccak1600-avx2-rust	keccak1600-x86_64	fixed	asm	135	latency	1	145785	30205323	151239769	733444693	7854037233	7854037233
keccak1600-avx2-rust	keccak1600-x86_64	runtime	shared	135	throughput	1	151300	29687005	150590501	397616757	7883727387	7883727387
keccak1600-avx2-rust	keccak1600-x86_64	runtime	shared	135	latency	1	148377	29995854	153303280	390231864	7913719130	7913719130
keccak1600-avx2-rust	keccak1600-x86_64	fixed	shared	135	throughput	1	155717	30063903	154341062	406266009	7943786073	7943786073
keccak1600-avx2-rust	keccak1600-x86_64	fixed	shared	135	latency	1	150943	29972474	154247187	394112532	7973761556	7973761556
keccak1600-avx2-rust	keccak1600-x86_64	runtime	asm	135	throughput	2	148377	31133439	154775932	752865253	8004898029	8004898029
keccak1600-avx2-rust	keccak1600-x86_64	runtime	asm	135	latency	2	142750	30228272	151402115	724599358	8035129522	8035129522
keccak1600-avx2-rust	keccak1600-x86_64	fixed	asm	135	throughput	2	147806	30373672	152125980	743316730	8065506335	8065506335
keccak1600-avx2-rust	keccak1600-x86_64	fixed	asm	135	latency	2	145896	30253653	151495803	734003127	8095758298	8095758298
keccak1600-avx2-rust	keccak1600-x86_64	runtime	shared	135	throughput	2	151062	29611245	150385915	396991292	8125372751	8125372751
keccak1600-avx2-rust	keccak1600-x86_64	runtime	shared	135	latency	2	148606	30056633	153935538	390834136	8155432705	8155432705
keccak1600-avx2-rust	keccak1600-x86_64	fixed	shared	135	throughput	2	155844	30069833	154384895	406597348	8185505858	8185505858
keccak1600-avx2-rust	keccak1600-x86_64	fixed	shared	135	latency	2	151898	30186023	155337375	396606033	8215695271	8215695271
keccak1600-avx2-rust	keccak1600-x86_64	runtime	stack	135	throughput	2	146788	30124183	155093652	383850970	8245822604	8245822604
keccak1600-avx2-rust	keccak1600-x86_64	runtime	stack	135	latency	2	144469	30109123	155115966	378075729	8275935047	8275935047
keccak1600-avx2-rust	keccak1600-x86_64	fixed	stack	135	throughput	2	157248	30216173	155252486	400511010	8306154521	8306154521
keccak1600-avx2-rust	keccak1600-x86_64	fixed	stack	135	latency	2	150943	30128623	154972766	384754061	8336286344	8336286344
keccak1600-avx2-rust	keccak1600-x86_64	runtime	shared	135	throughput	3	155214	30082603	154496619	407902748	8366372127	8366372127
keccak1600-avx2-rust	keccak1600-x86_64	runtime	shared	135	latency	3	149416	30037094	154414994	392964427	8396412490	8396412490
keccak1600-avx2-rust	keccak1600-x86_64	fixed	shared	135	throughput	3	155730	30086964	154348424	406299923	8426502783	8426502783
keccak1600-avx2-rust	keccak1600-x86_64	fixed	shared	135	latency	3	151181	30114883	154549751	394733942	8456621117	8456621117
keccak1600-avx2-rust	keccak1600-x86_64	runtime	stack	135	throughput	3	146007	30030243	154220025	381808662	8486654510	8486654510
keccak1600-avx2-rust	keccak1600-x86_64	runtime	stack	135	latency	3	144796	30248233	155489661	378931483	8516906083	8516906083
keccak1600-avx2-rust	keccak1600-x86_64	fixed	stack	135	throughput	3	156991	30228222	155221082	399856427	8547137746	8547137746
keccak1600-avx2-rust	keccak1600-x86_64	fixed	stack	135	latency	3	150117	30029964	154146024	382648583	8577170879	8577170879
keccak1600-avx2-rust	keccak1600-x86_64	runtime	asm	135	throughput	3	147013	31016379	153263059	745944318	8608190532	8608190532
keccak1600-avx2-rust	keccak1600-x86_64	runtime	asm	135	latency	3	142750	30317972	151096571	724599353	8638511975	8638511975
keccak1600-avx2-rust	keccak1600-x86_64	fixed	asm	135	throughput	3	146676	30349943	151287953	737633958	8668865288	8668865288
keccak1600-avx2-rust	keccak1600-x86_64	fixed	asm	135	latency	3	145124	30306582	151082401	730119202	8699175481	8699175481
keccak1600-avx2-rust	keccak1600-x86_64	runtime	stack	135	throughput	4	142327	29697485	150403753	372185462	8728876644	8728876644
keccak1600-avx2-rust	keccak1600-x86_64	runtime	stack	135	latency	4	142327	29978234	152920514	372470114	8758852838	8758852838
keccak1600-avx2-rust	keccak1600-x86_64	fixed	stack	135	throughput	4	155591	29968684	153662061	396290632	8788824971	8788824971
keccak1600-avx2-rust	keccak1600-x86_64	fixed	stack	135	latency	4	150234	30038903	154216916	382946819	8818867234	8818867234
keccak1600-avx2-rust	keccak1600-x86_64	runtime	asm	135	throughput	4	147352	31076019	153993923	747664399	8849946497	8849946497
keccak1600-avx2-rust	keccak1600-x86_64	runtime	asm	135	latency	4	141906	30213413	150633428	720315207	8880163220	8880163220
keccak1600-avx2-rust	keccak1600-x86_64	fixed	asm	135	throughput	4	144796	30027294	149631861	728179434	8910193863	8910193863
keccak1600-avx2-rust	keccak1600-x86_64	fixed	asm	135	latency	4	144480	30297133	151002609	726879235	8940494306	8940494306
keccak1600-avx2-rust	keccak1600-x86_64	runtime	shared	135	throughput	4	150470	29573615	149768219	395435509	8970071200	8970071200
keccak1600-avx2-rust	keccak1600-x86_64	runtime	shared	135	latency	4	147692	29951594	152792044	388430313	9000026153	9000026153
keccak1600-avx2-rust	keccak1600-x86_64	fixed	shared	135	throughput	4	154838	29927354	153498510	403972696	9029956676	9029956676
keccak1600-avx2-rust	keccak1600-x86_64	fixed	shared	135	latency	4	148721	29626516	152066662	388310881	9059587000	9059587000
keccak1600-avx2-rust	keccak1600-x86_64	control	empty	135	throughput	0	2000000	2342931	12002784	30000320	9061932998	9061932998
keccak1600-avx2-rust	keccak1600-x86_64	control	empty	135	latency	0	2000000	2414721	12002957	34000320	9064350656	9064350656
keccak1600-avx2-rust	keccak1600-x86_64	runtime	shared	136	throughput	0	74245	29180436	147786365	385257658	9093534180	9093534180
keccak1600-avx2-rust	keccak1600-x86_64	runtime	shared	136	latency	0	75176	29931994	152980974	390238963	9123469443	9123469443
keccak1600-avx2-rust	keccak1600-x86_64	fixed	shared	136	throughput	0	77764	30116083	154539071	402040231	9153588896	9153588896
keccak1600-avx2-rust	keccak1600-x86_64	fixed	shared	136	latency	0	76341	30124993	154618402	394836004	9183717219	9183717219
keccak1600-avx2-rust	keccak1600-x86_64	runtime	stack	136	throughput	0	77732	30060723	154311990	414856038	9213781083	9213781083
keccak1600-avx2-rust	keccak1600-x86_64	runtime	stack	136	latency	0	76616	30168173	154798625	409053173	9243952456	9243952456
keccak1600-avx2-rust	keccak1600-x86_64	fixed	stack	136	throughput	0	78335	30079684	154373318	400683881	9274035289	9274035289
keccak1600-avx2-rust	keccak1600-x86_64	fixed	stack	136	latency	0	76677	30027344	154132146	392356559	9304065782	9304065782
keccak1600-avx2-rust	keccak1600-x86_64	runtime	asm	136	throughput	0	77201	31319298	155381878	771624348	9335376514	9335376514
keccak1600-avx2-rust	keccak1600-x86_64	runtime	asm	136	latency	0	75235	30419682	151948579	752124647	9365799587	9365799587
keccak1600-avx2-rust	keccak1600-x86_64	fixed	asm	136	throughput	0	75919	30398602	151606071	755622162	9396201580	9396201580
keccak1600-avx2-rust	keccak1600-x86_64	fixed	asm	136	latency	0	75679	30472312	152206835	753384794	9426677243	9426677243
keccak1600-avx2-rust	keccak1600-x86_64	runtime	stack	136	throughput	1	75534	29581016	149925436	403125304	9456261667	9456261667
keccak1600-avx2-rust	keccak1600-x86_64	runtime	stack	136	latency	1	76072	30049804	153699534	406148760	9486314680	9486314680
keccak1600-avx2-rust	keccak1600-x86_64	fixed	stack	136	throughput	1	78367	30056693	154424733	400847554	9516374523	9516374523
keccak1600-avx2-rust	keccak1600-x86_64	fixed	stack	136	latency	1	77015	30117763	154833269	394086114	9546495566	9546495566
keccak1600-avx2-rust	keccak1600-x86_64	runtime	asm	136	throughput	1	76220	31084039	154371368	761819247	9577577439	9577577439
keccak1600-avx2-rust	keccak1600-x86_64	runtime	asm	136	latency	1	75294	30363822	152075202	752714472	9607944742	9607944742
keccak1600-avx2-rust	keccak1600-x86_64	fixed	asm	136	throughput	1	75859	30318263	151814271	755024978	9638266305	9638266305
keccak1600-avx2-rust	keccak1600-x86_64	fixed	asm	136	latency	1	75353	30202473	151108585	750139467	9668472138	9668472138
keccak1600-avx2-rust	keccak1600-x86_64	runtime	shared	136	throughput	1	66275	25969599	131862992	343901323	9694445015	9694445015
keccak1600-avx2-rust	keccak1600-x86_64	runtime	shared	136	latency	1	75531	30049573	153751454	392081771	9724497748	9724497748
keccak1600-avx2-rust	keccak1600-x86_64	fixed	shared	136	throughput	1	77732	30070474	154451536	401874793	9754571661	9754571661
keccak1600-avx2-rust	keccak1600-x86_64	fixed	shared	136	latency	1	76405	29993804	154557298	395167017	9784564794	9784564794
keccak1600-avx2-rust	keccak1600-x86_64	runtime	asm	136	throughput	2	77419	31374248	156162858	773803262	9815942866	9815942866
keccak1600-avx2-rust	keccak1600-x86_64	runtime	asm	136	latency	2	75235	30311403	151660386	752124648	9846260079	9846260079
keccak1600-avx2-rust	keccak1600-x86_64	fixed	asm	136	throughput	2	75949	30254483	151466892	755920751	9876517722	9876517722
keccak1600-avx2-rust	keccak1600-x86_64	fixed	asm	136	latency	2	75709	30318972	151759990	753683451	9906829535	9906829535
keccak1600-avx2-rust	keccak1600-x86_64	runtime	shared	136	throughput	2	75769	29666135	150771368	393165693	9936498939	9936498939
keccak1600-avx2-rust	keccak1600-x86_64	runtime	shared	136	latency	2	75412	29968224	153463653	391464046	9966470192	9966470192
keccak1600-avx2-rust	keccak1600-x86_64	fixed	shared	136	throughput	2	77764	30041934	154527493	402040234	9996515386	9996515386
keccak1600-avx2-rust	keccak1600-x86_64	fixed	shared	136	latency	2	76524	30029183	154892689	395782483	10026547649	10026547649
keccak1600-avx2-rust	keccak1600-x86_64	runtime	stack	136	throughput	2	78175	30162653	155144128	417220329	10056713342	10056713342
keccak1600-avx2-rust	keccak1600-x86_64	runtime	stack	136	latency	2	76402	30016093	154352774	407910632	10086726685	10086726685
keccak1600-avx2-rust	keccak1600-x86_64	fixed	stack	136	throughput	2	79077	30278583	155831150	404479213	10117008358	10117008358
keccak1600-avx2-rust	keccak1600-x86_64	fixed	stack	136	latency	2	76707	29950634	154202331	392510070	10146962172	10146962172
keccak1600-avx2-rust	keccak1600-x86_64	runtime	shared	136	throughput	3	77673	30079334	154604743	403045550	10177044955	10177044955
keccak1600-avx2-rust	keccak1600-x86_64	runtime	shared	136	latency	3	76344	30235273	155403249	396302058	10207283738	10207283738
keccak1600-avx2-rust	keccak1600-x86_64	fixed	shared	136	throughput	3	78144	30227713	155269177	404004831	10237514621	10237514621
keccak1600-avx2-rust	keccak1600-x86_64	fixed	shared	136	latency	3	76707	30256372	155165794	396728960	10267774144	10267774144
keccak1600-avx2-rust	keccak1600-x86_64	runtime	stack	136	throughput	3	77795	30132803	154409261	415192267	10297910047	10297910047
keccak1600-avx2-rust	keccak1600-x86_64	runtime	stack	136	latency	3	76524	30113713	154587720	408561993	10328026940	10328026940
keccak1600-avx2-rust	keccak1600-x86_64	fixed	stack	136	throughput	3	78303	30119953	154265475	400520196	10358149994	10358149994
keccak1600-avx2-rust	keccak1600-x86_64	fixed	stack	136	latency	3	76707	30044244	154220879	392510073	10388197558	10388197558
keccak1600-avx2-rust	keccak1600-x86_64	runtime	asm	136	throughput	3	77266	31462278	156023196	772274024	10419656230	10419656230
keccak1600-avx2-rust	keccak1600-x86_64	runtime	asm	136	latency	3	75382	30453732	151846399	753594209	10450113213	10450113213
keccak1600-avx2-rust	keccak1600-x86_64	fixed	asm	136	throughput	3	75531	30164063	150711111	751760394	10480280416	10480280416
keccak1600-avx2-rust	keccak1600-x86_64	fixed	asm	136	latency	3	75709	30327442	151666431	753683446	10510611019	10510611019
keccak1600-avx2-rust	keccak1600-x86_64	runtime	stack	136	throughput	4	75859	29677405	150580119	404859834	10540291502	10540291502
keccak1600-avx2-rust	keccak1600-x86_64	runtime	stack	136	latency	4	76069	30108933	153692442	406132748	10570403805	10570403805
keccak1600-avx2-rust	keccak1600-x86_64	fixed	stack	136	throughput	4	78367	30089513	154439471	400847557	10600496389	10600496389
keccak1600-avx2-rust	keccak1600-x86_64	fixed	stack	136	latency	4	77170	30160073	155162435	394879241	10630659492	10630659492
keccak1600-avx2-rust	keccak1600-x86_64	runtime	asm	136	throughput	4	77419	31383878	155880624	773803256	10662046704	10662046704
keccak1600-avx2-rust	keccak1600-x86_64	runtime	asm	136	latency	4	74882	30223782	151026462	748595710	10692273857	10692273857
keccak1600-avx2-rust	keccak1600-x86_64	fixed	asm	136	throughput	4	75294	30411412	152091848	749401538	10722684300	10722684300
keccak1600-avx2-rust	keccak1600-x86_64	fixed	asm	136	latency	4	75471	30149403	150940184	751314156	10752836783	10752836783
keccak1600-avx2-rust	keccak1600-x86_64	runtime	shared	136	throughput	4	75769	29680195	150825899	393165694	10782520117	10782520117
keccak1600-avx2-rust	keccak1600-x86_64	runtime	shared	136	latency	4	75471	29990503	153491879	391770315	10812513840	10812513840
keccak1600-avx2-rust	keccak1600-x86_64	fixed	shared	136	throughput	4	77732	30106184	154455952	401874793	10842624373	10842624373
keccak1600-avx2-rust	keccak1600-x86_64	fixed	shared	136	latency	4	76769	30193083	155259230	397049622	10872820936	10872820936
keccak1600-avx2-rust	keccak1600-x86_64	control	empty	136	throughput	0	2000000	1946273	10002823	30000319	10874770204	10874770204
keccak1600-avx2-rust	keccak1600-x86_64	control	empty	136	latency	0	2000000	2424870	12024072	34000321	10877198122	10877198122
keccak1600-avx2-rust	keccak1600-x86_64	runtime	shared	137	throughput	0	73789	28876188	146809613	383186627	10906077457	10906077457
keccak1600-avx2-rust	keccak1600-x86_64	runtime	shared	137	latency	0	75471	29986064	153645751	392072203	10936066700	10936066700
keccak1600-avx2-rust	keccak1600-x86_64	fixed	shared	137	throughput	0	77858	30129923	154666878	402837647	10966199833	10966199833
keccak1600-avx2-rust	keccak1600-x86_64	fixed	shared	137	latency	0	76405	30132823	154728250	395472636	10996327916	10996327916
keccak1600-avx2-rust	keccak1600-x86_64	runtime	stack	137	throughput	0	77795	30070764	154375905	415425650	11026402729	11026402729
keccak1600-avx2-rust	keccak1600-x86_64	runtime	stack	137	latency	0	76524	30137323	154691861	408791560	11056544533	11056544533
keccak1600-avx2-rust	keccak1600-x86_64	fixed	stack	137	throughput	0	78271	30078953	154417712	400591331	11086626636	11086626636
keccak1600-avx2-rust	keccak1600-x86_64	fixed	stack	137	latency	0	76738	30077573	154540546	392898915	11116707269	11116707269
keccak1600-avx2-rust	keccak1600-x86_64	runtime	asm	137	throughput	0	76953	31233369	155141936	769376447	11147943811	11147943811
keccak1600-avx2-rust	keccak1600-x86_64	runtime	asm	137	latency	0	74912	30268452	150852129	749120353	11178215464	11178215464
keccak1600-avx2-rust	keccak1600-x86_64	fixed	asm	137	throughput	0	75471	30115783	150526106	751314160	11208329867	11208329867
keccak1600-avx2-rust	keccak1600-x86_64	fixed	asm	137	latency	0	75650	30261443	151312474	753247402	11238594790	11238594790
keccak1600-avx2-rust	keccak1600-x86_64	runtime	stack	137	throughput	1	75560	29546216	149943906	403490752	11268144354	11268144354
keccak1600-avx2-rust	keccak1600-x86_64	runtime	stack	137	latency	1	76039	30022483	153627075	406200692	11298156777	11298156777
keccak1600-avx2-rust	keccak1600-x86_64	fixed	stack	137	throughput	1	78239	29982444	154332499	400427557	11328142331	11328142331
keccak1600-avx2-rust	keccak1600-x86_64	fixed	stack	137	latency	1	77015	30050173	154991983	394317155	11358195484	11358195484
keccak1600-avx2-rust	keccak1600-x86_64	runtime	asm	137	throughput	1	77638	31522538	156470472	776225075	11389721206	11389721206
keccak1600-avx2-rust	keccak1600-x86_64	runtime	asm	137	latency	1	75385	30265763	151581281	753850356	11419990419	11419990419
keccak1600-avx2-rust	keccak1600-x86_64	fixed	asm	137	throughput	1	75739	30339322	151902988	753982090	11450333052	11450333052
keccak1600-avx2-rust	keccak1600-x86_64	fixed	asm	137	latency	1	75799	30478632	152649394	754730993	11480815375	11480815375
keccak1600-avx2-rust	keccak1600-x86_64	runtime	shared	137	throughput	1	75739	29642455	150722862	393312976	11510461098	11510461098
keccak1600-avx2-rust	keccak1600-x86_64	runtime	shared	137	latency	1	74476	29583215	151595418	386903174	11540048102	11540048102
keccak1600-avx2-rust	keccak1600-x86_64	fixed	shared	137	throughput	1	77795	30062293	154562629	402511681	11570113605	11570113605
keccak1600-avx2-rust	keccak1600-x86_64	fixed	shared	137	latency	1	76372	30072743	154639390	395301821	11600189718	11600189718
keccak1600-avx2-rust	keccak1600-x86_64	runtime	asm	137	throughput	2	76738	31236559	155224532	767226879	11631423101	11631423101
keccak1600-avx2-rust	keccak1600-x86_64	runtime	asm	137	latency	2	75117	30237513	151447230	751170353	11661664294	11661664294
keccak1600-avx2-rust	keccak1600-x86_64	fixed	asm	137	throughput	2	76069	30322403	151866555	757267253	11691989837	11691989837
keccak1600-avx2-rust	keccak1600-x86_64	fixed	asm	137	latency	2	75620	30273072	151636422	752948690	11722266080	11722266080
keccak1600-avx2-rust	keccak1600-x86_64	runtime	shared	137	throughput	2	75679	29632565	150534647	393001404	11751897553	11751897553
keccak1600-avx2-rust	keccak1600-x86_64	runtime	shared	137	latency	2	75531	30019424	153745955	392383900	11781920067	11781920067
keccak1600-avx2-rust	keccak1600-x86_64	fixed	shared	137	throughput	2	77735	30002744	154419019	402201245	11811925910	11811925910
keccak1600-avx2-rust	keccak1600-x86_64	fixed	shared	137	latency	2	76646	30108363	155183127	396720054	11842037533	11842037533
keccak1600-avx2-rust	keccak1600-x86_64	runtime	stack	137	throughput	2	78048	30194773	154908682	416776677	11872225496	11872225496
keccak1600-avx2-rust	keccak1600-x86_64	runtime	stack	137	latency	2	76524	30108973	154572290	408791562	11902337559	11902337559
keccak1600-avx2-rust	keccak1600-x86_64	fixed	stack	137	throughput	2	78271	30126433	154433985	400591334	11932462262	11932462262
keccak1600-avx2-rust	keccak1600-x86_64	fixed	stack	137	latency	2	76769	30091583	154490946	393057638	11962556866	11962556866
keccak1600-avx2-rust	keccak1600-x86_64	runtime	shared	137	throughput	3	77638	30068173	154421695	403174487	11992628049	11992628049
keccak1600-avx2-rust	keccak1600-x86_64	runtime	shared	137	latency	3	75829	29999554	154359887	393932008	12022630632	12022630632
keccak1600-avx2-rust	keccak1600-x86_64	fixed	shared	137	throughput	3	78144	30194222	155252844	404317415	12052828025	12052828025
keccak1600-avx2-rust	keccak1600-x86_64	fixed	shared	137	latency	3	76677	30245163	155252369	396880508	12083070908	12083070908
keccak1600-avx2-rust	keccak1600-x86_64	runtime	stack	137	throughput	3	78175	30221323	155141252	417454847	12113295401	12113295401
keccak1600-avx2-rust	keccak1600-x86_64	runtime	stack	137	latency	3	76372	30045583	154317414	407979582	12143344335	12143344335
keccak1600-avx2-rust	keccak1600-x86_64	fixed	stack	137	throughput	3	78624	30228313	155127582	402397982	12173576018	12173576018
keccak1600-avx2-rust	keccak1600-x86_64	fixed	stack	137	latency	3	76707	30075823	154405661	392740188	12203655251	12203655251
keccak1600-avx2-rust	keccak1600-x86_64	runtime	asm	137	throughput	3	77764	31615697	156946572	777484825	12235274573	12235274573
keccak1600-avx2-rust	keccak1600-x86_64	runtime	asm	137	latency	3	75412	30438192	152244008	754120355	12265716116	12265716116
keccak1600-avx2-rust	keccak1600-x86_64	fixed	asm	137	throughput	3	75979	30345732	151693238	756371301	12296065169	12296065169
keccak1600-avx2-rust	keccak1600-x86_64	fixed	asm	137	latency	3	75709	30331812	151776437	753834864	12326400302	12326400302
keccak1600-avx2-rust	keccak1600-x86_64	runtime	stack	137	throughput	4	75979	29692935	150767762	405728213	12356096455	12356096455
keccak1600-avx2-rust	keccak1600-x86_64	runtime	stack	137	latency	4	76130	30047733	153785465	406686809	12386147728	12386147728
keccak1600-avx2-rust	keccak1600-x86_64	fixed	stack	137	throughput	4	78271	30056803	154403653	400591332	12416208102	12416208102
keccak1600-avx2-rust	keccak1600-x86_64	fixed	stack	137	latency	4	76707	30045054	154351811	392740190	12446249795	12446249795
keccak1600-avx2-rust	keccak1600-x86_64	runtime	asm	137	throughput	4	77450	31388568	156092668	774345455	12477641597	12477641597
keccak1600-avx2-rust	keccak1600-x86_64	runtime	asm	137	latency	4	75087	30364132	151603943	750870348	12508009020	12508009020
keccak1600-avx2-rust	keccak1600-x86_64	fixed	asm	137	throughput	4	75949	30266312	151505652	756072645	12538278703	12538278703
keccak1600-avx2-rust	keccak1600-x86_64	fixed	asm	137	latency	4	75176	30253743	151451927	748527781	12568536826	12568536826
keccak1600-avx2-rust	keccak1600-x86_64	runtime	shared	137	throughput	4	75769	29677055	150744763	393468768	12598217790	12598217790
keccak1600-avx2-rust	keccak1600-x86_64	runtime	shared	137	latency	4	75445	29997334	153577302	391937130	12628218233	12628218233
keccak1600-avx2-rust	keccak1600-x86_64	fixed	shared	137	throughput	4	77827	30075403	154620218	402677253	12658296736	12658296736
keccak1600-avx2-rust	keccak1600-x86_64	fixed	shared	137	latency	4	76677	30135733	155252400	396880503	12688435679	12688435679
keccak1600-avx2-rust	keccak1600-x86_64	control	empty	137	throughput	0	2000000	1949933	10026354	30000318	12690388688	12690388688
keccak1600-avx2-rust	keccak1600-x86_64	control	empty	137	latency	0	2000000	2456760	12206731	34000322	12692848405	12692848405
keccak1600-avx2-rust	keccak1600-x86_64	runtime	shared	272	throughput	0	49561	29025137	147670017	382611267	12721866189	12721866189
keccak1600-avx2-rust	keccak1600-x86_64	runtime	shared	272	latency	0	50887	29980914	153884845	392949769	12751850443	12751850443
keccak1600-avx2-rust	keccak1600-x86_64	fixed	shared	272	throughput	0	52230	30203682	155293845	402223580	12782053206	12782053206
keccak1600-avx2-rust	keccak1600-x86_64	fixed	shared	272	latency	0	51309	30039414	154403789	395233584	12812095779	12812095779
keccak1600-avx2-rust	keccak1600-x86_64	runtime	stack	272	throughput	0	51949	30111694	154567930	418709287	12842210622	12842210622
keccak1600-avx2-rust	keccak1600-x86_64	runtime	stack	272	latency	0	51350	30110393	154536595	413984056	12872324555	12872324555
keccak1600-avx2-rust	keccak1600-x86_64	fixed	stack	272	throughput	0	52117	30134223	154681185	415633430	12902462209	12902462209
keccak1600-avx2-rust	keccak1600-x86_64	fixed	stack	272	latency	0	51433	30107343	154524203	410281391	12932572773	12932572773
keccak1600-avx2-rust	keccak1600-x86_64	runtime	asm	272	throughput	0	51976	31306508	155350653	773351256	12963882435	12963882435
keccak1600-avx2-rust	keccak1600-x86_64	runtime	asm	272	latency	0	50196	30135023	150359527	746967025	12994020758	12994020758
keccak1600-avx2-rust	keccak1600-x86_64	fixed	asm	272	throughput	0	45059	26892066	134169394	668540729	13020916054	13020916054
keccak1600-avx2-rust	keccak1600-x86_64	fixed	asm	272	latency	0	50579	30187773	150675105	750542132	13051107047	13051107047
keccak1600-avx2-rust	keccak1600-x86_64	runtime	stack	272	throughput	1	50420	29596545	150014119	406385554	13080706791	13080706791
keccak1600-avx2-rust	keccak1600-x86_64	runtime	stack	272	latency	1	51063	30063824	153702164	411670261	13110773724	13110773724
keccak1600-avx2-rust	keccak1600-x86_64	fixed	stack	272	throughput	1	52074	30090324	154559416	415290508	13140867387	13140867387
keccak1600-avx2-rust	keccak1600-x86_64	fixed	stack	272	latency	1	51420	30100004	154495311	410177690	13170970560	13170970560
keccak1600-avx2-rust	keccak1600-x86_64	runtime	asm	272	throughput	1	51725	31163169	154596358	769616628	13202136973	13202136973
keccak1600-avx2-rust	keccak1600-x86_64	runtime	asm	272	latency	1	50673	30383742	151817423	754065266	13232523976	13232523976
keccak1600-avx2-rust	keccak1600-x86_64	fixed	asm	272	throughput	1	50996	30365863	151834278	756628011	13262893119	13262893119
keccak1600-avx2-rust	keccak1600-x86_64	fixed	asm	272	latency	1	50928	30297983	151676838	755720945	13293184932	13293184932
keccak1600-avx2-rust	keccak1600-x86_64	runtime	shared	272	throughput	1	50579	29710304	150762155	390470232	13322898476	13322898476
keccak1600-avx2-rust	keccak1600-x86_64	runtime	shared	272	latency	1	50820	30048934	153705773	392432397	13352945609	13352945609
keccak1600-avx2-rust	keccak1600-x86_64	fixed	shared	272	throughput	1	51948	30050873	154448710	400051898	13382999702	13382999702
keccak1600-avx2-rust	keccak1600-x86_64	fixed	shared	272	latency	1	46388	27142364	139591347	357327113	13410145188	13410145188
keccak1600-avx2-rust	keccak1600-x86_64	runtime	asm	272	throughput	2	52131	31330739	155730277	775657501	13441479070	13441479070
keccak1600-avx2-rust	keccak1600-x86_64	runtime	asm	272	latency	2	50699	30450221	152286080	754452173	13471932503	13471932503
keccak1600-avx2-rust	keccak1600-x86_64	fixed	asm	272	throughput	2	51036	30496402	152123831	757221486	13502432586	13502432586
keccak1600-avx2-rust	keccak1600-x86_64	fixed	asm	272	latency	2	50914	30396022	151750283	755513198	13532831999	13532831999
keccak1600-avx2-rust	keccak1600-x86_64	runtime	shared	272	throughput	2	50340	29553905	149824176	388625154	13562389343	13562389343
keccak1600-avx2-rust	keccak1600-x86_64	runtime	shared	272	latency	2	50579	29958244	152948382	390571398	13592344747	13592344747
keccak1600-avx2-rust	keccak1600-x86_64	fixed	shared	272	throughput	2	51962	30078494	154483409	400159722	13622426260	13622426260
keccak1600-avx2-rust	keccak1600-x86_64	fixed	shared	272	latency	2	51309	30072434	154397083	395233584	13652501853	13652501853
keccak1600-avx2-rust	keccak1600-x86_64	runtime	stack	272	throughput	2	51378	29770984	152839748	414107037	13682278127	13682278127
keccak1600-avx2-rust	keccak1600-x86_64	runtime	stack	272	latency	2	51612	30250983	155291542	416096306	13712532220	13712532220
keccak1600-avx2-rust	keccak1600-x86_64	fixed	stack	272	throughput	2	52301	30249742	155190478	417100839	13742781063	13742781063
keccak1600-avx2-rust	keccak1600-x86_64	fixed	stack	272	latency	2	51515	30235463	154767813	410935512	13773019626	13773019626
keccak1600-avx2-rust	keccak1600-x86_64	runtime	shared	272	throughput	3	51640	30126033	153890259	398661150	13803148749	13803148749
keccak1600-avx2-rust	keccak1600-x86_64	runtime	shared	272	latency	3	50847	29955573	153752603	392640886	13833107342	13833107342
keccak1600-avx2-rust	keccak1600-x86_64	fixed	shared	272	throughput	3	51976	30114613	154521932	400267534	13863217225	13863217225
keccak1600-avx2-rust	keccak1600-x86_64	fixed	shared	272	latency	3	51364	30099323	154522500	395657251	13893319639	13893319639
keccak1600-avx2-rust	keccak1600-x86_64	runtime	stack	272	throughput	3	51934	30119203	154506319	418588397	13923436642	13923436642
keccak1600-avx2-rust	keccak1600-x86_64	runtime	stack	272	latency	3	51378	30303583	154626562	414209797	13953743415	13953743415
keccak1600-avx2-rust	keccak1600-x86_64	fixed	stack	272	throughput	3	51571	29958393	153075560	411279083	13983705158	13983705158
keccak1600-avx2-rust	keccak1600-x86_64	fixed	stack	272	latency	3	51433	30094743	154531478	410281394	14013803691	14013803691
keccak1600-avx2-rust	keccak1600-x86_64	runtime	asm	272	throughput	3	52117	31242059	155400353	775449201	14045042323	14045042323
keccak1600-avx2-rust	keccak1600-x86_64	runtime	asm	272	latency	3	50526	30279452	150899872	751877763	14075324946	14075324946
keccak1600-avx2-rust	keccak1600-x86_64	fixed	asm	272	throughput	3	50592	30162283	150569399	750633858	14105482240	14105482240
keccak1600-avx2-rust	keccak1600-x86_64	fixed	asm	272	latency	3	50941	30287963	151454754	755913854	14135773263	14135773263
keccak1600-avx2-rust	keccak1600-x86_64	runtime	stack	272	throughput	4	50687	29752955	150851401	408537577	14165529316	14165529316
keccak1600-avx2-rust	keccak1600-x86_64	runtime	stack	272	latency	4	50860	29949204	153079469	410033675	14195481669	14195481669
keccak1600-avx2-rust	keccak1600-x86_64	fixed	stack	272	throughput	4	52088	30095773	154611476	415402158	14225580573	14225580573
keccak1600-avx2-rust	keccak1600-x86_64	fixed	stack	272	latency	4	51640	30197353	155141441	411932630	14255780926	14255780926
keccak1600-avx2-rust	keccak1600-x86_64	runtime	asm	272	throughput	4	52118	31326989	155436629	775464076	14287111018	14287111018
keccak1600-avx2-rust	keccak1600-x86_64	runtime	asm	272	latency	4	50780	30332922	151660045	755657535	14317447071	14317447071
keccak1600-avx2-rust	keccak1600-x86_64	fixed	asm	272	throughput	4	51023	30366972	151873896	757028612	14347817104	14347817104
keccak1600-avx2-rust	keccak1600-x86_64	fixed	asm	272	latency	4	50739	30288982	151443398	752916374	14378109257	14378109257
keccak1600-avx2-rust	keccak1600-x86_64	runtime	shared	272	throughput	4	50552	29692575	150668100	390261798	14407805020	14407805020
keccak1600-avx2-rust	keccak1600-x86_64	runtime	shared	272	latency	4	50887	30104853	153897352	392949772	14437907563	14437907563
keccak1600-avx2-rust	keccak1600-x86_64	fixed	shared	272	throughput	4	51990	30078483	154560323	400375349	14467989097	14467989097
keccak1600-avx2-rust	keccak1600-x86_64	fixed	shared	272	latency	4	51599	30184203	155277890	397467456	14498176480	14498176480
keccak1600-avx2-rust	keccak1600-x86_64	control	empty	272	throughput	0	2000000	1957692	10021251	30000318	14500137238	14500137238
keccak1600-avx2-rust	keccak1600-x86_64	control	empty	272	latency	0	2000000	2411571	12002813	34000320	14502551726	14502551726
keccak1600-avx2-rust	keccak1600-x86_64	runtime	shared	532	throughput	0	37281	29038477	147765409	381310422	14531593330	14531593330
keccak1600-avx2-rust	keccak1600-x86_64	runtime	shared	532	latency	0	38346	29994333	153749132	392279936	14561590683	14561590683
keccak1600-avx2-rust	keccak1600-x86_64	fixed	shared	532	throughput	0	39048	30101373	154577186	398641391	14591695196	14591695196
keccak1600-avx2-rust	keccak1600-x86_64	fixed	shared	532	latency	0	38686	30108483	154530458	395023095	14621806710	14621806710
keccak1600-avx2-rust	keccak1600-x86_64	runtime	stack	532	throughput	0	38984	30100314	154531067	420208891	14651910074	14651910074
keccak1600-avx2-rust	keccak1600-x86_64	runtime	stack	532	latency	0	38639	30115113	154550766	416567419	14682028407	14682028407
keccak1600-avx2-rust	keccak1600-x86_64	fixed	stack	532	throughput	0	39032	30127213	154566848	403669300	14712158800	14712158800
keccak1600-avx2-rust	keccak1600-x86_64	fixed	stack	532	latency	0	38639	30087683	154428999	399682169	14742245013	14742245013
keccak1600-avx2-rust	keccak1600-x86_64	runtime	asm	532	throughput	0	39095	31331229	155195599	772478462	14773579315	14773579315
keccak1600-avx2-rust	keccak1600-x86_64	runtime	asm	532	latency	0	38208	30325652	151712720	755028641	14803908358	14803908358
keccak1600-avx2-rust	keccak1600-x86_64	fixed	asm	532	throughput	0	38346	30365902	151615105	756413554	14834277561	14834277561
keccak1600-avx2-rust	keccak1600-x86_64	fixed	asm	532	latency	0	35294	27936152	139700286	696280382	14862217026	14862217026
keccak1600-avx2-rust	keccak1600-x86_64	runtime	stack	532	throughput	1	37997	29659815	150647356	409570014	14891880120	14891880120
keccak1600-avx2-rust	keccak1600-x86_64	runtime	stack	532	latency	1	38430	30055833	153765898	414314181	14921939153	14921939153
keccak1600-avx2-rust	keccak1600-x86_64	fixed	stack	532	throughput	1	39024	30237313	154622286	403586562	14952179666	14952179666
keccak1600-avx2-rust	keccak1600-x86_64	fixed	stack	532	latency	1	38477	30075604	153788328	398006440	14982258459	14982258459
keccak1600-avx2-rust	keccak1600-x86_64	runtime	asm	532	throughput	1	39223	31267229	155372735	775007610	15013528861	15013528861
keccak1600-avx2-rust	keccak1600-x86_64	runtime	asm	532	latency	1	38049	30230823	150858770	751886643	15043762864	15043762864
keccak1600-avx2-rust	keccak1600-x86_64	fixed	asm	532	throughput	1	38430	30349882	151774993	758070541	15074115877	15074115877
keccak1600-avx2-rust	keccak1600-x86_64	fixed	asm	532	latency	1	38331	30321012	151759263	756194323	15104440200	15104440200
keccak1600-avx2-rust	keccak1600-x86_64	runtime	shared	532	throughput	1	38065	29770274	150846856	389329175	15134213554	15134213554
keccak1600-avx2-rust	keccak1600-x86_64	runtime	shared	532	latency	1	38140	29928064	152911101	390172559	15164144657	15164144657
keccak1600-avx2-rust	keccak1600-x86_64	fixed	shared	532	throughput	1	39056	30126583	154615602	398723065	15194270700	15194270700
keccak1600-avx2-rust	keccak1600-x86_64	fixed	shared	532	latency	1	38686	30106153	154548822	395023101	15224380093	15224380093
keccak1600-avx2-rust	keccak1600-x86_64	runtime	asm	532	throughput	2	39231	31357148	155458352	775165688	15255733925	15255733925
keccak1600-avx2-rust	keccak1600-x86_64	runtime	asm	532	latency	2	37952	30180833	150465304	749969832	15285917988	15285917988
keccak1600-avx2-rust	keccak1600-x86_64	fixed	asm	532	throughput	2	38216	30470671	151861908	753849173	15316392021	15316392021
keccak1600-avx2-rust	keccak1600-x86_64	fixed	asm	532	latency	2	37230	29598675	147390423	734473792	15345986275	15345986275
keccak1600-avx2-rust	keccak1600-x86_64	runtime	shared	532	throughput	2	37832	29648625	149999823	386946045	15375638088	15375638088
keccak1600-avx2-rust	keccak1600-x86_64	runtime	shared	532	latency	2	38155	30001654	152968420	390326003	15405643052	15405643052
keccak1600-avx2-rust	keccak1600-x86_64	fixed	shared	532	throughput	2	38843	29990694	153779833	396548540	15435637055	15435637055
keccak1600-avx2-rust	keccak1600-x86_64	fixed	shared	532	latency	2	38670	30097523	154502033	394859723	15465737858	15465737858
keccak1600-avx2-rust	keccak1600-x86_64	runtime	stack	532	throughput	2	39008	30162483	154634700	420467587	15495903551	15495903551
keccak1600-avx2-rust	keccak1600-x86_64	runtime	stack	532	latency	2	38631	30238742	154530613	416481169	15526145554	15526145554
keccak1600-avx2-rust	keccak1600-x86_64	fixed	stack	532	throughput	2	38834	30115543	153838012	401621587	15556264327	15556264327
keccak1600-avx2-rust	keccak1600-x86_64	fixed	stack	532	latency	2	38492	30124643	153825707	398161600	15586387251	15586387251
keccak1600-avx2-rust	keccak1600-x86_64	runtime	shared	532	throughput	3	38772	30037374	153720417	396560376	15616428064	15616428064
keccak1600-avx2-rust	keccak1600-x86_64	runtime	shared	532	latency	3	38524	30095894	154478315	394100868	15646527227	15646527227
keccak1600-avx2-rust	keccak1600-x86_64	fixed	shared	532	throughput	3	39072	30237323	154671874	398886404	15676767810	15676767810
keccak1600-avx2-rust	keccak1600-x86_64	fixed	shared	532	latency	3	38531	30138183	153953144	393440391	15706905183	15706905183
keccak1600-avx2-rust	keccak1600-x86_64	runtime	stack	532	throughput	3	38795	30106943	153789107	418171654	15737015406	15737015406
keccak1600-avx2-rust	keccak1600-x86_64	runtime	stack	532	latency	3	38423	30079453	153668594	414238719	15767098380	15767098380
keccak1600-avx2-rust	keccak1600-x86_64	fixed	stack	532	throughput	3	38850	30130213	153901169	401787054	15797232304	15797232304
keccak1600-avx2-rust	keccak1600-x86_64	fixed	stack	532	latency	3	38647	30338652	154429830	399764925	15827566527	15827566527
keccak1600-avx2-rust	keccak1600-x86_64	runtime	asm	532	throughput	3	38866	31042829	153904395	767953655	15858612519	15858612519
keccak1600-avx2-rust	keccak1600-x86_64	runtime	asm	532	latency	3	38072	30283773	150939449	752341150	15888899442	15888899442
keccak1600-avx2-rust	keccak1600-x86_64	fixed	asm	532	throughput	3	38232	30261773	150755208	754164791	15919159095	15919159095
keccak1600-avx2-rust	keccak1600-x86_64	fixed	asm	532	latency	3	38201	30306472	151040791	753629678	15949468688	15949468688
keccak1600-avx2-rust	keccak1600-x86_64	runtime	stack	532	throughput	4	37832	29614825	149993564	407791485	15979086602	15979086602
keccak1600-avx2-rust	keccak1600-x86_64	runtime	stack	532	latency	4	38247	29985464	153052113	412341261	16009075506	16009075506
keccak1600-avx2-rust	keccak1600-x86_64	fixed	stack	532	throughput	4	38819	29953713	153702254	401466459	16039032249	16039032249
keccak1600-avx2-rust	keccak1600-x86_64	fixed	stack	532	latency	4	38631	30071344	154399071	399599419	16069106812	16069106812
keccak1600-avx2-rust	keccak1600-x86_64	runtime	asm	532	throughput	4	39016	31470958	155111128	770917499	16100575184	16100575184
keccak1600-avx2-rust	keccak1600-x86_64	runtime	asm	532	latency	4	37281	29834024	148056151	736710197	16130412548	16130412548
keccak1600-avx2-rust	keccak1600-x86_64	fixed	asm	532	throughput	4	38239	30344862	150911970	754302871	16160760641	16160760641
keccak1600-avx2-rust	keccak1600-x86_64	fixed	asm	532	latency	4	38178	30253323	150775984	753175937	16191017524	16191017524
keccak1600-avx2-rust	keccak1600-x86_64	runtime	shared	532	throughput	4	37647	29467905	149251144	385053872	16220489087	16220489087
keccak1600-avx2-rust	keccak1600-x86_64	runtime	shared	532	latency	4	38155	29976364	152979180	390326006	16250468601	16250468601
keccak1600-avx2-rust	keccak1600-x86_64	fixed	shared	532	throughput	4	39024	30102223	154473306	398396376	16280568444	16280568444
keccak1600-avx2-rust	keccak1600-x86_64	fixed	shared	532	latency	4	38662	30093103	154440022	394778037	16310664707	16310664707
keccak1600-avx2-rust	keccak1600-x86_64	control	empty	532	throughput	0	2000000	2343261	12002708	30000317	16313011205	16313011205
keccak1600-avx2-rust	keccak1600-x86_64	control	empty	532	latency	0	2000000	2416100	12057624	34000322	16315430253	16315430253
keccak1600-avx2-rust	keccak1600-x86_64	runtime	shared	1024	throughput	0	18755	29197717	148558505	381945927	16344631117	16344631117
keccak1600-avx2-rust	keccak1600-x86_64	runtime	shared	1024	latency	0	19318	29989444	153768888	393450057	16374624211	16374624211
keccak1600-avx2-rust	keccak1600-x86_64	fixed	shared	1024	throughput	0	19522	30129173	154554367	397194972	16404750594	16404750594
keccak1600-avx2-rust	keccak1600-x86_64	fixed	shared	1024	latency	0	19437	30103663	154517004	395504424	16434857387	16434857387
keccak1600-avx2-rust	keccak1600-x86_64	runtime	stack	1024	throughput	0	19494	30117943	154479781	422454831	16464978590	16464978590
keccak1600-avx2-rust	keccak1600-x86_64	runtime	stack	1024	latency	0	19419	30193073	154520301	420868342	16495175063	16495175063
keccak1600-avx2-rust	keccak1600-x86_64	fixed	stack	1024	throughput	0	19364	29926604	153007225	399925046	16525104906	16525104906
keccak1600-avx2-rust	keccak1600-x86_64	fixed	stack	1024	latency	0	18864	29221776	149820398	389636273	16554329870	16554329870
keccak1600-avx2-rust	keccak1600-x86_64	runtime	asm	1024	throughput	0	19724	31632827	156306496	775054937	16585965982	16585965982
keccak1600-avx2-rust	keccak1600-x86_64	runtime	asm	1024	latency	0	19182	30291522	150928578	753795406	16616260775	16616260775
keccak1600-avx2-rust	keccak1600-x86_64	fixed	asm	1024	throughput	0	19112	30189033	150506884	750356578	16646453168	16646453168
keccak1600-avx2-rust	keccak1600-x86_64	fixed	asm	1024	latency	0	18433	29074667	145113333	723735228	16675531172	16675531172
keccak1600-avx2-rust	keccak1600-x86_64	runtime	stack	1024	throughput	1	18944	29636505	150138511	410535768	16705171196	16705171196
keccak1600-avx2-rust	keccak1600-x86_64	runtime	stack	1024	latency	1	19240	29966734	153121229	416988877	16735136870	16735136870
keccak1600-avx2-rust	keccak1600-x86_64	fixed	stack	1024	throughput	1	19435	29911914	153534309	401391401	16765052123	16765052123
keccak1600-avx2-rust	keccak1600-x86_64	fixed	stack	1024	latency	1	18695	28937228	148549231	386145570	16793992727	16793992727
keccak1600-avx2-rust	keccak1600-x86_64	runtime	asm	1024	throughput	1	19411	30822940	152941462	762755599	16824819050	16824819050
keccak1600-avx2-rust	keccak1600-x86_64	runtime	asm	1024	latency	1	18299	28911267	144268763	719096146	16853734095	16853734095
keccak1600-avx2-rust	keccak1600-x86_64	fixed	asm	1024	throughput	1	19221	30314732	151511093	754636031	16884052118	16884052118
keccak1600-avx2-rust	keccak1600-x86_64	fixed	asm	1024	latency	1	18655	29530265	147424546	732451615	16913585821	16913585821
keccak1600-avx2-rust	keccak1600-x86_64	runtime	shared	1024	throughput	1	19028	29713005	150679874	387505571	16943302145	16943302145
keccak1600-avx2-rust	keccak1600-x86_64	runtime	shared	1024	latency	1	19316	30064814	153752792	393409321	16973370228	16973370228
keccak1600-avx2-rust	keccak1600-x86_64	fixed	shared	1024	throughput	1	19526	30101623	154520254	397276350	17003475041	17003475041
keccak1600-avx2-rust	keccak1600-x86_64	fixed	shared	1024	latency	1	19532	30215433	155267589	397437480	17033693664	17033693664
keccak1600-avx2-rust	keccak1600-x86_64	runtime	asm	1024	throughput	2	19771	31630348	156632779	776901800	17065327246	17065327246
keccak1600-avx2-rust	keccak1600-x86_64	runtime	asm	1024	latency	2	19194	30335023	151320911	754266967	17095665589	17095665589
keccak1600-avx2-rust	keccak1600-x86_64	fixed	asm	1024	throughput	2	19259	30630411	153090123	756127952	17126300951	17126300951
keccak1600-avx2-rust	keccak1600-x86_64	fixed	asm	1024	latency	2	15818	25161312	125501345	621062475	17151468819	17151468819
keccak1600-avx2-rust	keccak1600-x86_64	runtime	shared	1024	throughput	2	18949	29650665	150093369	385896731	17181123512	17181123512
keccak1600-avx2-rust	keccak1600-x86_64	runtime	shared	1024	latency	2	18408	28714979	146556834	374916078	17209841997	17209841997
keccak1600-avx2-rust	keccak1600-x86_64	fixed	shared	1024	throughput	2	19526	30115994	154551200	397276341	17239961491	17239961491
keccak1600-avx2-rust	keccak1600-x86_64	fixed	shared	1024	latency	2	19437	30102193	154527871	395504420	17270066954	17270066954
keccak1600-avx2-rust	keccak1600-x86_64	runtime	stack	1024	throughput	2	19488	30171833	154491515	422324797	17300229327	17300229327
keccak1600-avx2-rust	keccak1600-x86_64	runtime	stack	1024	latency	2	19411	30160104	154463916	420694952	17330392840	17330392840
keccak1600-avx2-rust	keccak1600-x86_64	fixed	stack	1024	throughput	2	19550	30105543	154479501	403766499	17360501903	17360501903
keccak1600-avx2-rust	keccak1600-x86_64	fixed	stack	1024	latency	2	19458	30112463	154548573	401905341	17390617776	17390617776
keccak1600-avx2-rust	keccak1600-x86_64	runtime	shared	1024	throughput	3	19506	30098403	154496921	397240040	17420719539	17420719539
keccak1600-avx2-rust	keccak1600-x86_64	runtime	shared	1024	latency	3	19431	30140643	154667151	395751523	17450863422	17450863422
keccak1600-avx2-rust	keccak1600-x86_64	fixed	shared	1024	throughput	3	19528	30157433	154570928	397317039	17481024045	17481024045
keccak1600-avx2-rust	keccak1600-x86_64	fixed	shared	1024	latency	3	19435	30109903	154519345	395463725	17511137228	17511137228
keccak1600-avx2-rust	keccak1600-x86_64	runtime	stack	1024	throughput	3	19496	30176013	154515644	422498163	17541317821	17541317821
keccak1600-avx2-rust	keccak1600-x86_64	runtime	stack	1024	latency	3	19417	30283443	154572564	420824993	17571598564	17571598564
keccak1600-avx2-rust	keccak1600-x86_64	fixed	stack	1024	throughput	3	19488	30102633	153957215	402486009	17601704408	17601704408
keccak1600-avx2-rust	keccak1600-x86_64	fixed	stack	1024	latency	3	19448	30145243	154547950	401698784	17631852872	17631852872
keccak1600-avx2-rust	keccak1600-x86_64	runtime	asm	1024	throughput	3	19173	30739630	152440442	753403391	17662595814	17662595814
keccak1600-avx2-rust	keccak1600-x86_64	runtime	asm	1024	latency	3	18877	30432472	151644933	741809816	17693032167	17693032167
keccak1600-avx2-rust	keccak1600-x86_64	fixed	asm	1024	throughput	3	19316	30807121	153471470	758365823	17723844049	17723844049
keccak1600-avx2-rust	keccak1600-x86_64	fixed	asm	1024	latency	3	18635	29518906	146986759	731666359	17753360923	17753360923
keccak1600-avx2-rust	keccak1600-x86_64	runtime	stack	1024	throughput	4	18931	29647186	150030809	410254056	17783011707	17783011707
keccak1600-avx2-rust	keccak1600-x86_64	runtime	stack	1024	latency	4	19234	30019214	153055680	416858835	17813034291	17813034291
keccak1600-avx2-rust	keccak1600-x86_64	fixed	stack	1024	throughput	4	19464	30047094	153780059	401990343	17843084624	17843084624
keccak1600-avx2-rust	keccak1600-x86_64	fixed	stack	1024	latency	4	19458	30125453	154533958	401905347	17873202067	17873202067
keccak1600-avx2-rust	keccak1600-x86_64	runtime	asm	1024	throughput	4	19700	31307589	155375904	774111855	17904512909	17904512909
keccak1600-avx2-rust	keccak1600-x86_64	runtime	asm	1024	latency	4	19167	30822891	153663301	753205955	17935332321	17935332321
keccak1600-avx2-rust	keccak1600-x86_64	fixed	asm	1024	throughput	4	19232	30337202	151189275	755067904	17965673244	17965673244
keccak1600-avx2-rust	keccak1600-x86_64	fixed	asm	1024	latency	4	18387	29042167	144712659	721929133	17994719098	17994719098
keccak1600-avx2-rust	keccak1600-x86_64	runtime	shared	1024	throughput	4	18949	29619025	150078908	385896736	18024341422	18024341422
keccak1600-avx2-rust	keccak1600-x86_64	runtime	shared	1024	latency	4	19223	29994133	153023988	391515191	18054338715	18054338715
keccak1600-avx2-rust	keccak1600-x86_64	fixed	shared	1024	throughput	4	18893	29159407	149536695	384397331	18083494789	18083494789
keccak1600-avx2-rust	keccak1600-x86_64	fixed	shared	1024	latency	4	19532	30251003	155259004	397437487	18113748912	18113748912
keccak1600-avx2-rust	keccak1600-x86_64	control	empty	1024	throughput	0	2000000	1949172	10002840	30000319	18115701060	18115701060
keccak1600-avx2-rust	keccak1600-x86_64	control	empty	1024	latency	0	2000000	3248178	16058741	34000321	18118952177	18118952177
keccak1600-avx2-rust	keccak1600-x86_64	runtime	shared	4096	throughput	0	4917	29679095	150749518	386506058	18148634611	18148634611
keccak1600-avx2-rust	keccak1600-x86_64	runtime	shared	4096	latency	0	5011	30106643	153785494	393905046	18178744504	18178744504
keccak1600-avx2-rust	keccak1600-x86_64	fixed	shared	4096	throughput	0	4908	29507476	150414061	385705347	18208256398	18208256398
keccak1600-avx2-rust	keccak1600-x86_64	fixed	shared	4096	latency	0	4929	29741285	151370792	387365532	18238004292	18238004292
keccak1600-avx2-rust	keccak1600-x86_64	runtime	stack	4096	throughput	0	5009	30096083	153758490	422269070	18268105396	18268105396
keccak1600-avx2-rust	keccak1600-x86_64	runtime	stack	4096	latency	0	4948	29691035	152045389	417136545	18297799690	18297799690
keccak1600-avx2-rust	keccak1600-x86_64	fixed	stack	4096	throughput	0	5006	29996904	153334411	400124925	18327799974	18327799974
keccak1600-avx2-rust	keccak1600-x86_64	fixed	stack	4096	latency	0	5015	30066393	153816680	400854321	18357871047	18357871047
keccak1600-avx2-rust	keccak1600-x86_64	runtime	asm	4096	throughput	0	5053	31163280	153900186	766181683	18389039199	18389039199
keccak1600-avx2-rust	keccak1600-x86_64	runtime	asm	4096	latency	0	4978	30442082	151680849	754819468	18419486102	18419486102
keccak1600-avx2-rust	keccak1600-x86_64	fixed	asm	4096	throughput	0	4976	30743361	153147271	754312196	18450225495	18450225495
keccak1600-avx2-rust	keccak1600-x86_64	fixed	asm	4096	latency	0	4930	30212043	150589831	747348914	18480440818	18480440818
keccak1600-avx2-rust	keccak1600-x86_64	runtime	stack	4096	throughput	1	4881	29672285	149835903	411478417	18510116722	18510116722
keccak1600-avx2-rust	keccak1600-x86_64	runtime	stack	4096	latency	1	4980	30068703	153039723	419834274	18540189296	18540189296
keccak1600-avx2-rust	keccak1600-x86_64	fixed	stack	4096	throughput	1	5020	30099164	153767307	401243932	18570291799	18570291799
keccak1600-avx2-rust	keccak1600-x86_64	fixed	stack	4096	latency	1	4959	29786494	152106447	396378183	18600081742	18600081742
keccak1600-avx2-rust	keccak1600-x86_64	runtime	asm	4096	throughput	1	5097	31300358	154840501	772853366	18631385504	18631385504
keccak1600-avx2-rust	keccak1600-x86_64	runtime	asm	4096	latency	1	4743	28988918	144400450	719186179	18660378028	18660378028
keccak1600-avx2-rust	keccak1600-x86_64	fixed	asm	4096	throughput	1	4977	30571921	152247088	754463783	18690947830	18690947830
keccak1600-avx2-rust	keccak1600-x86_64	fixed	asm	4096	latency	1	4977	30727840	153051138	754473734	18721679473	18721679473
keccak1600-avx2-rust	keccak1600-x86_64	runtime	shared	4096	throughput	1	4896	29676725	150097291	384855320	18751360327	18751360327
keccak1600-avx2-rust	keccak1600-x86_64	runtime	shared	4096	latency	1	4934	29784014	151714554	387852217	18781149961	18781149961
keccak1600-avx2-rust	keccak1600-x86_64	fixed	shared	4096	throughput	1	5017	30208413	153757044	394271334	18811362974	18811362974
keccak1600-avx2-rust	keccak1600-x86_64	fixed	shared	4096	latency	1	4936	29699745	151574375	387915657	18841066438	18841066438
keccak1600-avx2-rust	keccak1600-x86_64	runtime	asm	4096	throughput	2	4998	30890821	152728640	757842091	18871961001	18871961001
keccak1600-avx2-rust	keccak1600-x86_64	runtime	asm	4096	latency	2	4930	30174133	150289543	747541175	18902138984	18902138984
keccak1600-avx2-rust	keccak1600-x86_64	fixed	asm	4096	throughput	2	4973	30692141	152915598	753857415	18932835087	18932835087
keccak1600-avx2-rust	keccak1600-x86_64	fixed	asm	4096	latency	2	4978	30627171	152595383	754625326	18963465740	18963465740
keccak1600-avx2-rust	keccak1600-x86_64	runtime	shared	4096	throughput	2	4895	29611306	150043992	384776715	18993080683	18993080683
keccak1600-avx2-rust	keccak1600-x86_64	runtime	shared	4096	latency	2	4975	29962424	152690527	391075149	19023036226	19023036226
keccak1600-avx2-rust	keccak1600-x86_64	fixed	shared	4096	throughput	2	4966	29769074	152197165	390263387	19052809149	19052809149
keccak1600-avx2-rust	keccak1600-x86_64	fixed	shared	4096	latency	2	5008	30101814	153782957	393574067	19082915002	19082915002
keccak1600-avx2-rust	keccak1600-x86_64	runtime	stack	4096	throughput	2	4948	29723035	151878434	417126650	19112642285	19112642285
keccak1600-avx2-rust	keccak1600-x86_64	runtime	stack	4096	latency	2	4950	29779654	152116990	417305152	19142425428	19142425428
keccak1600-avx2-rust	keccak1600-x86_64	fixed	stack	4096	throughput	2	5021	30134354	153823025	401323862	19172560221	19172560221
keccak1600-avx2-rust	keccak1600-x86_64	fixed	stack	4096	latency	2	4956	29773354	152020467	396138385	19202338034	19202338034
keccak1600-avx2-rust	keccak1600-x86_64	runtime	shared	4096	throughput	3	5018	30131984	153828217	394445257	19232474067	19232474067
keccak1600-avx2-rust	keccak1600-x86_64	runtime	shared	4096	latency	3	4943	29736354	151705384	388559692	19262202601	19262202601
keccak1600-avx2-rust	keccak1600-x86_64	fixed	shared	4096	throughput	3	4995	30032024	153101832	392542413	19292239095	19292239095
keccak1600-avx2-rust	keccak1600-x86_64	fixed	shared	4096	latency	3	5009	30128984	153811169	393652650	19322373699	19322373699
keccak1600-avx2-rust	keccak1600-x86_64	runtime	stack	4096	throughput	3	5011	30211763	153844836	422437672	19352590382	19352590382
keccak1600-avx2-rust	keccak1600-x86_64	runtime	stack	4096	latency	3	4956	29845784	152334500	417810972	19382440235	19382440235
keccak1600-avx2-rust	keccak1600-x86_64	fixed	stack	4096	throughput	3	5021	30118183	153807369	401323859	19412562818	19412562818
keccak1600-avx2-rust	keccak1600-x86_64	fixed	stack	4096	latency	3	4960	29779125	152132795	396458113	19442345581	19442345581
keccak1600-avx2-rust	keccak1600-x86_64	runtime	asm	4096	throughput	3	5103	31425578	155112721	773763145	19473774463	19473774463
keccak1600-avx2-rust	keccak1600-x86_64	runtime	asm	4096	latency	3	4980	30620492	152132882	755122734	19504398366	19504398366
keccak1600-avx2-rust	keccak1600-x86_64	fixed	asm	4096	throughput	3	4977	30874970	153664088	754463784	19535278358	19535278358
keccak1600-avx2-rust	keccak1600-x86_64	fixed	asm	4096	latency	3	4744	29016548	144471128	719152794	19564299372	19564299372
keccak1600-avx2-rust	keccak1600-x86_64	runtime	stack	4096	throughput	4	4887	29740695	150009312	411984229	19594032366	19594032366
keccak1600-avx2-rust	keccak1600-x86_64	runtime	stack	4096	latency	4	4980	30067803	153037858	419834277	19624103610	19624103610
keccak1600-avx2-rust	keccak1600-x86_64	fixed	stack	4096	throughput	4	4968	29715135	152150659	397087621	19653821844	19653821844
keccak1600-avx2-rust	keccak1600-x86_64	fixed	stack	4096	latency	4	5016	30086224	153827939	400934248	19683911298	19683911298
keccak1600-avx2-rust	keccak1600-x86_64	runtime	asm	4096	throughput	4	5054	31066639	153393994	766333322	19714976461	19714976461
keccak1600-avx2-rust	keccak1600-x86_64	runtime	asm	4096	latency	4	4935	30161333	150091186	748299330	19745141234	19745141234
keccak1600-avx2-rust	keccak1600-x86_64	fixed	asm	4096	throughput	4	4884	30094473	149891678	740365913	19775234017	19775234017
keccak1600-avx2-rust	keccak1600-x86_64	fixed	asm	4096	latency	4	4969	30512502	152004259	753260995	19805749890	19805749890
keccak1600-avx2-rust	keccak1600-x86_64	runtime	shared	4096	throughput	4	4894	29678815	150052977	384698112	19835422064	19835422064
keccak1600-avx2-rust	keccak1600-x86_64	runtime	shared	4096	latency	4	4928	29674575	151237176	387380574	19865101018	19865101018
keccak1600-avx2-rust	keccak1600-x86_64	fixed	shared	4096	throughput	4	4959	29709465	151982960	389713286	19894807152	19894807152
keccak1600-avx2-rust	keccak1600-x86_64	fixed	shared	4096	latency	4	5009	30215853	153817121	393652653	19925027225	19925027225
keccak1600-avx2-rust	keccak1600-x86_64	control	empty	4096	throughput	0	2000000	2370261	12033923	30000321	19927401273	19927401273
keccak1600-avx2-rust	keccak1600-x86_64	control	empty	4096	latency	0	2000000	3185367	16003963	34000321	19930589680	19930589680
keccak1600-avx2-rust	keccak1600-x86_64	runtime	shared	16384	throughput	0	1251	29380416	149568555	383264216	19959973664	19959973664
keccak1600-avx2-rust	keccak1600-x86_64	runtime	shared	16384	latency	0	1283	29980324	153426210	393070488	19989957767	19989957767
keccak1600-avx2-rust	keccak1600-x86_64	fixed	shared	16384	throughput	0	1286	30073914	153608714	393962587	20020027490	20020027490
keccak1600-avx2-rust	keccak1600-x86_64	fixed	shared	16384	latency	0	1279	29945034	152898640	391820720	20049976464	20049976464
keccak1600-avx2-rust	keccak1600-x86_64	runtime	stack	16384	throughput	0	1277	29958514	153009196	420605839	20079939337	20079939337
keccak1600-avx2-rust	keccak1600-x86_64	runtime	stack	16384	latency	0	1275	30007884	152848316	419949656	20109954160	20109954160
keccak1600-avx2-rust	keccak1600-x86_64	fixed	stack	16384	throughput	0	1277	29968494	152703316	398485651	20139919784	20139919784
keccak1600-avx2-rust	keccak1600-x86_64	fixed	stack	16384	latency	0	1282	30010644	153320065	400048456	20169935877	20169935877
keccak1600-avx2-rust	keccak1600-x86_64	runtime	asm	16384	throughput	0	1305	31313849	154693379	771499395	20201253299	20201253299
keccak1600-avx2-rust	keccak1600-x86_64	runtime	asm	16384	latency	0	1273	30332292	150919606	752583952	20231589062	20231589062
keccak1600-avx2-rust	keccak1600-x86_64	fixed	asm	16384	throughput	0	1252	30433412	151570342	740121405	20262025915	20262025915
keccak1600-avx2-rust	keccak1600-x86_64	fixed	asm	16384	latency	0	1273	30709561	153039252	752538124	20292739517	20292739517
keccak1600-avx2-rust	keccak1600-x86_64	runtime	stack	16384	throughput	1	1243	29458566	148937600	409407255	20322203480	20322203480
keccak1600-avx2-rust	keccak1600-x86_64	runtime	stack	16384	latency	1	1273	29955724	152575122	419290909	20352164843	20352164843
keccak1600-avx2-rust	keccak1600-x86_64	fixed	stack	16384	throughput	1	1280	29905124	153032220	399421797	20382065997	20382065997
keccak1600-avx2-rust	keccak1600-x86_64	fixed	stack	16384	latency	1	1285	30046263	153694882	400984606	20412115950	20412115950
keccak1600-avx2-rust	keccak1600-x86_64	runtime	asm	16384	throughput	1	1300	31317389	154274247	768543450	20443437332	20443437332
keccak1600-avx2-rust	keccak1600-x86_64	runtime	asm	16384	latency	1	1266	30211302	150133100	748445623	20473652815	20473652815
keccak1600-avx2-rust	keccak1600-x86_64	fixed	asm	16384	throughput	1	1202	29055777	144295598	710563849	20502712950	20502712950
keccak1600-avx2-rust	keccak1600-x86_64	fixed	asm	16384	latency	1	1263	30276172	150847068	746626588	20532993143	20532993143
keccak1600-avx2-rust	keccak1600-x86_64	runtime	shared	16384	throughput	1	1250	29503786	149460590	382957853	20562500857	20562500857
keccak1600-avx2-rust	keccak1600-x86_64	runtime	shared	16384	latency	1	1274	30131834	152371018	390313187	20592637891	20592637891
keccak1600-avx2-rust	keccak1600-x86_64	fixed	shared	16384	throughput	1	1255	29937664	149952104	384465840	20622581264	20622581264
keccak1600-avx2-rust	keccak1600-x86_64	fixed	shared	16384	latency	1	1270	29920814	151720419	389063587	20652505707	20652505707
keccak1600-avx2-rust	keccak1600-x86_64	runtime	asm	16384	throughput	2	1297	31293119	154885230	766769899	20683797139	20683797139
keccak1600-avx2-rust	keccak1600-x86_64	runtime	asm	16384	latency	2	1275	30171273	150701480	753766330	20713971802	20713971802
keccak1600-avx2-rust	keccak1600-x86_64	fixed	asm	16384	throughput	2	1263	30346942	151401836	746624070	20744321865	20744321865
keccak1600-avx2-rust	keccak1600-x86_64	fixed	asm	16384	latency	2	1213	29609416	148063748	717068944	20773934789	20773934789
keccak1600-avx2-rust	keccak1600-x86_64	runtime	shared	16384	throughput	2	1257	29609026	150284019	385102414	20803547543	20803547543
keccak1600-avx2-rust	keccak1600-x86_64	runtime	shared	16384	latency	2	1273	29804575	152208563	390006819	20833355627	20833355627
keccak1600-avx2-rust	keccak1600-x86_64	fixed	shared	16384	throughput	2	1279	29830105	152758031	391818163	20863188921	20863188921
keccak1600-avx2-rust	keccak1600-x86_64	fixed	shared	16384	latency	2	1289	30011413	154060064	394884217	20893203464	20893203464
keccak1600-avx2-rust	keccak1600-x86_64	runtime	stack	16384	throughput	2	1286	30125054	154077006	423570175	20923331747	20923331747
keccak1600-avx2-rust	keccak1600-x86_64	runtime	stack	16384	latency	2	1280	30304133	153445829	421596515	20953639490	20953639490
keccak1600-avx2-rust	keccak1600-x86_64	fixed	stack	16384	throughput	2	1264	30211813	151142920	394429018	20983855853	20983855853
keccak1600-avx2-rust	keccak1600-x86_64	fixed	stack	16384	latency	2	1253	29877514	149884883	390998998	21013738016	21013738016
keccak1600-avx2-rust	keccak1600-x86_64	runtime	shared	16384	throughput	3	1270	29944574	151932271	389085169	21043688729	21043688729
keccak1600-avx2-rust	keccak1600-x86_64	runtime	shared	16384	latency	3	1275	30152823	152495239	390619554	21073832283	21073832283
keccak1600-avx2-rust	keccak1600-x86_64	fixed	shared	16384	throughput	3	1278	29970774	152703459	391511812	21103808386	21103808386
keccak1600-avx2-rust	keccak1600-x86_64	fixed	shared	16384	latency	3	1283	30086943	153368931	393046123	21133900889	21133900889
keccak1600-avx2-rust	keccak1600-x86_64	runtime	stack	16384	throughput	3	1278	30110813	153147083	420935209	21164007592	21164007592
keccak1600-avx2-rust	keccak1600-x86_64	runtime	stack	16384	latency	3	1272	30005793	152495575	418961537	21194018495	21194018495
keccak1600-avx2-rust	keccak1600-x86_64	fixed	stack	16384	throughput	3	1272	29864934	152111220	396925403	21223881769	21223881769
keccak1600-avx2-rust	keccak1600-x86_64	fixed	stack	16384	latency	3	1279	30032644	153003612	399112299	21253918212	21253918212
keccak1600-avx2-rust	keccak1600-x86_64	runtime	asm	16384	throughput	3	1276	30913940	152118399	754354966	21284836114	21284836114
keccak1600-avx2-rust	keccak1600-x86_64	runtime	asm	16384	latency	3	1207	28995038	143739591	713565466	21313835559	21313835559
keccak1600-avx2-rust	keccak1600-x86_64	fixed	asm	16384	throughput	3	1273	30798101	152901327	752535573	21344637811	21344637811
keccak1600-avx2-rust	keccak1600-x86_64	fixed	asm	16384	latency	3	1264	30308453	150410483	747217742	21374950164	21374950164
keccak1600-avx2-rust	keccak1600-x86_64	runtime	stack	16384	throughput	4	1249	29659845	149673253	411383476	21404614288	21404614288
keccak1600-avx2-rust	keccak1600-x86_64	runtime	stack	16384	latency	4	1270	29951114	152244271	418302791	21434569631	21434569631
keccak1600-avx2-rust	keccak1600-x86_64	fixed	stack	16384	throughput	4	1278	29950324	152832567	398797694	21464511884	21464511884
keccak1600-avx2-rust	keccak1600-x86_64	fixed	stack	16384	latency	4	1279	29957553	152973065	399112295	21494473208	21494473208
keccak1600-avx2-rust	keccak1600-x86_64	runtime	asm	16384	throughput	4	1280	30869620	152129922	756719709	21525347711	21525347711
keccak1600-avx2-rust	keccak1600-x86_64	runtime	asm	16384	latency	4	1256	30149703	149533551	742533729	21555502304	21555502304
keccak1600-avx2-rust	keccak1600-x86_64	fixed	asm	16384	throughput	4	1264	30537801	151325534	747215211	21586039347	21586039347
keccak1600-avx2-rust	keccak1600-x86_64	fixed	asm	16384	latency	4	1245	30204403	149918614	735985833	21616249021	21616249021
keccak1600-avx2-rust	keccak1600-x86_64	runtime	shared	16384	throughput	4	1251	29645065	149614388	383264212	21645899764	21645899764
keccak1600-avx2-rust	keccak1600-x86_64	runtime	shared	16384	latency	4	1267	29785284	151529183	388168599	21675690667	21675690667
keccak1600-avx2-rust	keccak1600-x86_64	fixed	shared	16384	throughput	4	1284	30066634	153416978	393349899	21705752180	21705752180
keccak1600-avx2-rust	keccak1600-x86_64	fixed	shared	16384	latency	4	1282	30021534	153253085	392739772	21735777993	21735777993
keccak1600-avx2-rust	keccak1600-x86_64	control	empty	16384	throughput	0	2000000	2203962	11163389	30000320	21737985791	21737985791
keccak1600-avx2-rust	keccak1600-x86_64	control	empty	16384	latency	0	2000000	3207487	16040595	34000320	21741196379	21741196379
keccak1600-avx2-rust	keccak1600-x86_64	runtime	shared	131072	throughput	0	159	29836955	151492604	387959398	21771039432	21771039432
keccak1600-avx2-rust	keccak1600-x86_64	runtime	shared	131072	latency	0	160	29845184	152413687	390399710	21800893435	21800893435
keccak1600-avx2-rust	keccak1600-x86_64	fixed	shared	131072	throughput	0	160	29913194	152391821	390396345	21830814469	21830814469
keccak1600-avx2-rust	keccak1600-x86_64	fixed	shared	131072	latency	0	160	29842104	152448592	390396668	21860661233	21860661233
keccak1600-avx2-rust	keccak1600-x86_64	runtime	stack	131072	throughput	0	160	30012424	152836540	419977783	21890680467	21890680467
keccak1600-avx2-rust	keccak1600-x86_64	runtime	stack	131072	latency	0	160	30062823	152881417	419978111	21920753011	21920753011
keccak1600-avx2-rust	keccak1600-x86_64	fixed	stack	131072	throughput	0	159	29809475	151506967	395300110	21950571675	21950571675
keccak1600-avx2-rust	keccak1600-x86_64	fixed	stack	131072	latency	0	159	29777845	151480051	395300428	21980357489	21980357489
keccak1600-avx2-rust	keccak1600-x86_64	runtime	asm	131072	throughput	0	151	28868848	142952888	710968599	22009235303	22009235303
keccak1600-avx2-rust	keccak1600-x86_64	runtime	asm	131072	latency	0	155	29629545	146940267	729802501	22038871937	22038871937
keccak1600-avx2-rust	keccak1600-x86_64	fixed	asm	131072	throughput	0	157	30182433	149734657	739213974	22069061181	22069061181
keccak1600-avx2-rust	keccak1600-x86_64	fixed	asm	131072	latency	0	157	30254833	150040414	739214284	22099314694	22099314694
keccak1600-avx2-rust	keccak1600-x86_64	runtime	stack	131072	throughput	1	158	29810644	150917704	414728068	22129131887	22129131887
keccak1600-avx2-rust	keccak1600-x86_64	runtime	stack	131072	latency	1	159	29773115	151881551	417353246	22158911770	22158911770
keccak1600-avx2-rust	keccak1600-x86_64	fixed	stack	131072	throughput	1	160	29920254	152431266	397786270	22188838573	22188838573
keccak1600-avx2-rust	keccak1600-x86_64	fixed	stack	131072	latency	1	160	29926474	152421752	397786593	22218770716	22218770716
keccak1600-avx2-rust	keccak1600-x86_64	runtime	asm	131072	throughput	1	154	29373276	145633580	725093801	22248149680	22248149680
keccak1600-avx2-rust	keccak1600-x86_64	runtime	asm	131072	latency	1	158	30199484	149891848	743927712	22278355143	22278355143
keccak1600-avx2-rust	keccak1600-x86_64	fixed	asm	131072	throughput	1	154	29626716	146941887	725088868	22307982147	22307982147
keccak1600-avx2-rust	keccak1600-x86_64	fixed	asm	131072	latency	1	157	30055484	149034223	739214280	22338043810	22338043810
keccak1600-avx2-rust	keccak1600-x86_64	runtime	shared	131072	throughput	1	158	29690715	150513134	385519401	22367743044	22367743044
keccak1600-avx2-rust	keccak1600-x86_64	runtime	shared	131072	latency	1	160	29842844	152400392	390399708	22397593418	22397593418
keccak1600-avx2-rust	keccak1600-x86_64	fixed	shared	131072	throughput	1	160	29851014	152426631	390396344	22427452312	22427452312
keccak1600-avx2-rust	keccak1600-x86_64	fixed	shared	131072	latency	1	160	29864325	152384123	390396670	22457326496	22457326496
keccak1600-avx2-rust	keccak1600-x86_64	runtime	asm	131072	throughput	2	154	29568615	146504330	725093797	22486895530	22486895530
keccak1600-avx2-rust	keccak1600-x86_64	runtime	asm	131072	latency	2	156	29876394	148243753	734510907	22516779324	22516779324
keccak1600-avx2-rust	keccak1600-x86_64	fixed	asm	131072	throughput	2	157	30377333	150694528	739213968	22547165087	22547165087
keccak1600-avx2-rust	keccak1600-x86_64	fixed	asm	131072	latency	2	157	29914134	148526409	739214283	22577087810	22577087810
keccak1600-avx2-rust	keccak1600-x86_64	runtime	shared	131072	throughput	2	159	29887244	151419848	387959399	22606976464	22606976464
keccak1600-avx2-rust	keccak1600-x86_64	runtime	shared	131072	latency	2	160	29848544	152422606	390399704	22636830348	22636830348
keccak1600-avx2-rust	keccak1600-x86_64	fixed	shared	131072	throughput	2	160	29843125	152448755	390396344	22666679371	22666679371
keccak1600-avx2-rust	keccak1600-x86_64	fixed	shared	131072	latency	2	160	29880934	152386997	390396673	22696554414	22696554414
keccak1600-avx2-rust	keccak1600-x86_64	runtime	stack	131072	throughput	2	158	29972133	151295431	414728072	22726536487	22726536487
keccak1600-avx2-rust	keccak1600-x86_64	runtime	stack	131072	latency	2	159	29871194	151881859	417353247	22756416110	22756416110
keccak1600-avx2-rust	keccak1600-x86_64	fixed	stack	131072	throughput	2	160	29919554	152436787	397786263	22786342553	22786342553
keccak1600-avx2-rust	keccak1600-x86_64	fixed	stack	131072	latency	2	160	29876975	152389344	397786591	22816226326	22816226326
keccak1600-avx2-rust	keccak1600-x86_64	runtime	shared	131072	throughput	3	160	29887464	152394521	390399390	22846121119	22846121119
keccak1600-avx2-rust	keccak1600-x86_64	runtime	shared	131072	latency	3	160	29991974	152418271	390399710	22876120422	22876120422
keccak1600-avx2-rust	keccak1600-x86_64	fixed	shared	131072	throughput	3	160	29845484	152417890	390396349	22905971186	22905971186
keccak1600-avx2-rust	keccak1600-x86_64	fixed	shared	131072	latency	3	160	29875985	152396726	390396667	22935852010	22935852010
keccak1600-avx2-rust	keccak1600-x86_64	runtime	stack	131072	throughput	3	159	29783195	151836975	417352933	22965640664	22965640664
keccak1600-avx2-rust	keccak1600-x86_64	runtime	stack	131072	latency	3	160	29963874	152813633	419978111	22995608628	22995608628
keccak1600-avx2-rust	keccak1600-x86_64	fixed	stack	131072	throughput	3	160	29852344	152399753	397786273	23025455352	23025455352
keccak1600-avx2-rust	keccak1600-x86_64	fixed	stack	131072	latency	3	160	29842925	152409834	397786598	23055304905	23055304905
keccak1600-avx2-rust	keccak1600-x86_64	runtime	asm	131072	throughput	3	155	29435416	146087939	729802199	23084736769	23084736769
keccak1600-avx2-rust	keccak1600-x86_64	runtime	asm	131072	latency	3	158	30139684	150028486	743927712	23114880732	23114880732
keccak1600-avx2-rust	keccak1600-x86_64	fixed	asm	131072	throughput	3	153	29334736	145980520	720380502	23144219476	23144219476
keccak1600-avx2-rust	keccak1600-x86_64	fixed	asm	131072	latency	3	157	30084064	149740140	739214289	23174307940	23174307940
keccak1600-avx2-rust	keccak1600-x86_64	runtime	stack	131072	throughput	4	158	29767825	150901548	414728076	23204070784	23204070784
keccak1600-avx2-rust	keccak1600-x86_64	runtime	stack	131072	latency	4	160	29912654	152829171	419978110	23233987588	23233987588
keccak1600-avx2-rust	keccak1600-x86_64	fixed	stack	131072	throughput	4	160	29888064	152358912	397786272	23263880422	23263880422
keccak1600-avx2-rust	keccak1600-x86_64	fixed	stack	131072	latency	4	160	29829275	152363461	397786597	23293714596	23293714596
keccak1600-avx2-rust	keccak1600-x86_64	runtime	asm	131072	throughput	4	154	29278557	145280580	725093795	23322999110	23322999110
keccak1600-avx2-rust	keccak1600-x86_64	runtime	asm	131072	latency	4	157	29929834	149003945	739219310	23352934353	23352934353
keccak1600-avx2-rust	keccak1600-x86_64	fixed	asm	131072	throughput	4	157	30107703	149742454	739213974	23383030497	23383030497
keccak1600-avx2-rust	keccak1600-x86_64	fixed	asm	131072	latency	4	156	29970874	149247873	734505910	23412999580	23412999580
keccak1600-avx2-rust	keccak1600-x86_64	runtime	shared	131072	throughput	4	159	29850005	151479697	387959394	23442854033	23442854033
keccak1600-avx2-rust	keccak1600-x86_64	runtime	shared	131072	latency	4	158	29675635	150491115	385519718	23472540797	23472540797
keccak1600-avx2-rust	keccak1600-x86_64	fixed	shared	131072	throughput	4	160	29848544	152402823	390396354	23502393781	23502393781
keccak1600-avx2-rust	keccak1600-x86_64	fixed	shared	131072	latency	4	160	29838845	152385800	390396662	23532237245	23532237245
keccak1600-avx2-rust	keccak1600-x86_64	control	empty	131072	throughput	0	2000000	2387690	12130191	30000321	23534628763	23534628763
keccak1600-avx2-rust	keccak1600-x86_64	control	empty	131072	latency	0	2000000	3186998	16021694	34000322	23537819190	23537819190
