backend	asm_backend	shape	implementation	bytes	mode	repeat	iterations	ns	cycles	instructions	enabled	running
keccak1600-avx512vl-rust	keccak1600-avx512vl	runtime	shared	0	throughput	0	173755	29932605	151637138	561924019	29920884	29920884
keccak1600-avx512vl-rust	keccak1600-avx512vl	runtime	shared	0	latency	0	164948	30013434	153064154	533607129	59938657	59938657
keccak1600-avx512vl-rust	keccak1600-avx512vl	fixed	shared	0	throughput	0	177449	29954694	152303631	570498882	89897680	89897680
keccak1600-avx512vl-rust	keccak1600-avx512vl	fixed	shared	0	latency	0	167393	29992674	152977350	538336235	119893914	119893914
keccak1600-avx512vl-rust	keccak1600-avx512vl	runtime	stack	0	throughput	0	167832	30017893	153235630	488894965	149910237	149910237
keccak1600-avx512vl-rust	keccak1600-avx512vl	runtime	stack	0	latency	0	124675	22677392	115811180	363303286	172590957	172590957
keccak1600-avx512vl-rust	keccak1600-avx512vl	fixed	stack	0	throughput	0	175022	29963694	153067477	489711901	202558010	202558010
keccak1600-avx512vl-rust	keccak1600-avx512vl	fixed	stack	0	latency	0	172043	30352463	155037263	481548710	232913903	232913903
keccak1600-avx512vl-rust	keccak1600-avx512vl	runtime	asm	0	throughput	0	150824	30310242	155370366	336488694	263227596	263227596
keccak1600-avx512vl-rust	keccak1600-avx512vl	runtime	asm	0	latency	0	148377	30515962	156645105	331177812	293746879	293746879
keccak1600-avx512vl-rust	keccak1600-avx512vl	fixed	asm	0	throughput	0	150352	30084343	154469054	328820169	323834752	323834752
keccak1600-avx512vl-rust	keccak1600-avx512vl	fixed	asm	0	latency	0	146901	30057494	153723266	321419737	353895675	353895675
keccak1600-avx512vl-rust	keccak1600-avx512vl	runtime	stack	0	throughput	1	167539	30098593	152961575	488041457	383997718	383997718
keccak1600-avx512vl-rust	keccak1600-avx512vl	runtime	stack	0	latency	1	164948	30032284	153295417	480658821	414033952	414033952
keccak1600-avx512vl-rust	keccak1600-avx512vl	fixed	stack	0	throughput	1	176795	30266152	154605881	494672756	444303515	444303515
keccak1600-avx512vl-rust	keccak1600-avx512vl	fixed	stack	0	latency	1	170970	30183234	154183381	478545375	474490098	474490098
keccak1600-avx512vl-rust	keccak1600-avx512vl	runtime	asm	0	throughput	1	149894	30073334	154158769	334413864	504567121	504567121
keccak1600-avx512vl-rust	keccak1600-avx512vl	runtime	asm	0	latency	1	145015	29970084	154144494	323673831	534540404	534540404
keccak1600-avx512vl-rust	keccak1600-avx512vl	fixed	asm	0	throughput	1	150588	30108083	154656036	329336304	564651888	564651888
keccak1600-avx512vl-rust	keccak1600-avx512vl	fixed	asm	0	latency	1	146788	29933134	154056597	321172489	594588291	594588291
keccak1600-avx512vl-rust	keccak1600-avx512vl	runtime	shared	0	throughput	1	131237	22535363	114749945	424420793	617127341	617127341
keccak1600-avx512vl-rust	keccak1600-avx512vl	runtime	shared	0	latency	1	164806	30006603	152865095	533147765	647137164	647137164
keccak1600-avx512vl-rust	keccak1600-avx512vl	fixed	shared	0	throughput	1	178272	30037604	152829242	573144830	677177878	677177878
keccak1600-avx512vl-rust	keccak1600-avx512vl	fixed	shared	0	latency	1	168421	30197383	153852244	541642286	707366101	707366101
keccak1600-avx512vl-rust	keccak1600-avx512vl	runtime	asm	0	throughput	2	150000	30071783	154085962	334650343	737441264	737441264
keccak1600-avx512vl-rust	keccak1600-avx512vl	runtime	asm	0	latency	2	146341	29992684	154020547	326633463	767437397	767437397
keccak1600-avx512vl-rust	keccak1600-avx512vl	fixed	asm	0	throughput	2	111046	22073435	113842093	242857937	789514048	789514048
keccak1600-avx512vl-rust	keccak1600-avx512vl	fixed	asm	0	latency	2	146788	29910514	154078062	321172493	819428111	819428111
keccak1600-avx512vl-rust	keccak1600-avx512vl	runtime	shared	0	throughput	2	176470	30277542	154396957	570704329	849708924	849708924
keccak1600-avx512vl-rust	keccak1600-avx512vl	runtime	shared	0	latency	2	164948	30028774	153013535	533607131	879742207	879742207
keccak1600-avx512vl-rust	keccak1600-avx512vl	fixed	shared	0	throughput	2	178107	30000494	152929869	572614363	909746681	909746681
keccak1600-avx512vl-rust	keccak1600-avx512vl	fixed	shared	0	latency	2	167539	29968724	153055300	538805777	939718875	939718875
keccak1600-avx512vl-rust	keccak1600-avx512vl	runtime	stack	0	throughput	2	168126	30111903	153806475	489751392	969834468	969834468
keccak1600-avx512vl-rust	keccak1600-avx512vl	runtime	stack	0	latency	2	165232	30059473	153519992	481486399	999897551	999897551
keccak1600-avx512vl-rust	keccak1600-avx512vl	fixed	stack	0	throughput	2	175985	30143453	153827315	492406378	1030032604	1030032604
keccak1600-avx512vl-rust	keccak1600-avx512vl	fixed	stack	0	latency	2	171122	30255463	154119611	478970822	1060292568	1060292568
keccak1600-avx512vl-rust	keccak1600-avx512vl	runtime	shared	0	throughput	3	175502	30160693	153320966	567573816	1090457272	1090457272
keccak1600-avx512vl-rust	keccak1600-avx512vl	runtime	shared	0	latency	3	164806	30028074	152930958	533147760	1120488665	1120488665
keccak1600-avx512vl-rust	keccak1600-avx512vl	fixed	shared	0	throughput	3	179943	30313352	154037622	578517092	1150800468	1150800468
keccak1600-avx512vl-rust	keccak1600-avx512vl	fixed	shared	0	latency	3	167393	30042484	153003441	538336231	1180846421	1180846421
keccak1600-avx512vl-rust	keccak1600-avx512vl	runtime	stack	0	throughput	3	167979	30030744	153366697	489323177	1210880604	1210880604
keccak1600-avx512vl-rust	keccak1600-avx512vl	runtime	stack	0	latency	3	165374	30086213	153681974	481900186	1240970018	1240970018
keccak1600-avx512vl-rust	keccak1600-avx512vl	fixed	stack	0	throughput	3	175985	30257283	153836700	492406381	1271230521	1271230521
keccak1600-avx512vl-rust	keccak1600-avx512vl	fixed	stack	0	latency	3	170212	30158923	153548434	476423731	1301382354	1301382354
keccak1600-avx512vl-rust	keccak1600-avx512vl	runtime	asm	0	throughput	3	147806	29654565	152066239	329755533	1331040278	1331040278
keccak1600-avx512vl-rust	keccak1600-avx512vl	runtime	asm	0	latency	3	146676	30449082	155747625	327381177	1361496681	1361496681
keccak1600-avx512vl-rust	keccak1600-avx512vl	fixed	asm	0	throughput	3	150352	30572872	154954446	328820176	1392079174	1392079174
keccak1600-avx512vl-rust	keccak1600-avx512vl	fixed	asm	0	latency	3	142011	29507526	149821955	310720418	1421596948	1421596948
keccak1600-avx512vl-rust	keccak1600-avx512vl	runtime	stack	0	throughput	4	167832	30180553	153758940	488894974	1451783801	1451783801
keccak1600-avx512vl-rust	keccak1600-avx512vl	runtime	stack	0	latency	4	165660	30423872	154773718	482733595	1482204194	1482204194
keccak1600-avx512vl-rust	keccak1600-avx512vl	fixed	stack	0	throughput	4	175663	30389882	154565292	491505417	1512599197	1512599197
keccak1600-avx512vl-rust	keccak1600-avx512vl	fixed	stack	0	latency	4	170363	30263213	153964853	476846381	1542868220	1542868220
keccak1600-avx512vl-rust	keccak1600-avx512vl	runtime	asm	0	throughput	4	150588	30551902	156164515	335962182	1573427363	1573427363
keccak1600-avx512vl-rust	keccak1600-avx512vl	runtime	asm	0	latency	4	144687	29876165	152870375	322941736	1603300236	1603300236
keccak1600-avx512vl-rust	keccak1600-avx512vl	fixed	asm	0	throughput	4	148148	29747654	152435979	324000032	1633052470	1633052470
keccak1600-avx512vl-rust	keccak1600-avx512vl	fixed	asm	0	latency	4	146676	30106824	154384238	320927440	1663163853	1663163853
keccak1600-avx512vl-rust	keccak1600-avx512vl	runtime	shared	0	throughput	4	176632	30519761	155455051	571228242	1693688266	1693688266
keccak1600-avx512vl-rust	keccak1600-avx512vl	runtime	shared	0	latency	4	164102	29994374	152575205	530870327	1723687039	1723687039
keccak1600-avx512vl-rust	keccak1600-avx512vl	fixed	shared	0	throughput	4	180451	30368363	154826649	580150319	1754059582	1754059582
keccak1600-avx512vl-rust	keccak1600-avx512vl	fixed	shared	0	latency	4	167407	30112804	153357819	538381265	1784176345	1784176345
keccak1600-avx512vl-rust	keccak1600-avx512vl	control	empty	0	throughput	0	2000000	2368481	12002907	30000319	1786548713	1786548713
keccak1600-avx512vl-rust	keccak1600-avx512vl	control	empty	0	latency	0	2000000	13480587	68387696	32000342	1800032721	1800032721
keccak1600-avx512vl-rust	keccak1600-avx512vl	runtime	shared	20	throughput	0	173128	30230583	153858041	488740709	1830269214	1830269214
keccak1600-avx512vl-rust	keccak1600-avx512vl	runtime	shared	20	latency	0	156734	28672739	145552041	443087383	1858940349	1858940349
keccak1600-avx512vl-rust	keccak1600-avx512vl	fixed	shared	20	throughput	0	175182	30089873	153253052	491561062	1889035553	1889035553
keccak1600-avx512vl-rust	keccak1600-avx512vl	fixed	shared	20	latency	0	167247	30215223	153635620	469964435	1919257556	1919257556
keccak1600-avx512vl-rust	keccak1600-avx512vl	runtime	stack	20	throughput	0	167979	30304823	153811426	488987235	1949571159	1949571159
keccak1600-avx512vl-rust	keccak1600-avx512vl	runtime	stack	20	latency	0	164806	30132363	153057669	480409859	1979711692	1979711692
keccak1600-avx512vl-rust	keccak1600-avx512vl	fixed	stack	20	throughput	0	174704	30081073	152859727	490045081	2009799715	2009799715
keccak1600-avx512vl-rust	keccak1600-avx512vl	fixed	stack	20	latency	0	168421	30249573	153726631	473094959	2040055758	2040055758
keccak1600-avx512vl-rust	keccak1600-avx512vl	runtime	asm	20	throughput	0	148952	30006814	153413030	332014370	2070067562	2070067562
keccak1600-avx512vl-rust	keccak1600-avx512vl	runtime	asm	20	latency	0	147806	30339102	155293829	330051161	2100411245	2100411245
keccak1600-avx512vl-rust	keccak1600-avx512vl	fixed	asm	20	throughput	0	151181	30060484	153958151	331237938	2130471068	2130471068
keccak1600-avx512vl-rust	keccak1600-avx512vl	fixed	asm	20	latency	0	149894	30276243	154725261	329017701	2160752481	2160752481
keccak1600-avx512vl-rust	keccak1600-avx512vl	runtime	stack	20	throughput	1	169162	30448872	154865978	492430950	2191206874	2191206874
keccak1600-avx512vl-rust	keccak1600-avx512vl	runtime	stack	20	latency	1	165374	30314923	153918468	482065576	2221529327	2221529327
keccak1600-avx512vl-rust	keccak1600-avx512vl	fixed	stack	20	throughput	1	175022	30090423	152846925	490937072	2251626000	2251626000
keccak1600-avx512vl-rust	keccak1600-avx512vl	fixed	stack	20	latency	1	167832	30152723	153304902	471440458	2281784133	2281784133
keccak1600-avx512vl-rust	keccak1600-avx512vl	runtime	asm	20	throughput	1	148952	29957964	153342653	332014380	2311747876	2311747876
keccak1600-avx512vl-rust	keccak1600-avx512vl	runtime	asm	20	latency	1	147919	30223363	154968262	330303497	2341976639	2341976639
keccak1600-avx512vl-rust	keccak1600-avx512vl	fixed	asm	20	throughput	1	152139	30285843	154968577	333336909	2372268303	2372268303
keccak1600-avx512vl-rust	keccak1600-avx512vl	fixed	asm	20	latency	1	141697	28640029	146704847	311025281	2400916758	2400916758
keccak1600-avx512vl-rust	keccak1600-avx512vl	runtime	shared	20	throughput	1	160267	28114172	142827369	452434105	2429030683	2429030683
keccak1600-avx512vl-rust	keccak1600-avx512vl	runtime	shared	20	latency	1	164679	30150974	153115938	465547896	2459188046	2459188046
keccak1600-avx512vl-rust	keccak1600-avx512vl	fixed	shared	20	throughput	1	174545	30200944	153419955	489773636	2489395789	2489395789
keccak1600-avx512vl-rust	keccak1600-avx512vl	fixed	shared	20	latency	1	166377	30171144	153249646	467519736	2519576042	2519576042
keccak1600-avx512vl-rust	keccak1600-avx512vl	runtime	asm	20	throughput	2	127236	25770861	131326679	283609399	2545356169	2545356169
keccak1600-avx512vl-rust	keccak1600-avx512vl	runtime	asm	20	latency	2	147919	30475673	155587595	330303495	2575833062	2575833062
keccak1600-avx512vl-rust	keccak1600-avx512vl	fixed	asm	20	throughput	2	152260	30431132	155523815	333602025	2606270045	2606270045
keccak1600-avx512vl-rust	keccak1600-avx512vl	fixed	asm	20	latency	2	149765	30394293	155352247	328734544	2636671948	2636671948
keccak1600-avx512vl-rust	keccak1600-avx512vl	runtime	shared	20	throughput	2	173913	30412642	154679411	490956764	2667093191	2667093191
keccak1600-avx512vl-rust	keccak1600-avx512vl	runtime	shared	20	latency	2	165090	30224153	153449646	466709797	2697312044	2697312044
keccak1600-avx512vl-rust	keccak1600-avx512vl	fixed	shared	20	throughput	2	175342	30358553	154177377	492010019	2727677417	2727677417
keccak1600-avx512vl-rust	keccak1600-avx512vl	fixed	shared	20	latency	2	166811	30226733	153422156	468739277	2757899550	2757899550
keccak1600-avx512vl-rust	keccak1600-avx512vl	runtime	stack	20	throughput	2	167393	30188253	153427613	487281385	2788094363	2788094363
keccak1600-avx512vl-rust	keccak1600-avx512vl	runtime	stack	20	latency	2	165517	30346712	154298260	482482420	2818448516	2818448516
keccak1600-avx512vl-rust	keccak1600-avx512vl	fixed	stack	20	throughput	2	176308	30268643	153921944	494544305	2848722869	2848722869
keccak1600-avx512vl-rust	keccak1600-avx512vl	fixed	stack	20	latency	2	167832	30101653	153311807	471440457	2878830512	2878830512
keccak1600-avx512vl-rust	keccak1600-avx512vl	runtime	shared	20	throughput	3	173598	30190703	153750256	490067521	2909026386	2909026386
keccak1600-avx512vl-rust	keccak1600-avx512vl	runtime	shared	20	latency	3	165660	30111623	153653120	468321187	2939143129	2939143129
keccak1600-avx512vl-rust	keccak1600-avx512vl	fixed	shared	20	throughput	3	174545	30139254	153448816	489773641	2969287972	2969287972
keccak1600-avx512vl-rust	keccak1600-avx512vl	fixed	shared	20	latency	3	167685	30183173	153979730	471195218	2999463785	2999463785
keccak1600-avx512vl-rust	keccak1600-avx512vl	runtime	stack	20	throughput	3	168568	30070064	153617334	490701816	3029537218	3029537218
keccak1600-avx512vl-rust	keccak1600-avx512vl	runtime	stack	20	latency	3	165374	29982194	153143018	482065571	3059522902	3059522902
keccak1600-avx512vl-rust	keccak1600-avx512vl	fixed	stack	20	throughput	3	176146	30245763	153839830	494089893	3089773145	3089773145
keccak1600-avx512vl-rust	keccak1600-avx512vl	fixed	stack	20	latency	3	168273	30146343	153711869	472679228	3119925158	3119925158
keccak1600-avx512vl-rust	keccak1600-avx512vl	runtime	asm	20	throughput	3	149068	30065833	153935547	332272945	3149990501	3149990501
keccak1600-avx512vl-rust	keccak1600-avx512vl	runtime	asm	20	latency	3	147806	30159093	154686830	330051169	3180155094	3180155094
keccak1600-avx512vl-rust	keccak1600-avx512vl	fixed	asm	20	throughput	3	152019	30244403	154939583	333073991	3210397397	3210397397
keccak1600-avx512vl-rust	keccak1600-avx512vl	fixed	asm	20	latency	3	149882	30233893	154970978	328991363	3240637250	3240637250
keccak1600-avx512vl-rust	keccak1600-avx512vl	runtime	stack	20	throughput	4	169312	30576582	154578977	492867593	3271207023	3271207023
keccak1600-avx512vl-rust	keccak1600-avx512vl	runtime	stack	20	latency	4	163265	30145304	151923309	475917838	3301358816	3301358816
keccak1600-avx512vl-rust	keccak1600-avx512vl	fixed	stack	20	throughput	4	174545	30125814	152668411	489599089	3331467969	3331467969
keccak1600-avx512vl-rust	keccak1600-avx512vl	fixed	stack	20	latency	4	159468	28528099	145558332	447945984	3360002744	3360002744
keccak1600-avx512vl-rust	keccak1600-avx512vl	runtime	asm	20	throughput	4	147578	29790295	152137292	328951726	3389798697	3389798697
keccak1600-avx512vl-rust	keccak1600-avx512vl	runtime	asm	20	latency	4	147578	30132923	154584001	329542042	3419936781	3419936781
keccak1600-avx512vl-rust	keccak1600-avx512vl	fixed	asm	20	throughput	4	150352	30069293	154157594	329421605	3449996784	3449996784
keccak1600-avx512vl-rust	keccak1600-avx512vl	fixed	asm	20	latency	4	149765	30186054	154815883	328734544	3480187477	3480187477
keccak1600-avx512vl-rust	keccak1600-avx512vl	runtime	shared	20	throughput	4	175022	30412882	155191954	494087474	3510605150	3510605150
keccak1600-avx512vl-rust	keccak1600-avx512vl	runtime	shared	20	latency	4	166089	30137153	153929818	469533971	3540747433	3540747433
keccak1600-avx512vl-rust	keccak1600-avx512vl	fixed	shared	20	throughput	4	176146	30133263	153958073	494266043	3570885666	3570885666
keccak1600-avx512vl-rust	keccak1600-avx512vl	fixed	shared	20	latency	4	167247	30082574	153454451	469964440	3600962349	3600962349
keccak1600-avx512vl-rust	keccak1600-avx512vl	control	empty	20	throughput	0	2000000	2506201	12726966	30000317	3603473307	3603473307
keccak1600-avx512vl-rust	keccak1600-avx512vl	control	empty	20	latency	0	2000000	3409767	16863832	38000322	3606887024	3606887024
keccak1600-avx512vl-rust	keccak1600-avx512vl	runtime	shared	32	throughput	0	172212	29894875	151270512	485982625	3636788618	3636788618
keccak1600-avx512vl-rust	keccak1600-avx512vl	runtime	shared	32	latency	0	166089	30163033	153930416	469035702	3666958351	3666958351
keccak1600-avx512vl-rust	keccak1600-avx512vl	fixed	shared	32	throughput	0	176470	30112833	153775427	494645776	3697076684	3697076684
keccak1600-avx512vl-rust	keccak1600-avx512vl	fixed	shared	32	latency	0	168126	30121993	153888166	471593798	3727204777	3727204777
keccak1600-avx512vl-rust	keccak1600-avx512vl	runtime	stack	32	throughput	0	168273	30221383	154047017	489506528	3757431320	3757431320
keccak1600-avx512vl-rust	keccak1600-avx512vl	runtime	stack	32	latency	0	165374	30291943	153738366	481404082	3787731213	3787731213
keccak1600-avx512vl-rust	keccak1600-avx512vl	fixed	stack	32	throughput	0	175502	30163203	153197589	491756966	3817903096	3817903096
keccak1600-avx512vl-rust	keccak1600-avx512vl	fixed	stack	32	latency	0	167101	29970164	152888353	468551578	3847872250	3847872250
keccak1600-avx512vl-rust	keccak1600-avx512vl	runtime	asm	32	throughput	0	147578	29608735	151860951	328656572	3877484733	3877484733
keccak1600-avx512vl-rust	keccak1600-avx512vl	runtime	asm	32	latency	0	148148	30334263	155388683	330222258	3907824186	3907824186
keccak1600-avx512vl-rust	keccak1600-avx512vl	fixed	asm	32	throughput	0	149068	30168834	153926046	326310217	3938001769	3938001769
keccak1600-avx512vl-rust	keccak1600-avx512vl	fixed	asm	32	latency	0	140156	28790029	146466422	307082158	3966803474	3966803474
keccak1600-avx512vl-rust	keccak1600-avx512vl	runtime	stack	32	throughput	1	167247	30363152	154077192	486521892	3997174467	3997174467
keccak1600-avx512vl-rust	keccak1600-avx512vl	runtime	stack	32	latency	1	165374	30430582	154163062	481404083	4027611680	4027611680
keccak1600-avx512vl-rust	keccak1600-avx512vl	fixed	stack	32	throughput	1	175342	30310753	153503870	491308651	4057929383	4057929383
keccak1600-avx512vl-rust	keccak1600-avx512vl	fixed	stack	32	latency	1	167101	30163623	153117873	468551570	4088098946	4088098946
keccak1600-avx512vl-rust	keccak1600-avx512vl	runtime	asm	32	throughput	1	149300	30633381	156374048	332491464	4118738398	4118738398
keccak1600-avx512vl-rust	keccak1600-avx512vl	runtime	asm	32	latency	1	147126	30205963	154777932	327944223	4148949842	4148949842
keccak1600-avx512vl-rust	keccak1600-avx512vl	fixed	asm	32	throughput	1	151419	30259143	154902542	331456558	4179208515	4179208515
keccak1600-avx512vl-rust	keccak1600-avx512vl	fixed	asm	32	latency	1	144036	29151457	149592949	315583244	4208365699	4208365699
keccak1600-avx512vl-rust	keccak1600-avx512vl	runtime	shared	32	throughput	1	175663	30274412	154432170	495721352	4238644962	4238644962
keccak1600-avx512vl-rust	keccak1600-avx512vl	runtime	shared	32	latency	1	166233	30185284	154132737	469442360	4268834795	4268834795
keccak1600-avx512vl-rust	keccak1600-avx512vl	fixed	shared	32	throughput	1	176146	30115354	153614473	493737606	4298954688	4298954688
keccak1600-avx512vl-rust	keccak1600-avx512vl	fixed	shared	32	latency	1	168273	30134893	153978810	472006131	4329093591	4329093591
keccak1600-avx512vl-rust	keccak1600-avx512vl	runtime	asm	32	throughput	2	148952	29959154	153655198	331716473	4359055925	4359055925
keccak1600-avx512vl-rust	keccak1600-avx512vl	runtime	asm	32	latency	2	147919	30298833	154686336	329711820	4389358589	4389358589
keccak1600-avx512vl-rust	keccak1600-avx512vl	fixed	asm	32	throughput	2	152260	30188813	154972735	333297505	4419551292	4419551292
keccak1600-avx512vl-rust	keccak1600-avx512vl	fixed	asm	32	latency	2	148952	30027904	154564113	326354206	4449582985	4449582985
keccak1600-avx512vl-rust	keccak1600-avx512vl	runtime	shared	32	throughput	2	176974	30375633	155443233	499420999	4479962898	4479962898
keccak1600-avx512vl-rust	keccak1600-avx512vl	runtime	shared	32	latency	2	165517	30100543	153491635	467420376	4510067991	4510067991
keccak1600-avx512vl-rust	keccak1600-avx512vl	fixed	shared	32	throughput	2	175985	29982804	153300528	493286325	4540055344	4540055344
keccak1600-avx512vl-rust	keccak1600-avx512vl	fixed	shared	32	latency	2	167247	29964484	153087369	469128200	4570023738	4570023738
keccak1600-avx512vl-rust	keccak1600-avx512vl	runtime	stack	32	throughput	2	168865	30218043	154323961	491228655	4600245601	4600245601
keccak1600-avx512vl-rust	keccak1600-avx512vl	runtime	stack	32	latency	2	165803	30092963	153589896	482652901	4630342204	4630342204
keccak1600-avx512vl-rust	keccak1600-avx512vl	fixed	stack	32	throughput	2	175663	29945664	152910538	492208094	4660291677	4660291677
keccak1600-avx512vl-rust	keccak1600-avx512vl	fixed	stack	32	latency	2	167539	30009884	153297475	469779728	4690295381	4690295381
keccak1600-avx512vl-rust	keccak1600-avx512vl	runtime	shared	32	throughput	3	176308	30299973	154643099	497541547	4720599164	4720599164
keccak1600-avx512vl-rust	keccak1600-avx512vl	runtime	shared	32	latency	3	165531	29943785	153306929	467459912	4750540537	4750540537
keccak1600-avx512vl-rust	keccak1600-avx512vl	fixed	shared	32	throughput	3	177613	30276002	154814600	497849608	4780820080	4780820080
keccak1600-avx512vl-rust	keccak1600-avx512vl	fixed	shared	32	latency	3	168126	29984604	153831066	471593798	4810808713	4810808713
keccak1600-avx512vl-rust	keccak1600-avx512vl	runtime	stack	32	throughput	3	168717	30249133	154461125	490798123	4841061726	4841061726
keccak1600-avx512vl-rust	keccak1600-avx512vl	runtime	stack	32	latency	3	166233	30047234	153739062	483904631	4871112840	4871112840
keccak1600-avx512vl-rust	keccak1600-avx512vl	fixed	stack	32	throughput	3	176308	30063593	153588552	494015384	4901179663	4901179663
keccak1600-avx512vl-rust	keccak1600-avx512vl	fixed	stack	32	latency	3	167832	30008274	153649567	470601300	4931183636	4931183636
keccak1600-avx512vl-rust	keccak1600-avx512vl	runtime	asm	32	throughput	3	150000	30007264	154625149	334050366	4961194280	4961194280
keccak1600-avx512vl-rust	keccak1600-avx512vl	runtime	asm	32	latency	3	148606	30219933	155610891	331243146	4991405223	4991405223
keccak1600-avx512vl-rust	keccak1600-avx512vl	fixed	asm	32	throughput	3	152501	29927664	154384795	333825057	5021336206	5021336206
keccak1600-avx512vl-rust	keccak1600-avx512vl	fixed	asm	32	latency	3	149765	30228672	155499190	328135478	5051568839	5051568839
keccak1600-avx512vl-rust	keccak1600-avx512vl	runtime	stack	32	throughput	4	169611	30208044	154949396	493398768	5081781062	5081781062
keccak1600-avx512vl-rust	keccak1600-avx512vl	runtime	stack	32	latency	4	166089	30091564	153751935	483485451	5111870315	5111870315
keccak1600-avx512vl-rust	keccak1600-avx512vl	fixed	stack	32	throughput	4	176470	30025244	153680432	494469312	5141898799	5141898799
keccak1600-avx512vl-rust	keccak1600-avx512vl	fixed	stack	32	latency	4	168731	30134104	154460195	473122094	5172036672	5172036672
keccak1600-avx512vl-rust	keccak1600-avx512vl	runtime	asm	32	throughput	4	147465	29642805	152028834	328404922	5201683445	5201683445
keccak1600-avx512vl-rust	keccak1600-avx512vl	runtime	asm	32	latency	4	147465	30099163	154163284	328699854	5231786329	5231786329
keccak1600-avx512vl-rust	keccak1600-avx512vl	fixed	asm	32	throughput	4	151778	29914134	153763546	332242414	5261689862	5261689862
keccak1600-avx512vl-rust	keccak1600-avx512vl	fixed	asm	32	latency	4	150117	30431513	155612453	328906717	5292124925	5292124925
keccak1600-avx512vl-rust	keccak1600-avx512vl	runtime	shared	32	throughput	4	175985	30223374	154465300	496630043	5322341848	5322341848
keccak1600-avx512vl-rust	keccak1600-avx512vl	runtime	shared	32	latency	4	165946	29959095	153697201	468631876	5352304291	5352304291
keccak1600-avx512vl-rust	keccak1600-avx512vl	fixed	shared	32	throughput	4	177285	30220692	154510771	496930224	5382528594	5382528594
keccak1600-avx512vl-rust	keccak1600-avx512vl	fixed	shared	32	latency	4	169162	30211693	154781305	474499778	5412744538	5412744538
keccak1600-avx512vl-rust	keccak1600-avx512vl	control	empty	32	throughput	0	2000000	2353161	12003411	30000320	5415100965	5415100965
keccak1600-avx512vl-rust	keccak1600-avx512vl	control	empty	32	latency	0	2000000	3217068	16046088	34000322	5418320923	5418320923
keccak1600-avx512vl-rust	keccak1600-avx512vl	runtime	shared	64	throughput	0	170363	29734825	151155820	481105479	5448052806	5448052806
keccak1600-avx512vl-rust	keccak1600-avx512vl	runtime	shared	64	latency	0	164383	29999374	153456447	464546730	5478055969	5478055969
keccak1600-avx512vl-rust	keccak1600-avx512vl	fixed	shared	64	throughput	0	175663	30168664	154559831	492383758	5508220273	5508220273
keccak1600-avx512vl-rust	keccak1600-avx512vl	fixed	shared	64	latency	0	167539	30059854	154256956	469947264	5538283916	5538283916
keccak1600-avx512vl-rust	keccak1600-avx512vl	runtime	stack	64	throughput	0	169162	30111583	153925447	492092629	5568390729	5568390729
keccak1600-avx512vl-rust	keccak1600-avx512vl	runtime	stack	64	latency	0	164948	30100034	153812206	480163995	5598494582	5598494582
keccak1600-avx512vl-rust	keccak1600-avx512vl	fixed	stack	64	throughput	0	175342	30071094	154129091	491308653	5628570235	5628570235
keccak1600-avx512vl-rust	keccak1600-avx512vl	fixed	stack	64	latency	0	166666	29912745	153471066	467331833	5658486869	5658486869
keccak1600-avx512vl-rust	keccak1600-avx512vl	runtime	asm	64	throughput	0	148606	29862874	153846380	330945933	5688353962	5688353962
keccak1600-avx512vl-rust	keccak1600-avx512vl	runtime	asm	64	latency	0	146676	30169213	155408139	326941174	5718527355	5718527355
keccak1600-avx512vl-rust	keccak1600-avx512vl	fixed	asm	64	throughput	0	151898	30074164	155039052	332505090	5748605399	5748605399
keccak1600-avx512vl-rust	keccak1600-avx512vl	fixed	asm	64	latency	0	149184	30274093	156015615	326862517	5778883782	5778883782
keccak1600-avx512vl-rust	keccak1600-avx512vl	runtime	stack	64	throughput	1	169761	30235383	154678065	493835119	5809123695	5809123695
keccak1600-avx512vl-rust	keccak1600-avx512vl	runtime	stack	64	latency	1	164383	30035354	153369387	478519280	5839155979	5839155979
keccak1600-avx512vl-rust	keccak1600-avx512vl	fixed	stack	64	throughput	1	174386	29936274	153142225	488629940	5869096842	5869096842
keccak1600-avx512vl-rust	keccak1600-avx512vl	fixed	stack	64	latency	1	166811	30057493	153493808	467738413	5899159166	5899159166
keccak1600-avx512vl-rust	keccak1600-avx512vl	runtime	asm	64	throughput	1	149068	30203983	155061615	331974804	5929367679	5929367679
keccak1600-avx512vl-rust	keccak1600-avx512vl	runtime	asm	64	latency	1	145785	30003304	154568401	324955136	5959375062	5959375062
keccak1600-avx512vl-rust	keccak1600-avx512vl	fixed	asm	64	throughput	1	151898	30230673	155769495	332505089	5989612205	5989612205
keccak1600-avx512vl-rust	keccak1600-avx512vl	fixed	asm	64	latency	1	148837	30061894	155078441	326102239	6019677208	6019677208
keccak1600-avx512vl-rust	keccak1600-avx512vl	runtime	shared	64	throughput	1	174545	30290773	155103025	492915446	6049971911	6049971911
keccak1600-avx512vl-rust	keccak1600-avx512vl	runtime	shared	64	latency	1	165803	30206323	154924754	468559646	6080182304	6080182304
keccak1600-avx512vl-rust	keccak1600-avx512vl	fixed	shared	64	throughput	1	175502	30164843	154406164	491932473	6110352148	6110352148
keccak1600-avx512vl-rust	keccak1600-avx512vl	fixed	shared	64	latency	1	166666	29941804	153481772	467498496	6140292321	6140292321
keccak1600-avx512vl-rust	keccak1600-avx512vl	runtime	asm	64	throughput	2	150943	30513272	157109244	336150430	6170809414	6170809414
keccak1600-avx512vl-rust	keccak1600-avx512vl	runtime	asm	64	latency	2	145896	29941924	154355854	325202553	6200755287	6200755287
keccak1600-avx512vl-rust	keccak1600-avx512vl	fixed	asm	64	throughput	2	151898	30343873	156048673	332505086	6231102930	6231102930
keccak1600-avx512vl-rust	keccak1600-avx512vl	fixed	asm	64	latency	2	148837	30097753	155266725	326102237	6261204783	6261204783
keccak1600-avx512vl-rust	keccak1600-avx512vl	runtime	shared	64	throughput	2	174545	30205633	154694576	492915448	6291417176	6291417176
keccak1600-avx512vl-rust	keccak1600-avx512vl	runtime	shared	64	latency	2	165374	30142873	154410848	467347291	6321564050	6321564050
keccak1600-avx512vl-rust	keccak1600-avx512vl	fixed	shared	64	throughput	2	174704	29938234	153516991	489695678	6351498043	6351498043
keccak1600-avx512vl-rust	keccak1600-avx512vl	fixed	shared	64	latency	2	166811	30046424	153665014	467905224	6381548306	6381548306
keccak1600-avx512vl-rust	keccak1600-avx512vl	runtime	stack	64	throughput	2	168568	29973124	153554508	490364682	6411525419	6411525419
keccak1600-avx512vl-rust	keccak1600-avx512vl	runtime	stack	64	latency	2	165660	30314893	154643271	482236629	6441844323	6441844323
keccak1600-avx512vl-rust	keccak1600-avx512vl	fixed	stack	64	throughput	2	174070	29916585	153022769	487744508	6471765147	6471765147
keccak1600-avx512vl-rust	keccak1600-avx512vl	fixed	stack	64	latency	2	166666	29976134	153544117	467331835	6501744980	6501744980
keccak1600-avx512vl-rust	keccak1600-avx512vl	runtime	shared	64	throughput	3	173755	30138584	154141494	490684491	6531887823	6531887823
keccak1600-avx512vl-rust	keccak1600-avx512vl	runtime	shared	64	latency	3	165517	30125093	154413071	467751412	6562016477	6562016477
keccak1600-avx512vl-rust	keccak1600-avx512vl	fixed	shared	64	throughput	3	175342	30176103	154307718	491483999	6592192260	6592192260
keccak1600-avx512vl-rust	keccak1600-avx512vl	fixed	shared	64	latency	3	167539	30149783	154257918	469947263	6622346663	6622346663
keccak1600-avx512vl-rust	keccak1600-avx512vl	runtime	stack	64	throughput	3	169162	30280263	154537683	492092624	6652630986	6652630986
keccak1600-avx512vl-rust	keccak1600-avx512vl	runtime	stack	64	latency	3	164948	30060914	153637707	480164002	6682695979	6682695979
keccak1600-avx512vl-rust	keccak1600-avx512vl	fixed	stack	64	throughput	3	174386	30038424	153563700	488629938	6712726582	6712726582
keccak1600-avx512vl-rust	keccak1600-avx512vl	fixed	stack	64	latency	3	166971	30022494	153748825	468187057	6742752606	6742752606
keccak1600-avx512vl-rust	keccak1600-avx512vl	runtime	asm	64	throughput	3	149532	30274243	155463909	333008131	6773030769	6773030769
keccak1600-avx512vl-rust	keccak1600-avx512vl	runtime	asm	64	latency	3	146118	29939624	154231330	325697395	6802974372	6802974372
keccak1600-avx512vl-rust	keccak1600-avx512vl	fixed	asm	64	throughput	3	151898	30167363	155272114	332505091	6833145665	6833145665
keccak1600-avx512vl-rust	keccak1600-avx512vl	fixed	asm	64	latency	3	148377	30003334	154649408	325094377	6863153108	6863153108
keccak1600-avx512vl-rust	keccak1600-avx512vl	runtime	stack	64	throughput	4	169761	30256063	154827433	493835117	6893413442	6893413442
keccak1600-avx512vl-rust	keccak1600-avx512vl	runtime	stack	64	latency	4	164806	30070293	153613844	479750636	6923488015	6923488015
keccak1600-avx512vl-rust	keccak1600-avx512vl	fixed	stack	64	throughput	4	173913	29883764	152915425	487304596	6953375038	6953375038
keccak1600-avx512vl-rust	keccak1600-avx512vl	fixed	stack	64	latency	4	166666	30024514	153526029	467331834	6983388181	6983388181
keccak1600-avx512vl-rust	keccak1600-avx512vl	runtime	asm	64	throughput	4	148837	29878044	153745693	331460366	7013269675	7013269675
keccak1600-avx512vl-rust	keccak1600-avx512vl	runtime	asm	64	latency	4	146564	30215504	155401117	326691523	7043483628	7043483628
keccak1600-avx512vl-rust	keccak1600-avx512vl	fixed	asm	64	throughput	4	151062	29963634	154326576	330675086	7073452251	7073452251
keccak1600-avx512vl-rust	keccak1600-avx512vl	fixed	asm	64	latency	4	148837	30186194	155227043	326102242	7103637134	7103637134
keccak1600-avx512vl-rust	keccak1600-avx512vl	runtime	shared	64	throughput	4	174244	30082324	154514871	492065427	7133723178	7133723178
keccak1600-avx512vl-rust	keccak1600-avx512vl	runtime	shared	64	latency	4	165803	30130203	154683162	468559651	7163856811	7163856811
keccak1600-avx512vl-rust	keccak1600-avx512vl	fixed	shared	64	throughput	4	175663	30099344	154456114	492383754	7193959354	7193959354
keccak1600-avx512vl-rust	keccak1600-avx512vl	fixed	shared	64	latency	4	167685	30160313	154388394	470356796	7224116477	7224116477
keccak1600-avx512vl-rust	keccak1600-avx512vl	control	empty	64	throughput	0	2000000	2366321	12036075	30000320	7226485825	7226485825
keccak1600-avx512vl-rust	keccak1600-avx512vl	control	empty	64	latency	0	2000000	2800749	14040184	34000318	7229289483	7229289483
keccak1600-avx512vl-rust	keccak1600-avx512vl	runtime	shared	135	throughput	0	175182	29560065	150196312	565663029	7258852786	7258852786
keccak1600-avx512vl-rust	keccak1600-avx512vl	runtime	shared	135	latency	0	170515	30280323	154053334	550934320	7289128259	7289128259
keccak1600-avx512vl-rust	keccak1600-avx512vl	fixed	shared	135	throughput	0	181818	30163343	153993983	583636130	7319294982	7319294982
keccak1600-avx512vl-rust	keccak1600-avx512vl	fixed	shared	135	latency	0	172043	30152763	153699528	552602472	7349451096	7349451096
keccak1600-avx512vl-rust	keccak1600-avx512vl	runtime	stack	135	throughput	0	159072	29846785	152140181	464331513	7379301359	7379301359
keccak1600-avx512vl-rust	keccak1600-avx512vl	runtime	stack	135	latency	0	158546	30067603	154042743	463113223	7409372552	7409372552
keccak1600-avx512vl-rust	keccak1600-avx512vl	fixed	stack	135	throughput	0	176958	30185654	154416241	497429290	7439561745	7439561745
keccak1600-avx512vl-rust	keccak1600-avx512vl	fixed	stack	135	latency	0	167832	29938474	153518727	472111771	7469503689	7469503689
keccak1600-avx512vl-rust	keccak1600-avx512vl	runtime	asm	135	throughput	0	137832	29720445	152944746	308330543	7499219323	7499219323
keccak1600-avx512vl-rust	keccak1600-avx512vl	runtime	asm	135	latency	0	136557	29978715	154678875	305751478	7529201817	7529201817
keccak1600-avx512vl-rust	keccak1600-avx512vl	fixed	asm	135	throughput	0	139130	29548516	152416558	304695056	7558747080	7558747080
keccak1600-avx512vl-rust	keccak1600-avx512vl	fixed	asm	135	latency	0	138328	30129423	155359859	303215328	7588879793	7588879793
keccak1600-avx512vl-rust	keccak1600-avx512vl	runtime	stack	135	throughput	1	162574	30278523	155468715	474553862	7619162797	7619162797
keccak1600-avx512vl-rust	keccak1600-avx512vl	runtime	stack	135	latency	1	158415	30004514	153999675	462730562	7649170691	7649170691
keccak1600-avx512vl-rust	keccak1600-avx512vl	fixed	stack	135	throughput	1	176958	30154213	154497647	497429287	7679328244	7679328244
keccak1600-avx512vl-rust	keccak1600-avx512vl	fixed	stack	135	latency	1	168126	29960674	153723119	472938791	7709292317	7709292317
keccak1600-avx512vl-rust	keccak1600-avx512vl	runtime	asm	135	throughput	1	137733	29705385	152834384	308109067	7739001391	7739001391
keccak1600-avx512vl-rust	keccak1600-avx512vl	runtime	asm	135	latency	1	108229	23794688	122728978	242325076	7762799440	7762799440
keccak1600-avx512vl-rust	keccak1600-avx512vl	fixed	asm	135	throughput	1	140659	29902634	154464030	308043558	7792705573	7792705573
keccak1600-avx512vl-rust	keccak1600-avx512vl	fixed	asm	135	latency	1	138129	30117763	155324054	302779124	7822818956	7822818956
keccak1600-avx512vl-rust	keccak1600-avx512vl	runtime	shared	135	throughput	1	181132	30388313	155069211	584875581	7853205109	7853205109
keccak1600-avx512vl-rust	keccak1600-avx512vl	runtime	shared	135	latency	1	170062	30085703	153559878	549470674	7883294062	7883294062
keccak1600-avx512vl-rust	keccak1600-avx512vl	fixed	shared	135	throughput	1	181474	30240443	154156127	582531894	7913537725	7913537725
keccak1600-avx512vl-rust	keccak1600-avx512vl	fixed	shared	135	latency	1	172197	30126714	153901633	553097117	7943667729	7943667729
keccak1600-avx512vl-rust	keccak1600-avx512vl	runtime	asm	135	throughput	2	139636	30252802	155281551	312366087	7973924092	7973924092
keccak1600-avx512vl-rust	keccak1600-avx512vl	runtime	asm	135	latency	2	136460	30043304	154979117	305534293	8003971285	8003971285
keccak1600-avx512vl-rust	keccak1600-avx512vl	fixed	asm	135	throughput	2	141802	30153433	155490510	310546732	8034127898	8034127898
keccak1600-avx512vl-rust	keccak1600-avx512vl	fixed	asm	135	latency	2	137931	30091224	155417903	302345110	8064222301	8064222301
keccak1600-avx512vl-rust	keccak1600-avx512vl	runtime	shared	135	throughput	2	179607	30176793	154168748	579951356	8094402354	8094402354
keccak1600-avx512vl-rust	keccak1600-avx512vl	runtime	shared	135	latency	2	170515	30174863	154056834	550934312	8124575338	8124575338
keccak1600-avx512vl-rust	keccak1600-avx512vl	fixed	shared	135	throughput	2	181474	30121263	153760161	582531899	8154699941	8154699941
keccak1600-avx512vl-rust	keccak1600-avx512vl	fixed	shared	135	latency	2	172197	30125224	153871060	553097114	8184828414	8184828414
keccak1600-avx512vl-rust	keccak1600-avx512vl	runtime	stack	135	throughput	2	160669	29990014	153608374	468993167	8214821677	8214821677
keccak1600-avx512vl-rust	keccak1600-avx512vl	runtime	stack	135	latency	2	158940	30080123	154401632	464264087	8244905751	8244905751
keccak1600-avx512vl-rust	keccak1600-avx512vl	fixed	stack	135	throughput	2	177121	30111703	154574439	497887489	8275020624	8275020624
keccak1600-avx512vl-rust	keccak1600-avx512vl	fixed	stack	135	latency	2	167685	29956994	153374841	471698258	8304981347	8304981347
keccak1600-avx512vl-rust	keccak1600-avx512vl	runtime	shared	135	throughput	3	178604	30126154	152915885	576712667	8335110990	8335110990
keccak1600-avx512vl-rust	keccak1600-avx512vl	runtime	shared	135	latency	3	169911	30157673	153606229	548982795	8365272183	8365272183
keccak1600-avx512vl-rust	keccak1600-avx512vl	fixed	shared	135	throughput	3	181474	30084294	153658221	582531891	8395359697	8395359697
keccak1600-avx512vl-rust	keccak1600-avx512vl	fixed	shared	135	latency	3	172351	30145223	153981150	553591770	8425508490	8425508490
keccak1600-avx512vl-rust	keccak1600-avx512vl	runtime	stack	135	throughput	3	160535	29969384	153497689	468602015	8455481783	8455481783
keccak1600-avx512vl-rust	keccak1600-avx512vl	runtime	stack	135	latency	3	159072	30145683	154514460	464649667	8485630926	8485630926
keccak1600-avx512vl-rust	keccak1600-avx512vl	fixed	stack	135	throughput	3	176632	30049294	154232289	496512902	8515683820	8515683820
keccak1600-avx512vl-rust	keccak1600-avx512vl	fixed	stack	135	latency	3	168865	30086623	154465053	475017597	8545774363	8545774363
keccak1600-avx512vl-rust	keccak1600-avx512vl	runtime	asm	135	throughput	3	140145	30135884	155310279	313504712	8575913536	8575913536
keccak1600-avx512vl-rust	keccak1600-avx512vl	runtime	asm	135	latency	3	136752	30070663	155083240	306188085	8605987589	8605987589
keccak1600-avx512vl-rust	keccak1600-avx512vl	fixed	asm	135	throughput	3	142011	30181603	155670824	311004442	8636172552	8636172552
keccak1600-avx512vl-rust	keccak1600-avx512vl	fixed	asm	135	latency	3	138030	30053154	155223596	302562111	8666229036	8666229036
keccak1600-avx512vl-rust	keccak1600-avx512vl	runtime	stack	135	throughput	4	163126	30458012	156023556	476165152	8696678268	8696678268
keccak1600-avx512vl-rust	keccak1600-avx512vl	runtime	stack	135	latency	4	158415	30026694	153975741	462730567	8726708242	8726708242
keccak1600-avx512vl-rust	keccak1600-avx512vl	fixed	stack	135	throughput	4	176632	30108833	154268839	496512910	8756820325	8756820325
keccak1600-avx512vl-rust	keccak1600-avx512vl	fixed	stack	135	latency	4	168273	30019674	153893115	473352300	8786843248	8786843248
keccak1600-avx512vl-rust	keccak1600-avx512vl	runtime	asm	135	throughput	4	137240	29589555	152243387	307006231	8816436502	8816436502
keccak1600-avx512vl-rust	keccak1600-avx512vl	runtime	asm	135	latency	4	136363	29965334	154616373	305317104	8846405135	8846405135
keccak1600-avx512vl-rust	keccak1600-avx512vl	fixed	asm	135	throughput	4	142116	30196483	155888624	311234396	8876604758	8876604758
keccak1600-avx512vl-rust	keccak1600-avx512vl	fixed	asm	135	latency	4	136557	29847435	153506988	299333301	8906455862	8906455862
keccak1600-avx512vl-rust	keccak1600-avx512vl	runtime	shared	135	throughput	4	181132	30373342	155260327	584875582	8936832765	8936832765
keccak1600-avx512vl-rust	keccak1600-avx512vl	runtime	shared	135	latency	4	170515	30179723	154082101	550934322	8967017178	8967017178
keccak1600-avx512vl-rust	keccak1600-avx512vl	fixed	shared	135	throughput	4	180961	30020614	153221430	580885166	8997042081	8997042081
keccak1600-avx512vl-rust	keccak1600-avx512vl	fixed	shared	135	latency	4	172043	30205263	153668217	552602470	9027244154	9027244154
keccak1600-avx512vl-rust	keccak1600-avx512vl	control	empty	135	throughput	0	2000000	2746769	14007167	30000319	9029994232	9029994232
keccak1600-avx512vl-rust	keccak1600-avx512vl	control	empty	135	latency	0	2000000	2397571	12105987	34000322	9032394740	9032394740
keccak1600-avx512vl-rust	keccak1600-avx512vl	runtime	shared	136	throughput	0	88888	30296803	152277429	567016905	9062694703	9062694703
keccak1600-avx512vl-rust	keccak1600-avx512vl	runtime	shared	136	latency	0	86408	30041953	152192906	551369799	9092740116	9092740116
keccak1600-avx512vl-rust	keccak1600-avx512vl	fixed	shared	136	throughput	0	89845	30085084	153246730	571414549	9122829199	9122829199
keccak1600-avx512vl-rust	keccak1600-avx512vl	fixed	shared	136	latency	0	88073	30210003	154245016	560320786	9153037532	9153037532
keccak1600-avx512vl-rust	keccak1600-avx512vl	runtime	stack	136	throughput	0	90823	30077873	153677314	525411402	9183118425	9183118425
keccak1600-avx512vl-rust	keccak1600-avx512vl	runtime	stack	136	latency	0	88479	30087804	153709273	512028329	9213209469	9213209469
keccak1600-avx512vl-rust	keccak1600-avx512vl	fixed	stack	136	throughput	0	87312	30098213	153717212	488074428	9243311302	9243311302
keccak1600-avx512vl-rust	keccak1600-avx512vl	fixed	stack	136	latency	0	85219	30079694	153597304	476545001	9273383415	9273383415
keccak1600-avx512vl-rust	keccak1600-avx512vl	runtime	asm	136	throughput	0	77669	29941654	153884529	335763443	9303328238	9303328238
keccak1600-avx512vl-rust	keccak1600-avx512vl	runtime	asm	136	latency	0	77795	30081093	154778008	336463729	9333412622	9333412622
keccak1600-avx512vl-rust	keccak1600-avx512vl	fixed	asm	136	throughput	0	78303	29820735	153472329	335215495	9363236766	9363236766
keccak1600-avx512vl-rust	keccak1600-avx512vl	fixed	asm	136	latency	0	78367	30248593	155796785	335646217	9393488889	9393488889
keccak1600-avx512vl-rust	keccak1600-avx512vl	runtime	stack	136	throughput	1	91302	30178914	154463991	528182428	9423670942	9423670942
keccak1600-avx512vl-rust	keccak1600-avx512vl	runtime	stack	136	latency	1	88479	30095463	153754683	512028326	9453769435	9453769435
keccak1600-avx512vl-rust	keccak1600-avx512vl	fixed	stack	136	throughput	1	87193	30018444	153588541	487409226	9483783009	9483783009
keccak1600-avx512vl-rust	keccak1600-avx512vl	fixed	stack	136	latency	1	85257	29984594	153732233	476757498	9513770852	9513770852
keccak1600-avx512vl-rust	keccak1600-avx512vl	runtime	asm	136	throughput	1	77985	30064263	154720691	337129511	9543838175	9543838175
keccak1600-avx512vl-rust	keccak1600-avx512vl	runtime	asm	136	latency	1	78112	30070224	155111526	337834752	9573911388	9573911388
keccak1600-avx512vl-rust	keccak1600-avx512vl	fixed	asm	136	throughput	1	78720	29989424	154566571	337000673	9603898092	9603898092
keccak1600-avx512vl-rust	keccak1600-avx512vl	fixed	asm	136	latency	1	78495	30273862	156172595	336194440	9634174935	9634174935
keccak1600-avx512vl-rust	keccak1600-avx512vl	runtime	shared	136	throughput	1	90566	30357013	155257787	577720873	9664535068	9664535068
keccak1600-avx512vl-rust	keccak1600-avx512vl	runtime	shared	136	latency	1	87352	30089453	153696498	557393467	9694628121	9694628121
keccak1600-avx512vl-rust	keccak1600-avx512vl	fixed	shared	136	throughput	1	90310	30149334	153976855	574371949	9724780954	9724780954
keccak1600-avx512vl-rust	keccak1600-avx512vl	fixed	shared	136	latency	1	87956	30183894	154092120	559576427	9754968257	9754968257
keccak1600-avx512vl-rust	keccak1600-avx512vl	runtime	asm	136	throughput	2	77607	29978324	153739639	335495409	9784950030	9784950030
keccak1600-avx512vl-rust	keccak1600-avx512vl	runtime	asm	136	latency	2	77516	29831265	153795260	335257052	9814784884	9814784884
keccak1600-avx512vl-rust	keccak1600-avx512vl	fixed	asm	136	throughput	2	79273	30290663	156041625	339368061	9845070627	9845070627
keccak1600-avx512vl-rust	keccak1600-avx512vl	fixed	asm	136	latency	2	78271	30146923	155495001	335235048	9875220640	9875220640
keccak1600-avx512vl-rust	keccak1600-avx512vl	runtime	shared	136	throughput	2	90694	30429372	155381183	578537373	9905647623	9905647623
keccak1600-avx512vl-rust	keccak1600-avx512vl	runtime	shared	136	latency	2	87272	30093354	153691090	556882984	9935744056	9935744056
keccak1600-avx512vl-rust	keccak1600-avx512vl	fixed	shared	136	throughput	2	90187	30169904	153737444	573589676	9965917239	9965917239
keccak1600-avx512vl-rust	keccak1600-avx512vl	fixed	shared	136	latency	2	87551	30046813	153307160	556999813	9995955243	9995955243
keccak1600-avx512vl-rust	keccak1600-avx512vl	runtime	stack	136	throughput	2	90909	30122873	153854457	525908919	10026082356	10026082356
keccak1600-avx512vl-rust	keccak1600-avx512vl	runtime	stack	136	latency	2	88560	30104414	153773023	512497067	10056190779	10056190779
keccak1600-avx512vl-rust	keccak1600-avx512vl	fixed	stack	136	throughput	2	87114	30039394	153471381	486967614	10086234172	10086234172
keccak1600-avx512vl-rust	keccak1600-avx512vl	fixed	stack	136	latency	2	85147	29943765	153488482	476142381	10116176225	10116176225
keccak1600-avx512vl-rust	keccak1600-avx512vl	runtime	shared	136	throughput	3	90187	30280283	154523265	575303227	10146459528	10146459528
keccak1600-avx512vl-rust	keccak1600-avx512vl	runtime	shared	136	latency	3	87193	30058244	153576458	556378885	10176520842	10176520842
keccak1600-avx512vl-rust	keccak1600-avx512vl	fixed	shared	136	throughput	3	90352	30187833	154012931	574639074	10206711765	10206711765
keccak1600-avx512vl-rust	keccak1600-avx512vl	fixed	shared	136	latency	3	87791	30093143	153722886	558526699	10236808008	10236808008
keccak1600-avx512vl-rust	keccak1600-avx512vl	runtime	stack	136	throughput	3	90866	30090364	153721194	525660165	10266901401	10266901401
keccak1600-avx512vl-rust	keccak1600-avx512vl	runtime	stack	136	latency	3	88479	30098823	153826399	512028329	10297003464	10297003464
keccak1600-avx512vl-rust	keccak1600-avx512vl	fixed	stack	136	throughput	3	87272	30001384	153733918	487850838	10327008528	10327008528
keccak1600-avx512vl-rust	keccak1600-avx512vl	fixed	stack	136	latency	3	85790	30147193	154633341	479738036	10357158851	10357158851
keccak1600-avx512vl-rust	keccak1600-avx512vl	runtime	asm	136	throughput	3	77922	30089334	154256304	336857160	10387251314	10387251314
keccak1600-avx512vl-rust	keccak1600-avx512vl	runtime	asm	136	latency	3	77388	29907244	153664584	334703455	10417151617	10417151617
keccak1600-avx512vl-rust	keccak1600-avx512vl	fixed	asm	136	throughput	3	78720	29881054	154150531	337000676	10447035771	10447035771
keccak1600-avx512vl-rust	keccak1600-avx512vl	fixed	asm	136	latency	3	78239	30115544	155160531	335097991	10477154344	10477154344
keccak1600-avx512vl-rust	keccak1600-avx512vl	runtime	stack	136	throughput	4	91211	30184883	154320306	527655992	10507342267	10507342267
keccak1600-avx512vl-rust	keccak1600-avx512vl	runtime	stack	136	latency	4	88397	30090693	153722323	511553795	10537436110	10537436110
keccak1600-avx512vl-rust	keccak1600-avx512vl	fixed	stack	136	throughput	4	87153	30045324	153501898	487185625	10567480824	10567480824
keccak1600-avx512vl-rust	keccak1600-avx512vl	fixed	stack	136	latency	4	85333	30105803	153792831	477182487	10597589717	10597589717
keccak1600-avx512vl-rust	keccak1600-avx512vl	runtime	asm	136	throughput	4	78239	30082804	154861378	338227549	10627675580	10627675580
keccak1600-avx512vl-rust	keccak1600-avx512vl	runtime	asm	136	latency	4	78144	30101623	155140789	337973158	10657780293	10657780293
keccak1600-avx512vl-rust	keccak1600-avx512vl	fixed	asm	136	throughput	4	78882	30066514	154574742	337694196	10687839536	10687839536
keccak1600-avx512vl-rust	keccak1600-avx512vl	fixed	asm	136	latency	4	78303	30116203	155231238	335372099	10717958860	10717958860
keccak1600-avx512vl-rust	keccak1600-avx512vl	runtime	shared	136	throughput	4	79866	26811546	136869829	509465561	10744773716	10744773716
keccak1600-avx512vl-rust	keccak1600-avx512vl	runtime	shared	136	latency	4	87312	30099014	153730932	557138223	10774876239	10774876239
keccak1600-avx512vl-rust	keccak1600-avx512vl	fixed	shared	136	throughput	4	74389	24827414	126833330	473114382	10799706907	10799706907
keccak1600-avx512vl-rust	keccak1600-avx512vl	fixed	shared	136	latency	4	87791	30090754	153720633	558526692	10829800720	10829800720
keccak1600-avx512vl-rust	keccak1600-avx512vl	control	empty	136	throughput	0	2000000	2393761	12150914	30000321	10832197838	10832197838
keccak1600-avx512vl-rust	keccak1600-avx512vl	control	empty	136	latency	0	2000000	2862109	14318781	34000320	10835062895	10835062895
keccak1600-avx512vl-rust	keccak1600-avx512vl	runtime	shared	137	throughput	0	88113	29831135	151412172	562425631	10864897079	10864897079
keccak1600-avx512vl-rust	keccak1600-avx512vl	runtime	shared	137	latency	0	87114	30132943	153944119	556223240	10895033272	10895033272
keccak1600-avx512vl-rust	keccak1600-avx512vl	fixed	shared	137	throughput	0	89929	30111054	153792934	572308512	10925147625	10925147625
keccak1600-avx512vl-rust	keccak1600-avx512vl	fixed	shared	137	latency	0	87791	30120963	153804870	558877859	10955265998	10955265998
keccak1600-avx512vl-rust	keccak1600-avx512vl	runtime	stack	137	throughput	0	90438	30136113	154079719	523455495	10985405411	10985405411
keccak1600-avx512vl-rust	keccak1600-avx512vl	runtime	stack	137	latency	0	88316	30047684	153459887	511349999	11015446475	11015446475
keccak1600-avx512vl-rust	keccak1600-avx512vl	fixed	stack	137	throughput	0	87352	29977004	153765490	488560081	11045426768	11045426768
keccak1600-avx512vl-rust	keccak1600-avx512vl	fixed	stack	137	latency	0	85867	30140013	154692119	480426221	11075570031	11075570031
keccak1600-avx512vl-rust	keccak1600-avx512vl	runtime	asm	137	throughput	0	73450	29899974	154138290	317745051	11105473165	11105473165
keccak1600-avx512vl-rust	keccak1600-avx512vl	runtime	asm	137	latency	0	63660	26067239	134177302	275520826	11131540082	11131540082
keccak1600-avx512vl-rust	keccak1600-avx512vl	fixed	asm	137	throughput	0	75000	29766405	153547045	321225353	11161309736	11161309736
keccak1600-avx512vl-rust	keccak1600-avx512vl	fixed	asm	137	latency	0	75531	30259553	155725990	323650694	11191567739	11191567739
keccak1600-avx512vl-rust	keccak1600-avx512vl	runtime	stack	137	throughput	1	91472	30414252	155889563	529440289	11221985082	11221985082
keccak1600-avx512vl-rust	keccak1600-avx512vl	runtime	stack	137	latency	1	88438	30107824	153785906	512056366	11252087145	11252087145
keccak1600-avx512vl-rust	keccak1600-avx512vl	fixed	stack	137	throughput	1	87475	30216244	153907722	489248029	11282306428	11282306428
keccak1600-avx512vl-rust	keccak1600-avx512vl	fixed	stack	137	latency	1	85337	30062154	153734040	477460872	11312366621	11312366621
keccak1600-avx512vl-rust	keccak1600-avx512vl	runtime	asm	137	throughput	1	73789	30031204	154672494	319211567	11342400985	11342400985
keccak1600-avx512vl-rust	keccak1600-avx512vl	runtime	asm	137	latency	1	73676	30197103	155503259	318870085	11372601159	11372601159
keccak1600-avx512vl-rust	keccak1600-avx512vl	fixed	asm	137	throughput	1	74970	29955854	154049728	321096862	11402560092	11402560092
keccak1600-avx512vl-rust	keccak1600-avx512vl	fixed	asm	137	latency	1	75769	30217103	155885256	324670521	11432780385	11432780385
keccak1600-avx512vl-rust	keccak1600-avx512vl	runtime	shared	137	throughput	1	90310	30387232	155267952	576449088	11463162558	11463162558
keccak1600-avx512vl-rust	keccak1600-avx512vl	runtime	shared	137	latency	1	87114	30149953	154016305	556223239	11493315601	11493315601
keccak1600-avx512vl-rust	keccak1600-avx512vl	fixed	shared	137	throughput	1	89971	30119124	153859628	572575793	11523438184	11523438184
keccak1600-avx512vl-rust	keccak1600-avx512vl	fixed	shared	137	latency	1	87992	30171803	154146674	560157426	11553613517	11553613517
keccak1600-avx512vl-rust	keccak1600-avx512vl	runtime	asm	137	throughput	2	72507	29576476	152039008	313665635	11583184421	11583184421
keccak1600-avx512vl-rust	keccak1600-avx512vl	runtime	asm	137	latency	2	73647	30092684	155259238	318744571	11613280244	11613280244
keccak1600-avx512vl-rust	keccak1600-avx512vl	fixed	asm	137	throughput	2	75294	29921844	154134392	322484556	11643205248	11643205248
keccak1600-avx512vl-rust	keccak1600-avx512vl	fixed	asm	137	latency	2	75264	30157553	154960435	322506591	11673365831	11673365831
keccak1600-avx512vl-rust	keccak1600-avx512vl	runtime	shared	137	throughput	2	89635	30227473	154066714	572140555	11703596434	11703596434
keccak1600-avx512vl-rust	keccak1600-avx512vl	runtime	shared	137	latency	2	86760	30109464	153179943	553962957	11733709387	11733709387
keccak1600-avx512vl-rust	keccak1600-avx512vl	fixed	shared	137	throughput	2	89976	30300353	154017256	572607618	11764013330	11764013330
keccak1600-avx512vl-rust	keccak1600-avx512vl	fixed	shared	137	latency	2	87511	30159793	153299926	557095380	11794176813	11794176813
keccak1600-avx512vl-rust	keccak1600-avx512vl	runtime	stack	137	throughput	2	90225	30207723	153556646	522222654	11824381296	11824381296
keccak1600-avx512vl-rust	keccak1600-avx512vl	runtime	stack	137	latency	2	85068	29042788	147672278	492544070	11853427310	11853427310
keccak1600-avx512vl-rust	keccak1600-avx512vl	fixed	stack	137	throughput	2	86877	29957054	153051707	485903419	11883387374	11883387374
keccak1600-avx512vl-rust	keccak1600-avx512vl	fixed	stack	137	latency	2	85257	30076264	153604921	477013272	11913461367	11913461367
keccak1600-avx512vl-rust	keccak1600-avx512vl	runtime	shared	137	throughput	3	78080	26407597	134304767	498384986	11939872173	11939872173
keccak1600-avx512vl-rust	keccak1600-avx512vl	runtime	shared	137	latency	3	86877	30168513	153377039	554709997	11970043757	11970043757
keccak1600-avx512vl-rust	keccak1600-avx512vl	fixed	shared	137	throughput	3	89635	30175084	153423311	570437491	12000221930	12000221930
keccak1600-avx512vl-rust	keccak1600-avx512vl	fixed	shared	137	latency	3	87471	30152233	153250880	556840741	12030377433	12030377433
keccak1600-avx512vl-rust	keccak1600-avx512vl	runtime	stack	137	throughput	3	90098	30133613	153294702	521487578	12060514336	12060514336
keccak1600-avx512vl-rust	keccak1600-avx512vl	runtime	stack	137	latency	3	88113	30043344	152876962	510174621	12090560689	12090560689
keccak1600-avx512vl-rust	keccak1600-avx512vl	fixed	stack	137	throughput	3	87233	30073703	153546138	487894522	12120637462	12120637462
keccak1600-avx512vl-rust	keccak1600-avx512vl	fixed	stack	137	latency	3	85219	30070974	153547723	476800661	12150706986	12150706986
keccak1600-avx512vl-rust	keccak1600-avx512vl	runtime	asm	137	throughput	3	73535	30093923	154318342	318112762	12180804159	12180804159
keccak1600-avx512vl-rust	keccak1600-avx512vl	runtime	asm	137	latency	3	72948	29931844	153901197	315719298	12210739062	12210739062
keccak1600-avx512vl-rust	keccak1600-avx512vl	fixed	asm	137	throughput	3	74912	30006314	153090978	320848450	12240748426	12240748426
keccak1600-avx512vl-rust	keccak1600-avx512vl	fixed	asm	137	latency	3	74882	30100394	154527302	320869721	12270851850	12270851850
keccak1600-avx512vl-rust	keccak1600-avx512vl	runtime	stack	137	throughput	4	91038	30330952	155110615	526928299	12301186013	12301186013
keccak1600-avx512vl-rust	keccak1600-avx512vl	runtime	stack	137	latency	4	88642	30127294	153900054	513237536	12331316426	12331316426
keccak1600-avx512vl-rust	keccak1600-avx512vl	fixed	stack	137	throughput	4	87074	30001374	153275500	487005234	12361320839	12361320839
keccak1600-avx512vl-rust	keccak1600-avx512vl	fixed	stack	137	latency	4	85413	30120704	153886206	477886090	12391444522	12391444522
keccak1600-avx512vl-rust	keccak1600-avx512vl	runtime	asm	137	throughput	4	73450	30047734	154235419	317745053	12421495336	12421495336
keccak1600-avx512vl-rust	keccak1600-avx512vl	runtime	asm	137	latency	4	73257	30032744	154501957	317056644	12451531139	12451531139
keccak1600-avx512vl-rust	keccak1600-avx512vl	fixed	asm	137	throughput	4	75412	30030604	154560559	322989951	12481565352	12481565352
keccak1600-avx512vl-rust	keccak1600-avx512vl	fixed	asm	137	latency	4	75471	30448652	155606747	323393584	12512017195	12512017195
keccak1600-avx512vl-rust	keccak1600-avx512vl	runtime	shared	137	throughput	4	89677	30330163	154260737	572408640	12542350558	12542350558
keccak1600-avx512vl-rust	keccak1600-avx512vl	runtime	shared	137	latency	4	86681	30116343	153098118	553458539	12572470051	12572470051
keccak1600-avx512vl-rust	keccak1600-avx512vl	fixed	shared	137	throughput	4	90056	30215663	153930625	573116739	12602688904	12602688904
keccak1600-avx512vl-rust	keccak1600-avx512vl	fixed	shared	137	latency	4	87871	30272103	153975575	559387139	12632964237	12632964237
keccak1600-avx512vl-rust	keccak1600-avx512vl	control	empty	137	throughput	0	2000000	2365261	12003109	30000319	12635332895	12635332895
keccak1600-avx512vl-rust	keccak1600-avx512vl	control	empty	137	latency	0	2000000	2797969	14084935	34000321	12638133883	12638133883
keccak1600-avx512vl-rust	keccak1600-avx512vl	runtime	shared	272	throughput	0	52074	26625187	134443153	495953128	12664753219	12664753219
keccak1600-avx512vl-rust	keccak1600-avx512vl	runtime	shared	272	latency	0	58753	30105164	153397654	559681429	12694861762	12694861762
keccak1600-avx512vl-rust	keccak1600-avx512vl	fixed	shared	272	throughput	0	60131	30137683	153359064	571545513	12724997595	12724997595
keccak1600-avx512vl-rust	keccak1600-avx512vl	fixed	shared	272	latency	0	59186	30175513	154029367	562681653	12755176238	12755176238
keccak1600-avx512vl-rust	keccak1600-avx512vl	runtime	stack	272	throughput	0	60682	30113984	153795125	525263739	12785293582	12785293582
keccak1600-avx512vl-rust	keccak1600-avx512vl	runtime	stack	272	latency	0	59720	30120523	153849123	517056115	12815417846	12815417846
keccak1600-avx512vl-rust	keccak1600-avx512vl	fixed	stack	272	throughput	0	56855	30110563	153795042	478150902	12845531879	12845531879
keccak1600-avx512vl-rust	keccak1600-avx512vl	fixed	stack	272	latency	0	56058	30112654	153819741	471560250	12875648332	12875648332
keccak1600-avx512vl-rust	keccak1600-avx512vl	runtime	asm	272	throughput	0	52965	30013454	153980532	337069615	12905664965	12905664965
keccak1600-avx512vl-rust	keccak1600-avx512vl	runtime	asm	272	latency	0	52966	30021104	154641649	337181909	12935689389	12935689389
keccak1600-avx512vl-rust	keccak1600-avx512vl	fixed	asm	272	throughput	0	53826	30400802	156409235	340288329	12966093321	12966093321
keccak1600-avx512vl-rust	keccak1600-avx512vl	fixed	asm	272	latency	0	53141	30233543	155306514	336064037	12996319115	12996319115
keccak1600-avx512vl-rust	keccak1600-avx512vl	runtime	stack	272	throughput	1	61322	30414053	155503832	530803590	13026736328	13026736328
keccak1600-avx512vl-rust	keccak1600-avx512vl	runtime	stack	272	latency	1	59775	30150334	153995749	517532301	13056889742	13056889742
keccak1600-avx512vl-rust	keccak1600-avx512vl	fixed	stack	272	throughput	1	56855	30100533	153805514	478150901	13086993515	13086993515
keccak1600-avx512vl-rust	keccak1600-avx512vl	fixed	stack	272	latency	1	56091	30113573	153894559	471837845	13117105908	13117105908
keccak1600-avx512vl-rust	keccak1600-avx512vl	runtime	asm	272	throughput	1	51891	29488076	151728205	330234669	13146597302	13146597302
keccak1600-avx512vl-rust	keccak1600-avx512vl	runtime	asm	272	latency	1	53229	30198863	155560190	338856169	13176799335	13176799335
keccak1600-avx512vl-rust	keccak1600-avx512vl	fixed	asm	272	throughput	1	53333	30105954	155245246	337171582	13206908568	13206908568
keccak1600-avx512vl-rust	keccak1600-avx512vl	fixed	asm	272	latency	1	52864	29960785	154029245	334312291	13236865091	13236865091
keccak1600-avx512vl-rust	keccak1600-avx512vl	runtime	shared	272	throughput	1	60227	30495842	155542378	573602296	13267364154	13267364154
keccak1600-avx512vl-rust	keccak1600-avx512vl	runtime	shared	272	latency	1	58805	30190833	153580053	560176786	13297552977	13297552977
keccak1600-avx512vl-rust	keccak1600-avx512vl	fixed	shared	272	throughput	1	57901	29062238	148164922	550349348	13326618991	13326618991
keccak1600-avx512vl-rust	keccak1600-avx512vl	fixed	shared	272	latency	1	59076	30155253	153746373	561635884	13356777694	13356777694
keccak1600-avx512vl-rust	keccak1600-avx512vl	runtime	asm	272	throughput	2	52703	29957674	153555927	335402236	13386738738	13386738738
keccak1600-avx512vl-rust	keccak1600-avx512vl	runtime	asm	272	latency	2	52718	30041524	154399455	335603141	13416783611	13416783611
keccak1600-avx512vl-rust	keccak1600-avx512vl	fixed	asm	272	throughput	2	52703	29983364	152763496	333188721	13446764894	13446764894
keccak1600-avx512vl-rust	keccak1600-avx512vl	fixed	asm	272	latency	2	52088	29881975	151920498	329404867	13476650318	13476650318
keccak1600-avx512vl-rust	keccak1600-avx512vl	runtime	shared	272	throughput	2	59076	30140243	152595594	562640178	13506788041	13506788041
keccak1600-avx512vl-rust	keccak1600-avx512vl	runtime	shared	272	latency	2	58394	30082884	152457203	556261598	13536874164	13536874164
keccak1600-avx512vl-rust	keccak1600-avx512vl	fixed	shared	272	throughput	2	59555	30133734	152490819	566070630	13567001977	13567001977
keccak1600-avx512vl-rust	keccak1600-avx512vl	fixed	shared	272	latency	2	54314	27966092	141463101	516363541	13594971642	13594971642
keccak1600-avx512vl-rust	keccak1600-avx512vl	runtime	stack	272	throughput	2	60058	30013274	152189272	519862403	13624988465	13624988465
keccak1600-avx512vl-rust	keccak1600-avx512vl	runtime	stack	272	latency	2	59113	30038874	152291982	511800707	13655030429	13655030429
keccak1600-avx512vl-rust	keccak1600-avx512vl	fixed	stack	272	throughput	2	56537	30119493	152964862	475476520	13685153342	13685153342
keccak1600-avx512vl-rust	keccak1600-avx512vl	fixed	stack	272	latency	2	55765	30154593	153017042	469095531	13715311795	13715311795
keccak1600-avx512vl-rust	keccak1600-avx512vl	runtime	shared	272	throughput	3	59314	30357353	153312321	564906882	13745673328	13745673328
keccak1600-avx512vl-rust	keccak1600-avx512vl	runtime	shared	272	latency	3	52907	27447533	138162828	503992426	13773124903	13773124903
keccak1600-avx512vl-rust	keccak1600-avx512vl	fixed	shared	272	throughput	3	59314	29922615	151711752	563779924	13803051487	13803051487
keccak1600-avx512vl-rust	keccak1600-avx512vl	fixed	shared	272	latency	3	58877	30037604	153314936	559743991	13833092480	13833092480
keccak1600-avx512vl-rust	keccak1600-avx512vl	runtime	stack	272	throughput	3	60377	29974354	152961622	522623662	13863070033	13863070033
keccak1600-avx512vl-rust	keccak1600-avx512vl	runtime	stack	272	latency	3	59664	30106764	153684995	516571265	13893170887	13893170887
keccak1600-avx512vl-rust	keccak1600-avx512vl	fixed	stack	272	throughput	3	56823	30075484	153714123	477881776	13923249861	13923249861
keccak1600-avx512vl-rust	keccak1600-avx512vl	fixed	stack	272	latency	3	55993	30019804	153581923	471013469	13953273074	13953273074
keccak1600-avx512vl-rust	keccak1600-avx512vl	runtime	asm	272	throughput	3	52892	30112873	154505740	336605035	13983389237	13983389237
keccak1600-avx512vl-rust	keccak1600-avx512vl	runtime	asm	272	latency	3	52559	29904574	154006221	334590946	14013297010	14013297010
keccak1600-avx512vl-rust	keccak1600-avx512vl	fixed	asm	272	throughput	3	53917	30441713	156526730	340863621	14043741933	14043741933
keccak1600-avx512vl-rust	keccak1600-avx512vl	fixed	asm	272	latency	3	53097	30037544	154671570	335785782	14073776287	14073776287
keccak1600-avx512vl-rust	keccak1600-avx512vl	runtime	stack	272	throughput	4	61010	30265043	154719746	528102908	14104044550	14104044550
keccak1600-avx512vl-rust	keccak1600-avx512vl	runtime	stack	272	latency	4	59682	30112853	153755066	516727111	14134156893	14134156893
keccak1600-avx512vl-rust	keccak1600-avx512vl	fixed	stack	272	throughput	4	56787	30068014	153597426	477579022	14164228116	14164228116
keccak1600-avx512vl-rust	keccak1600-avx512vl	fixed	stack	272	latency	4	56091	30120373	153865565	471837841	14194351649	14194351649
keccak1600-avx512vl-rust	keccak1600-avx512vl	runtime	asm	272	throughput	4	52747	29942984	153669190	335682262	14224297923	14224297923
keccak1600-avx512vl-rust	keccak1600-avx512vl	runtime	asm	272	latency	4	52473	29882784	153561459	334043470	14254183907	14254183907
keccak1600-avx512vl-rust	keccak1600-avx512vl	fixed	asm	272	throughput	4	54023	30389803	156508027	341533762	14284577200	14284577200
keccak1600-avx512vl-rust	keccak1600-avx512vl	fixed	asm	272	latency	4	53216	30210304	155563469	336538335	14314790573	14314790573
keccak1600-avx512vl-rust	keccak1600-avx512vl	runtime	shared	272	throughput	4	60227	30461713	155530187	573602303	14345255586	14345255586
keccak1600-avx512vl-rust	keccak1600-avx512vl	runtime	shared	272	latency	4	58949	30209363	153979083	561548527	14375468259	14375468259
keccak1600-avx512vl-rust	keccak1600-avx512vl	fixed	shared	272	throughput	4	60206	30194283	154018804	572258386	14405666132	14405666132
keccak1600-avx512vl-rust	keccak1600-avx512vl	fixed	shared	272	latency	4	59076	30140923	153759724	561635885	14435810085	14435810085
keccak1600-avx512vl-rust	keccak1600-avx512vl	control	empty	272	throughput	0	2000000	2767259	14089690	30000320	14438580323	14438580323
keccak1600-avx512vl-rust	keccak1600-avx512vl	control	empty	272	latency	0	2000000	2784320	14001812	34000318	14441367600	14441367600
keccak1600-avx512vl-rust	keccak1600-avx512vl	runtime	shared	532	throughput	0	44178	29854285	151040540	559205479	14471215624	14471215624
keccak1600-avx512vl-rust	keccak1600-avx512vl	runtime	shared	532	latency	0	44239	29999224	152893432	560066093	14501217948	14501217948
keccak1600-avx512vl-rust	keccak1600-avx512vl	fixed	shared	532	throughput	0	45315	30167973	153938487	572736641	14531388901	14531388901
keccak1600-avx512vl-rust	keccak1600-avx512vl	fixed	shared	532	latency	0	44620	30215403	153966845	564041780	14561603794	14561603794
keccak1600-avx512vl-rust	keccak1600-avx512vl	runtime	stack	532	throughput	0	45562	30118353	153882099	525011281	14591725157	14591725157
keccak1600-avx512vl-rust	keccak1600-avx512vl	runtime	stack	532	latency	0	45038	30130493	153882326	519063301	14621858760	14621858760
keccak1600-avx512vl-rust	keccak1600-avx512vl	fixed	stack	532	throughput	0	44630	30131054	153946076	512620536	14651992853	14651992853
keccak1600-avx512vl-rust	keccak1600-avx512vl	fixed	stack	532	latency	0	44088	30137794	153947778	506483304	14682133737	14682133737
keccak1600-avx512vl-rust	keccak1600-avx512vl	runtime	asm	532	throughput	0	39933	29975344	153752316	335477487	14712101851	14712101851
keccak1600-avx512vl-rust	keccak1600-avx512vl	runtime	asm	532	latency	0	40277	30190004	155657559	338447985	14742294884	14742294884
keccak1600-avx512vl-rust	keccak1600-avx512vl	fixed	asm	532	throughput	0	40176	29887265	154163360	336112769	14772185317	14772185317
keccak1600-avx512vl-rust	keccak1600-avx512vl	fixed	asm	532	latency	0	40226	30001724	154501349	336611523	14802190401	14802190401
keccak1600-avx512vl-rust	keccak1600-avx512vl	runtime	stack	532	throughput	1	46011	30310323	155009111	530185108	14832503895	14832503895
keccak1600-avx512vl-rust	keccak1600-avx512vl	runtime	stack	532	latency	1	45091	30170693	154121034	519674132	14862677739	14862677739
keccak1600-avx512vl-rust	keccak1600-avx512vl	fixed	stack	532	throughput	1	44734	30212683	154227377	513815079	14892893822	14892893822
keccak1600-avx512vl-rust	keccak1600-avx512vl	fixed	stack	532	latency	1	44067	30127474	153875399	506242046	14923024585	14923024585
keccak1600-avx512vl-rust	keccak1600-avx512vl	runtime	asm	532	throughput	1	39975	29991044	153955913	335830329	14953010788	14953010788
keccak1600-avx512vl-rust	keccak1600-avx512vl	runtime	asm	532	latency	1	40167	30004014	154730332	337523648	14983017831	14983017831
keccak1600-avx512vl-rust	keccak1600-avx512vl	fixed	asm	532	throughput	1	40617	30169073	155345678	339802178	15013190174	15013190174
keccak1600-avx512vl-rust	keccak1600-avx512vl	fixed	asm	532	latency	1	40489	30283023	155934148	338812304	15043471317	15043471317
keccak1600-avx512vl-rust	keccak1600-avx512vl	runtime	shared	532	throughput	1	45498	30442213	155474148	575914040	15073916850	15073916850
keccak1600-avx512vl-rust	keccak1600-avx512vl	runtime	shared	532	latency	1	44516	30163653	154025713	563572909	15104080133	15104080133
keccak1600-avx512vl-rust	keccak1600-avx512vl	fixed	shared	532	throughput	1	45208	30152303	154016662	571384272	15134235757	15134235757
keccak1600-avx512vl-rust	keccak1600-avx512vl	fixed	shared	532	latency	1	44682	30169483	154129119	564825517	15164408360	15164408360
keccak1600-avx512vl-rust	keccak1600-avx512vl	runtime	asm	532	throughput	2	39792	29784745	153045081	334292942	15194196243	15194196243
keccak1600-avx512vl-rust	keccak1600-avx512vl	runtime	asm	532	latency	2	40285	30169113	155565842	338515214	15224363396	15224363396
keccak1600-avx512vl-rust	keccak1600-avx512vl	fixed	asm	532	throughput	2	40378	30010434	154804023	337802702	15254376949	15254376949
keccak1600-avx512vl-rust	keccak1600-avx512vl	fixed	asm	532	latency	2	40320	30034944	154862738	337398111	15284406433	15284406433
keccak1600-avx512vl-rust	keccak1600-avx512vl	runtime	shared	532	throughput	2	45508	30425042	155550466	576040614	15314834716	15314834716
keccak1600-avx512vl-rust	keccak1600-avx512vl	runtime	shared	532	latency	2	44465	30097034	153699911	562927251	15344934929	15344934929
keccak1600-avx512vl-rust	keccak1600-avx512vl	fixed	shared	532	throughput	2	45219	30123743	153863450	571523293	15375062072	15375062072
keccak1600-avx512vl-rust	keccak1600-avx512vl	fixed	shared	532	latency	2	44703	30179873	154173149	565090977	15405245125	15405245125
keccak1600-avx512vl-rust	keccak1600-avx512vl	runtime	stack	532	throughput	2	45562	30136773	153921606	525011275	15435385088	15435385088
keccak1600-avx512vl-rust	keccak1600-avx512vl	runtime	stack	532	latency	2	44964	30102424	153672618	518210450	15465482891	15465482891
keccak1600-avx512vl-rust	keccak1600-avx512vl	fixed	stack	532	throughput	2	44609	30105073	153762309	512379328	15495591454	15495591454
keccak1600-avx512vl-rust	keccak1600-avx512vl	fixed	stack	532	latency	2	44026	30069364	153665897	505771041	15525664068	15525664068
keccak1600-avx512vl-rust	keccak1600-avx512vl	runtime	shared	532	throughput	3	45059	30184333	154064981	570357176	15555843941	15555843941
keccak1600-avx512vl-rust	keccak1600-avx512vl	runtime	shared	532	latency	3	44526	30162323	154064059	563699512	15586009464	15586009464
keccak1600-avx512vl-rust	keccak1600-avx512vl	fixed	shared	532	throughput	3	45219	30164093	154076082	571523298	15616176757	15616176757
keccak1600-avx512vl-rust	keccak1600-avx512vl	fixed	shared	532	latency	3	44620	30142843	153963796	564041766	15646323150	15646323150
keccak1600-avx512vl-rust	keccak1600-avx512vl	runtime	stack	532	throughput	3	45605	30151684	154038734	525506771	15676478143	15676478143
keccak1600-avx512vl-rust	keccak1600-avx512vl	runtime	stack	532	latency	3	44997	30089944	153732928	518590772	15706571196	15706571196
keccak1600-avx512vl-rust	keccak1600-avx512vl	fixed	stack	532	throughput	3	44828	30250773	154538889	514894761	15736825180	15736825180
keccak1600-avx512vl-rust	keccak1600-avx512vl	fixed	stack	532	latency	3	44077	30127153	153909577	506356930	15766955594	15766955594
keccak1600-avx512vl-rust	keccak1600-avx512vl	runtime	asm	532	throughput	3	39555	29630025	152329477	332301907	15796589017	15796589017
keccak1600-avx512vl-rust	keccak1600-avx512vl	runtime	asm	532	latency	3	40336	30206253	155734005	338943763	15826798400	15826798400
keccak1600-avx512vl-rust	keccak1600-avx512vl	fixed	asm	532	throughput	3	40842	30395543	156624491	341684526	15857189283	15857189283
keccak1600-avx512vl-rust	keccak1600-avx512vl	fixed	asm	532	latency	3	40201	30020834	154744071	336402323	15887213216	15887213216
keccak1600-avx512vl-rust	keccak1600-avx512vl	runtime	stack	532	throughput	4	46010	30399093	155369312	530173584	15917610599	15917610599
keccak1600-avx512vl-rust	keccak1600-avx512vl	runtime	stack	532	latency	4	45029	30113534	153856332	518959579	15947727273	15947727273
keccak1600-avx512vl-rust	keccak1600-avx512vl	fixed	stack	532	throughput	4	44599	30125633	153873185	512264470	15977851107	15977851107
keccak1600-avx512vl-rust	keccak1600-avx512vl	fixed	stack	532	latency	4	44067	30126203	153899644	506242049	16007980460	16007980460
keccak1600-avx512vl-rust	keccak1600-avx512vl	runtime	asm	532	throughput	4	39784	29822495	153163742	334225736	16037806063	16037806063
keccak1600-avx512vl-rust	keccak1600-avx512vl	runtime	asm	532	latency	4	40387	30183763	155701482	339372314	16067993066	16067993066
keccak1600-avx512vl-rust	keccak1600-avx512vl	fixed	asm	532	throughput	4	40310	30010644	154800313	337233815	16098006950	16098006950
keccak1600-avx512vl-rust	keccak1600-avx512vl	fixed	asm	532	latency	4	37662	28068292	144729930	315155959	16126074595	16126074595
keccak1600-avx512vl-rust	keccak1600-avx512vl	runtime	shared	532	throughput	4	45486	30409712	155449486	575762143	16156487408	16156487408
keccak1600-avx512vl-rust	keccak1600-avx512vl	runtime	shared	532	latency	4	44506	30154973	154032254	563446309	16186645502	16186645502
keccak1600-avx512vl-rust	keccak1600-avx512vl	fixed	shared	532	throughput	4	45229	30163054	154101973	571649687	16216811695	16216811695
keccak1600-avx512vl-rust	keccak1600-avx512vl	fixed	shared	532	latency	4	44933	30369873	154956931	567998401	16247179298	16247179298
keccak1600-avx512vl-rust	keccak1600-avx512vl	control	empty	532	throughput	0	2000000	2769749	14099426	30000321	16249952095	16249952095
keccak1600-avx512vl-rust	keccak1600-avx512vl	control	empty	532	latency	0	2000000	2786649	14002313	34000319	16252741723	16252741723
keccak1600-avx512vl-rust	keccak1600-avx512vl	runtime	shared	1024	throughput	0	22063	29837714	151306269	556892534	16282582506	16282582506
keccak1600-avx512vl-rust	keccak1600-avx512vl	runtime	shared	1024	latency	0	21597	29060698	148396254	545173418	16311646340	16311646340
keccak1600-avx512vl-rust	keccak1600-avx512vl	fixed	shared	1024	throughput	0	22625	30202243	154208927	570648105	16341851773	16341851773
keccak1600-avx512vl-rust	keccak1600-avx512vl	fixed	shared	1024	latency	0	22369	30055644	153362926	564236007	16371910476	16371910476
keccak1600-avx512vl-rust	keccak1600-avx512vl	runtime	stack	1024	throughput	0	21764	28682320	146522695	500724698	16400595931	16400595931
keccak1600-avx512vl-rust	keccak1600-avx512vl	runtime	stack	1024	latency	0	22703	30107484	153763762	522373677	16430706634	16430706634
keccak1600-avx512vl-rust	keccak1600-avx512vl	fixed	stack	1024	throughput	0	22543	30156694	154060662	514070929	16460866467	16460866467
keccak1600-avx512vl-rust	keccak1600-avx512vl	fixed	stack	1024	latency	0	21464	28930688	147815041	489508334	16489800261	16489800261
keccak1600-avx512vl-rust	keccak1600-avx512vl	runtime	asm	1024	throughput	0	20138	29831284	153263154	333586318	16519634774	16519634774
keccak1600-avx512vl-rust	keccak1600-avx512vl	runtime	asm	1024	latency	0	19668	29012728	149653758	325840108	16548650838	16548650838
keccak1600-avx512vl-rust	keccak1600-avx512vl	fixed	asm	1024	throughput	0	20530	30120534	155409969	339381779	16578774412	16578774412
keccak1600-avx512vl-rust	keccak1600-avx512vl	fixed	asm	1024	latency	0	20332	29934575	154265866	336149308	16608712006	16608712006
keccak1600-avx512vl-rust	keccak1600-avx512vl	runtime	stack	1024	throughput	1	23074	30388142	155370275	530863872	16639103199	16639103199
keccak1600-avx512vl-rust	keccak1600-avx512vl	runtime	stack	1024	latency	1	21820	28921508	147790946	502056728	16668027713	16668027713
keccak1600-avx512vl-rust	keccak1600-avx512vl	fixed	stack	1024	throughput	1	21699	29078128	148463706	494824347	16697098467	16697098467
keccak1600-avx512vl-rust	keccak1600-avx512vl	fixed	stack	1024	latency	1	22341	30119854	153883336	509509200	16727221400	16727221400
keccak1600-avx512vl-rust	keccak1600-avx512vl	runtime	asm	1024	throughput	1	20298	29915765	153902547	336236725	16757140163	16757140163
keccak1600-avx512vl-rust	keccak1600-avx512vl	runtime	asm	1024	latency	1	20341	30207984	155101023	336989700	16787351116	16787351116
keccak1600-avx512vl-rust	keccak1600-avx512vl	fixed	asm	1024	throughput	1	20406	30056554	154745075	337331940	16817410709	16817410709
keccak1600-avx512vl-rust	keccak1600-avx512vl	fixed	asm	1024	latency	1	19630	28978949	149363216	324543143	16846392634	16846392634
keccak1600-avx512vl-rust	keccak1600-avx512vl	runtime	shared	1024	throughput	1	22708	30441402	155655160	573172984	16876837077	16876837077
keccak1600-avx512vl-rust	keccak1600-avx512vl	runtime	shared	1024	latency	1	22416	30126943	153910547	565847442	16906967070	16906967070
keccak1600-avx512vl-rust	keccak1600-avx512vl	fixed	shared	1024	throughput	1	20477	27303874	139504680	516471241	16934274216	16934274216
keccak1600-avx512vl-rust	keccak1600-avx512vl	fixed	shared	1024	latency	1	22464	30172793	154100484	566632288	16964450359	16964450359
keccak1600-avx512vl-rust	keccak1600-avx512vl	runtime	asm	1024	throughput	2	20253	29873994	153468571	335491294	16994327522	16994327522
keccak1600-avx512vl-rust	keccak1600-avx512vl	runtime	asm	1024	latency	2	20464	30186783	155656216	339027441	17024507885	17024507885
keccak1600-avx512vl-rust	keccak1600-avx512vl	fixed	asm	1024	throughput	2	20208	29716345	153269893	334058798	17054227419	17054227419
keccak1600-avx512vl-rust	keccak1600-avx512vl	fixed	asm	1024	latency	2	20454	30138354	155131324	338166333	17084362992	17084362992
keccak1600-avx512vl-rust	keccak1600-avx512vl	runtime	shared	1024	throughput	2	22767	30541411	156118413	574662192	17114907705	17114907705
keccak1600-avx512vl-rust	keccak1600-avx512vl	runtime	shared	1024	latency	2	22199	29847814	152384415	560369712	17144754828	17144754828
keccak1600-avx512vl-rust	keccak1600-avx512vl	fixed	shared	1024	throughput	2	22622	30168964	154127392	570572438	17174927001	17174927001
keccak1600-avx512vl-rust	keccak1600-avx512vl	fixed	shared	1024	latency	2	22276	29907074	152719261	561890177	17204841214	17204841214
keccak1600-avx512vl-rust	keccak1600-avx512vl	runtime	stack	1024	throughput	2	21778	28716189	146679841	501046795	17233560489	17233560489
keccak1600-avx512vl-rust	keccak1600-avx512vl	runtime	stack	1024	latency	2	22851	30269083	154731463	525779016	17263823652	17263823652
keccak1600-avx512vl-rust	keccak1600-avx512vl	fixed	stack	1024	throughput	2	22532	30143424	154091895	513820080	17293970135	17293970135
keccak1600-avx512vl-rust	keccak1600-avx512vl	fixed	stack	1024	latency	2	22322	30120344	153762193	509075888	17324089198	17324089198
keccak1600-avx512vl-rust	keccak1600-avx512vl	runtime	shared	1024	throughput	3	22466	30161164	154015682	567064660	17354253421	17354253421
keccak1600-avx512vl-rust	keccak1600-avx512vl	runtime	shared	1024	latency	3	21551	28966038	147999140	544012244	17383225385	17383225385
keccak1600-avx512vl-rust	keccak1600-avx512vl	fixed	shared	1024	throughput	3	22612	30163413	154087507	570320216	17413391918	17413391918
keccak1600-avx512vl-rust	keccak1600-avx512vl	fixed	shared	1024	latency	3	22490	30180413	154158596	567288110	17443568421	17443568421
keccak1600-avx512vl-rust	keccak1600-avx512vl	runtime	stack	1024	throughput	3	22865	30136163	153948167	526055411	17473707544	17473707544
keccak1600-avx512vl-rust	keccak1600-avx512vl	runtime	stack	1024	latency	3	22824	30247693	154626641	525157766	17503958237	17503958237
keccak1600-avx512vl-rust	keccak1600-avx512vl	fixed	stack	1024	throughput	3	22548	30159153	154208240	514184947	17534120360	17534120360
keccak1600-avx512vl-rust	keccak1600-avx512vl	fixed	stack	1024	latency	3	22359	30082313	153994914	509919709	17564205684	17564205684
keccak1600-avx512vl-rust	keccak1600-avx512vl	runtime	asm	1024	throughput	3	19573	28871298	148469203	324227096	17593074839	17593074839
keccak1600-avx512vl-rust	keccak1600-avx512vl	runtime	asm	1024	latency	3	20336	29921104	154333849	336906862	17622999082	17622999082
keccak1600-avx512vl-rust	keccak1600-avx512vl	fixed	asm	1024	throughput	3	20486	30080473	155202506	338654417	17653082595	17653082595
keccak1600-avx512vl-rust	keccak1600-avx512vl	fixed	asm	1024	latency	3	19861	29095167	150084314	328362265	17682180809	17682180809
keccak1600-avx512vl-rust	keccak1600-avx512vl	runtime	stack	1024	throughput	4	23074	30353493	155378612	530863875	17712537532	17712537532
keccak1600-avx512vl-rust	keccak1600-avx512vl	runtime	stack	1024	latency	4	22727	30117174	153929396	522925897	17742657825	17742657825
keccak1600-avx512vl-rust	keccak1600-avx512vl	fixed	stack	1024	throughput	4	22628	30210373	154648668	516009270	17772871358	17772871358
keccak1600-avx512vl-rust	keccak1600-avx512vl	fixed	stack	1024	latency	4	22348	30132174	153934965	509668842	17803006571	17803006571
keccak1600-avx512vl-rust	keccak1600-avx512vl	runtime	asm	1024	throughput	4	20229	29920455	153793753	335093740	17832924325	17832924325
keccak1600-avx512vl-rust	keccak1600-avx512vl	runtime	asm	1024	latency	4	20397	30163413	155616109	337917453	17863090818	17863090818
keccak1600-avx512vl-rust	keccak1600-avx512vl	fixed	asm	1024	throughput	4	20451	30173413	155596632	338075840	17893262551	17893262551
keccak1600-avx512vl-rust	keccak1600-avx512vl	fixed	asm	1024	latency	4	20455	30077344	155111032	338182868	17923342854	17923342854
keccak1600-avx512vl-rust	keccak1600-avx512vl	runtime	shared	1024	throughput	4	22676	30421423	155552342	572365270	17953767367	17953767367
keccak1600-avx512vl-rust	keccak1600-avx512vl	runtime	shared	1024	latency	4	22448	30165224	154010574	566655220	17983935740	17983935740
keccak1600-avx512vl-rust	keccak1600-avx512vl	fixed	shared	1024	throughput	4	22585	30143104	153922539	569639225	18014081873	18014081873
keccak1600-avx512vl-rust	keccak1600-avx512vl	fixed	shared	1024	latency	4	22477	30206993	154113487	566960201	18044292036	18044292036
keccak1600-avx512vl-rust	keccak1600-avx512vl	control	empty	1024	throughput	0	2000000	2358911	12002854	30000319	18046653884	18046653884
keccak1600-avx512vl-rust	keccak1600-avx512vl	control	empty	1024	latency	0	2000000	2797390	14022726	34000320	18049454221	18049454221
keccak1600-avx512vl-rust	keccak1600-avx512vl	runtime	shared	4096	throughput	0	5664	29470666	149392060	552727456	18078924005	18078924005
keccak1600-avx512vl-rust	keccak1600-avx512vl	runtime	shared	4096	latency	0	5740	29751955	151918043	560155473	18108679289	18108679289
keccak1600-avx512vl-rust	keccak1600-avx512vl	fixed	shared	4096	throughput	0	5831	30139414	153980377	568913534	18138821753	18138821753
keccak1600-avx512vl-rust	keccak1600-avx512vl	fixed	shared	4096	latency	0	5822	30139523	153958214	568047075	18168964366	18168964366
keccak1600-avx512vl-rust	keccak1600-avx512vl	runtime	stack	4096	throughput	0	5915	30139494	153921045	526683784	18199107149	18199107149
keccak1600-avx512vl-rust	keccak1600-avx512vl	runtime	stack	4096	latency	0	5694	29053748	148415932	507016891	18228158664	18228158664
keccak1600-avx512vl-rust	keccak1600-avx512vl	fixed	stack	4096	throughput	0	5877	30124844	153972505	518798405	18258286517	18258286517
keccak1600-avx512vl-rust	keccak1600-avx512vl	fixed	stack	4096	latency	0	5831	29950634	152977106	514749373	18288240280	18288240280
keccak1600-avx512vl-rust	keccak1600-avx512vl	runtime	asm	4096	throughput	0	5291	29920924	153997916	336031765	18318164334	18318164334
keccak1600-avx512vl-rust	keccak1600-avx512vl	runtime	asm	4096	latency	0	5335	30065254	155090371	338836874	18348232688	18348232688
keccak1600-avx512vl-rust	keccak1600-avx512vl	fixed	asm	4096	throughput	0	5352	30182354	155513476	339697144	18378418021	18378418021
keccak1600-avx512vl-rust	keccak1600-avx512vl	fixed	asm	4096	latency	0	5282	29752485	153500152	335264739	18408173515	18408173515
keccak1600-avx512vl-rust	keccak1600-avx512vl	runtime	stack	4096	throughput	1	5911	30066864	153819173	526327616	18438243398	18438243398
keccak1600-avx512vl-rust	keccak1600-avx512vl	runtime	stack	4096	latency	1	5903	30115273	153870100	525627089	18468361681	18468361681
keccak1600-avx512vl-rust	keccak1600-avx512vl	fixed	stack	4096	throughput	1	5824	29873584	152621536	514119776	18498238284	18498238284
keccak1600-avx512vl-rust	keccak1600-avx512vl	fixed	stack	4096	latency	1	5865	30074673	153820800	517750823	18528315977	18528315977
keccak1600-avx512vl-rust	keccak1600-avx512vl	runtime	asm	4096	throughput	1	5253	29777475	152735109	333618385	18558092960	18558092960
keccak1600-avx512vl-rust	keccak1600-avx512vl	runtime	asm	4096	latency	1	5257	29675075	152972470	333882939	18587771224	18587771224
keccak1600-avx512vl-rust	keccak1600-avx512vl	fixed	asm	4096	throughput	1	5338	30069254	155038139	338808550	18617843667	18617843667
keccak1600-avx512vl-rust	keccak1600-avx512vl	fixed	asm	4096	latency	1	5346	30151694	155375583	339327017	18647988520	18647988520
keccak1600-avx512vl-rust	keccak1600-avx512vl	runtime	shared	4096	throughput	1	5903	30489162	155762476	576050515	18678480763	18678480763
keccak1600-avx512vl-rust	keccak1600-avx512vl	runtime	shared	4096	latency	1	5822	30176443	154011464	568157688	18708660416	18708660416
keccak1600-avx512vl-rust	keccak1600-avx512vl	fixed	shared	4096	throughput	1	5461	28277591	144186457	532813735	18736941111	18736941111
keccak1600-avx512vl-rust	keccak1600-avx512vl	fixed	shared	4096	latency	1	5794	29981345	153140986	565315144	18766925484	18766925484
keccak1600-avx512vl-rust	keccak1600-avx512vl	runtime	asm	4096	throughput	2	5239	29657125	152338381	332729244	18796585628	18796585628
keccak1600-avx512vl-rust	keccak1600-avx512vl	runtime	asm	4096	latency	2	5292	29832495	153725411	336105862	18826421121	18826421121
keccak1600-avx512vl-rust	keccak1600-avx512vl	fixed	asm	4096	throughput	2	5346	30099274	155278265	339316321	18856523454	18856523454
keccak1600-avx512vl-rust	keccak1600-avx512vl	fixed	asm	4096	latency	2	5282	29763685	153555302	335264739	18886290267	18886290267
keccak1600-avx512vl-rust	keccak1600-avx512vl	runtime	shared	4096	throughput	2	5826	30067643	153705534	568536393	18916360990	18916360990
keccak1600-avx512vl-rust	keccak1600-avx512vl	runtime	shared	4096	latency	2	5820	30151733	154043957	567962513	18946515733	18946515733
keccak1600-avx512vl-rust	keccak1600-avx512vl	fixed	shared	4096	throughput	2	5835	30175523	154080323	569303800	18976684407	18976684407
keccak1600-avx512vl-rust	keccak1600-avx512vl	fixed	shared	4096	latency	2	5825	30155134	154046856	568339781	19006846270	19006846270
keccak1600-avx512vl-rust	keccak1600-avx512vl	runtime	stack	4096	throughput	2	5918	30149694	154016661	526950916	19036993523	19036993523
keccak1600-avx512vl-rust	keccak1600-avx512vl	runtime	stack	4096	latency	2	5873	29972294	153143578	522955767	19066968876	19066968876
keccak1600-avx512vl-rust	keccak1600-avx512vl	fixed	stack	4096	throughput	2	5877	30115693	153949148	518798410	19097084109	19097084109
keccak1600-avx512vl-rust	keccak1600-avx512vl	fixed	stack	4096	latency	2	5802	29709815	152192007	512189309	19126796972	19126796972
keccak1600-avx512vl-rust	keccak1600-avx512vl	runtime	shared	4096	throughput	3	5625	29065488	148382135	548921600	19155865626	19155865626
keccak1600-avx512vl-rust	keccak1600-avx512vl	runtime	shared	4096	latency	3	5821	30153514	154050218	568060102	19186022159	19186022159
keccak1600-avx512vl-rust	keccak1600-avx512vl	fixed	shared	4096	throughput	3	5778	29886384	152561676	563742479	19215902873	19215902873
keccak1600-avx512vl-rust	keccak1600-avx512vl	fixed	shared	4096	latency	3	5800	30041684	153452138	565900556	19245947577	19245947577
keccak1600-avx512vl-rust	keccak1600-avx512vl	runtime	stack	4096	throughput	3	5843	29744775	152046901	520272758	19275695451	19275695451
keccak1600-avx512vl-rust	keccak1600-avx512vl	runtime	stack	4096	latency	3	5873	29979894	153115792	522955771	19305673324	19305673324
keccak1600-avx512vl-rust	keccak1600-avx512vl	fixed	stack	4096	throughput	3	5872	30062974	153789284	518357026	19335739508	19335739508
keccak1600-avx512vl-rust	keccak1600-avx512vl	fixed	stack	4096	latency	3	5810	29812045	152415733	512895537	19365554662	19365554662
keccak1600-avx512vl-rust	keccak1600-avx512vl	runtime	asm	4096	throughput	3	5238	29604516	152270525	332665734	19395162216	19395162216
keccak1600-avx512vl-rust	keccak1600-avx512vl	runtime	asm	4096	latency	3	5327	30024084	154812461	338328781	19425182389	19425182389
keccak1600-avx512vl-rust	keccak1600-avx512vl	fixed	asm	4096	throughput	3	5292	29868935	154094211	335888886	19455054352	19455054352
keccak1600-avx512vl-rust	keccak1600-avx512vl	fixed	asm	4096	latency	3	5280	29740685	153434514	335137794	19484798085	19484798085
keccak1600-avx512vl-rust	keccak1600-avx512vl	runtime	stack	4096	throughput	4	5973	30339923	155426495	531848223	19515141168	19515141168
keccak1600-avx512vl-rust	keccak1600-avx512vl	runtime	stack	4096	latency	4	5850	29858835	152485021	520907753	19544997692	19544997692
keccak1600-avx512vl-rust	keccak1600-avx512vl	fixed	stack	4096	throughput	4	5876	30107034	153898476	518710133	19575107705	19575107705
keccak1600-avx512vl-rust	keccak1600-avx512vl	fixed	stack	4096	latency	4	5896	30225883	154651681	520487445	19605336588	19605336588
keccak1600-avx512vl-rust	keccak1600-avx512vl	runtime	asm	4096	throughput	4	5282	29863985	153624095	335460177	19635203662	19635203662
keccak1600-avx512vl-rust	keccak1600-avx512vl	runtime	asm	4096	latency	4	5347	30155914	155545893	339599023	19665362615	19665362615
keccak1600-avx512vl-rust	keccak1600-avx512vl	fixed	asm	4096	throughput	4	5339	30061324	155066547	338872024	19695426968	19695426968
keccak1600-avx512vl-rust	keccak1600-avx512vl	fixed	asm	4096	latency	4	5285	29774355	153572681	335455161	19725204491	19725204491
keccak1600-avx512vl-rust	keccak1600-avx512vl	runtime	shared	4096	throughput	4	5818	30004834	153463839	567755703	19755212474	19755212474
keccak1600-avx512vl-rust	keccak1600-avx512vl	runtime	shared	4096	latency	4	5821	30162503	154038979	568060104	19785372807	19785372807
keccak1600-avx512vl-rust	keccak1600-avx512vl	fixed	shared	4096	throughput	4	5609	28996429	148132511	547253650	19814372371	19814372371
keccak1600-avx512vl-rust	keccak1600-avx512vl	fixed	shared	4096	latency	4	5826	30151103	154046458	568437351	19844526835	19844526835
keccak1600-avx512vl-rust	keccak1600-avx512vl	control	empty	4096	throughput	0	2000000	2372171	12004137	30000322	19846897102	19846897102
keccak1600-avx512vl-rust	keccak1600-avx512vl	control	empty	4096	latency	0	2000000	3203268	16065140	34000323	19850103430	19850103430
keccak1600-avx512vl-rust	keccak1600-avx512vl	runtime	shared	16384	throughput	0	1465	29742595	150850838	557617440	19879849274	19879849274
keccak1600-avx512vl-rust	keccak1600-avx512vl	runtime	shared	16384	latency	0	1464	29536606	150892599	557239744	19909389168	19909389168
keccak1600-avx512vl-rust	keccak1600-avx512vl	fixed	shared	16384	throughput	0	1498	30214013	154347288	570149638	19939606462	19939606462
keccak1600-avx512vl-rust	keccak1600-avx512vl	fixed	shared	16384	latency	0	1489	30038844	153463955	566727156	19969648795	19969648795
keccak1600-avx512vl-rust	keccak1600-avx512vl	runtime	stack	16384	throughput	0	1513	30066154	153574027	525661941	19999718328	19999718328
keccak1600-avx512vl-rust	keccak1600-avx512vl	runtime	stack	16384	latency	0	1508	29932364	153146748	523927803	20029653951	20029653951
keccak1600-avx512vl-rust	keccak1600-avx512vl	fixed	stack	16384	throughput	0	1505	30188243	154230525	523063106	20059845334	20059845334
keccak1600-avx512vl-rust	keccak1600-avx512vl	fixed	stack	16384	latency	0	1499	30080074	153613918	520980805	20089924488	20089924488
keccak1600-avx512vl-rust	keccak1600-avx512vl	runtime	asm	16384	throughput	0	1351	29759305	152930673	333964848	20119686922	20119686922
keccak1600-avx512vl-rust	keccak1600-avx512vl	runtime	asm	16384	latency	0	1368	30024324	154738901	338169955	20149702105	20149702105
keccak1600-avx512vl-rust	keccak1600-avx512vl	fixed	asm	16384	throughput	0	1366	29959194	154529895	337622275	20179664438	20179664438
keccak1600-avx512vl-rust	keccak1600-avx512vl	fixed	asm	16384	latency	0	1361	29881545	154017530	336389196	20209549181	20209549181
keccak1600-avx512vl-rust	keccak1600-avx512vl	runtime	stack	16384	throughput	1	1527	30283113	155008148	530525964	20239835414	20239835414
keccak1600-avx512vl-rust	keccak1600-avx512vl	runtime	stack	16384	latency	1	1511	30045064	153465960	524970102	20269883828	20269883828
keccak1600-avx512vl-rust	keccak1600-avx512vl	fixed	stack	16384	throughput	1	1493	29966854	152980418	518892502	20299854131	20299854131
keccak1600-avx512vl-rust	keccak1600-avx512vl	fixed	stack	16384	latency	1	1497	30040554	153475692	520285699	20329897824	20329897824
keccak1600-avx512vl-rust	keccak1600-avx512vl	runtime	asm	16384	throughput	1	1356	29834825	153454157	335200847	20359735677	20359735677
keccak1600-avx512vl-rust	keccak1600-avx512vl	runtime	asm	16384	latency	1	1367	29981954	154670658	337922758	20389720720	20389720720
keccak1600-avx512vl-rust	keccak1600-avx512vl	fixed	asm	16384	throughput	1	1368	30005174	154785321	338116603	20419729024	20419729024
keccak1600-avx512vl-rust	keccak1600-avx512vl	fixed	asm	16384	latency	1	1369	30027494	154915501	338366501	20449759617	20449759617
keccak1600-avx512vl-rust	keccak1600-avx512vl	runtime	shared	16384	throughput	1	1504	30300293	154857783	572461856	20480063280	20480063280
keccak1600-avx512vl-rust	keccak1600-avx512vl	runtime	shared	16384	latency	1	1491	30078664	153683164	567516699	20510145073	20510145073
keccak1600-avx512vl-rust	keccak1600-avx512vl	fixed	shared	16384	throughput	1	1474	29736285	151922767	561015074	20539884757	20539884757
keccak1600-avx512vl-rust	keccak1600-avx512vl	fixed	shared	16384	latency	1	1491	30085463	153677881	567488370	20569973401	20569973401
keccak1600-avx512vl-rust	keccak1600-avx512vl	runtime	asm	16384	throughput	2	1351	29736026	152892242	333964851	20599707895	20599707895
keccak1600-avx512vl-rust	keccak1600-avx512vl	runtime	asm	16384	latency	2	1366	29970914	154601940	337675554	20629682058	20629682058
keccak1600-avx512vl-rust	keccak1600-avx512vl	fixed	asm	16384	throughput	2	1366	29972694	154545432	337622282	20659651181	20659651181
keccak1600-avx512vl-rust	keccak1600-avx512vl	fixed	asm	16384	latency	2	1366	29961404	154565655	337625012	20689615714	20689615714
keccak1600-avx512vl-rust	keccak1600-avx512vl	runtime	shared	16384	throughput	2	1488	30001454	153236193	566371843	20719620537	20719620537
keccak1600-avx512vl-rust	keccak1600-avx512vl	runtime	shared	16384	latency	2	1490	30064314	153591067	567136075	20749688231	20749688231
keccak1600-avx512vl-rust	keccak1600-avx512vl	fixed	shared	16384	throughput	2	1482	29908054	152685508	564059925	20779599575	20779599575
keccak1600-avx512vl-rust	keccak1600-avx512vl	fixed	shared	16384	latency	2	1490	30122814	153661299	567107759	20809725608	20809725608
keccak1600-avx512vl-rust	keccak1600-avx512vl	runtime	stack	16384	throughput	2	1511	30030604	153395654	524967082	20839759591	20839759591
keccak1600-avx512vl-rust	keccak1600-avx512vl	runtime	stack	16384	latency	2	1508	29972435	153196632	523927812	20869735474	20869735474
keccak1600-avx512vl-rust	keccak1600-avx512vl	fixed	stack	16384	throughput	2	1498	30066554	153487367	520630256	20899794127	20899794127
keccak1600-avx512vl-rust	keccak1600-avx512vl	fixed	stack	16384	latency	2	1497	30046454	153470838	520285702	20929843900	20929843900
keccak1600-avx512vl-rust	keccak1600-avx512vl	runtime	shared	16384	throughput	3	1491	30077683	153547865	567513715	20959919584	20959919584
keccak1600-avx512vl-rust	keccak1600-avx512vl	runtime	shared	16384	latency	3	1476	29793725	152204439	561807281	20989717058	20989717058
keccak1600-avx512vl-rust	keccak1600-avx512vl	fixed	shared	16384	throughput	3	1486	29982054	153113133	565582355	21019698702	21019698702
keccak1600-avx512vl-rust	keccak1600-avx512vl	fixed	shared	16384	latency	3	1477	29803894	152244212	562159851	21049505906	21049505906
keccak1600-avx512vl-rust	keccak1600-avx512vl	runtime	stack	16384	throughput	3	1508	29932825	153054457	523924789	21079442070	21079442070
keccak1600-avx512vl-rust	keccak1600-avx512vl	runtime	stack	16384	latency	3	1511	29923555	153462910	524970108	21109368824	21109368824
keccak1600-avx512vl-rust	keccak1600-avx512vl	fixed	stack	16384	throughput	3	1502	30136573	153930633	522020453	21139501427	21139501427
keccak1600-avx512vl-rust	keccak1600-avx512vl	fixed	stack	16384	latency	3	1497	30021734	153404244	520285697	21169526480	21169526480
keccak1600-avx512vl-rust	keccak1600-avx512vl	runtime	asm	16384	throughput	3	1355	29801835	153353675	334953645	21199322343	21199322343
keccak1600-avx512vl-rust	keccak1600-avx512vl	runtime	asm	16384	latency	3	1363	29906665	154271608	336933954	21229232166	21229232166
keccak1600-avx512vl-rust	keccak1600-avx512vl	fixed	asm	16384	throughput	3	1369	30100913	154943266	338363761	21259336240	21259336240
keccak1600-avx512vl-rust	keccak1600-avx512vl	fixed	asm	16384	latency	3	1354	29806375	153199594	334659058	21289145963	21289145963
keccak1600-avx512vl-rust	keccak1600-avx512vl	runtime	stack	16384	throughput	4	1521	30074984	154443635	528441387	21319224156	21319224156
keccak1600-avx512vl-rust	keccak1600-avx512vl	runtime	stack	16384	latency	4	1518	30135784	154159930	527402126	21349363289	21349363289
keccak1600-avx512vl-rust	keccak1600-avx512vl	fixed	stack	16384	throughput	4	1488	29856625	152471021	517154758	21379218192	21379218192
keccak1600-avx512vl-rust	keccak1600-avx512vl	fixed	stack	16384	latency	4	1492	30457082	154633005	518547934	21409679135	21409679135
keccak1600-avx512vl-rust	keccak1600-avx512vl	runtime	asm	16384	throughput	4	1323	29914914	150224574	327043306	21439589298	21439589298
keccak1600-avx512vl-rust	keccak1600-avx512vl	runtime	asm	16384	latency	4	1326	29801825	150227830	327787550	21469396291	21469396291
keccak1600-avx512vl-rust	keccak1600-avx512vl	fixed	asm	16384	throughput	4	1348	29840935	152433388	333173381	21499241114	21499241114
keccak1600-avx512vl-rust	keccak1600-avx512vl	fixed	asm	16384	latency	4	1358	29891695	153662482	335647708	21529136228	21529136228
keccak1600-avx512vl-rust	keccak1600-avx512vl	runtime	shared	16384	throughput	4	1506	30322812	155070891	573223114	21559462152	21559462152
keccak1600-avx512vl-rust	keccak1600-avx512vl	runtime	shared	16384	latency	4	1476	29778665	152150076	561807288	21589244036	21589244036
keccak1600-avx512vl-rust	keccak1600-avx512vl	fixed	shared	16384	throughput	4	1485	29945204	153008236	565201752	21619194079	21619194079
keccak1600-avx512vl-rust	keccak1600-avx512vl	fixed	shared	16384	latency	4	1478	29820815	152341097	562540463	21649018033	21649018033
keccak1600-avx512vl-rust	keccak1600-avx512vl	control	empty	16384	throughput	0	2000000	2353512	12002232	30000319	21651374600	21651374600
keccak1600-avx512vl-rust	keccak1600-avx512vl	control	empty	16384	latency	0	2000000	3218328	16045104	34000323	21654595918	21654595918
keccak1600-avx512vl-rust	keccak1600-avx512vl	runtime	shared	131072	throughput	0	185	29873425	151877243	560893902	21684473491	21684473491
keccak1600-avx512vl-rust	keccak1600-avx512vl	runtime	shared	131072	latency	0	186	29918904	152693724	563926131	21714386574	21714386574
keccak1600-avx512vl-rust	keccak1600-avx512vl	fixed	shared	131072	throughput	0	186	29923194	152659703	563922226	21744313177	21744313177
keccak1600-avx512vl-rust	keccak1600-avx512vl	fixed	shared	131072	latency	0	186	29955794	152647612	563922597	21774272740	21774272740
keccak1600-avx512vl-rust	keccak1600-avx512vl	runtime	stack	131072	throughput	0	189	29918725	152857949	523092443	21804195143	21804195143
keccak1600-avx512vl-rust	keccak1600-avx512vl	runtime	stack	131072	latency	0	189	29976984	152917060	523092821	21834175416	21834175416
keccak1600-avx512vl-rust	keccak1600-avx512vl	fixed	stack	131072	throughput	0	190	29872715	152628564	521651623	21864052459	21864052459
keccak1600-avx512vl-rust	keccak1600-avx512vl	fixed	stack	131072	latency	0	190	29959545	152658631	521652003	21894011143	21894011143
keccak1600-avx512vl-rust	keccak1600-avx512vl	runtime	asm	131072	throughput	0	170	29856585	153141414	334519726	21923871167	21923871167
keccak1600-avx512vl-rust	keccak1600-avx512vl	runtime	asm	131072	latency	0	171	30032935	154042117	336487825	21953907740	21953907740
keccak1600-avx512vl-rust	keccak1600-avx512vl	fixed	asm	131072	throughput	0	170	29810385	153057223	334513942	21983721873	21983721873
keccak1600-avx512vl-rust	keccak1600-avx512vl	fixed	asm	131072	latency	0	171	29990734	153954429	336482014	22013717296	22013717296
keccak1600-avx512vl-rust	keccak1600-avx512vl	runtime	stack	131072	throughput	1	189	29919414	152851376	523092439	22043640359	22043640359
keccak1600-avx512vl-rust	keccak1600-avx512vl	runtime	stack	131072	latency	1	189	29943075	152842302	523092817	22073586982	22073586982
keccak1600-avx512vl-rust	keccak1600-avx512vl	fixed	stack	131072	throughput	1	190	29884915	152668108	521651626	22103475486	22103475486
keccak1600-avx512vl-rust	keccak1600-avx512vl	fixed	stack	131072	latency	1	190	29896555	152686640	521652005	22133375850	22133375850
keccak1600-avx512vl-rust	keccak1600-avx512vl	runtime	asm	131072	throughput	1	170	29788785	153139784	334519719	22163168494	22163168494
keccak1600-avx512vl-rust	keccak1600-avx512vl	runtime	asm	131072	latency	1	171	29879944	154018920	336487829	22193051738	22193051738
keccak1600-avx512vl-rust	keccak1600-avx512vl	fixed	asm	131072	throughput	1	171	29895155	153960681	336481671	22222950212	22222950212
keccak1600-avx512vl-rust	keccak1600-avx512vl	fixed	asm	131072	latency	1	171	29989764	154057711	336482016	22252937546	22252937546
keccak1600-avx512vl-rust	keccak1600-avx512vl	runtime	shared	131072	throughput	1	186	29947225	152674479	563925755	22282878579	22282878579
keccak1600-avx512vl-rust	keccak1600-avx512vl	runtime	shared	131072	latency	1	186	29923554	152668357	563926129	22312805412	22312805412
keccak1600-avx512vl-rust	keccak1600-avx512vl	fixed	shared	131072	throughput	1	186	29954174	152648822	563922222	22342763095	22342763095
keccak1600-avx512vl-rust	keccak1600-avx512vl	fixed	shared	131072	latency	1	186	29937095	152720372	563922597	22372705088	22372705088
keccak1600-avx512vl-rust	keccak1600-avx512vl	runtime	asm	131072	throughput	2	170	29830485	153171202	334519725	22402539531	22402539531
keccak1600-avx512vl-rust	keccak1600-avx512vl	runtime	asm	131072	latency	2	171	29901664	154024244	336487825	22432444774	22432444774
keccak1600-avx512vl-rust	keccak1600-avx512vl	fixed	asm	131072	throughput	2	171	29883615	153999864	336481670	22462321367	22462321367
keccak1600-avx512vl-rust	keccak1600-avx512vl	fixed	asm	131072	latency	2	171	29868054	153992836	336482009	22492193420	22492193420
keccak1600-avx512vl-rust	keccak1600-avx512vl	runtime	shared	131072	throughput	2	186	29903524	152688351	563925757	22522092903	22522092903
keccak1600-avx512vl-rust	keccak1600-avx512vl	runtime	shared	131072	latency	2	186	29889465	152664592	563926129	22551982716	22551982716
keccak1600-avx512vl-rust	keccak1600-avx512vl	fixed	shared	131072	throughput	2	186	29883495	152656527	563922221	22581869610	22581869610
keccak1600-avx512vl-rust	keccak1600-avx512vl	fixed	shared	131072	latency	2	186	29911624	152738399	563922596	22611779674	22611779674
keccak1600-avx512vl-rust	keccak1600-avx512vl	runtime	stack	131072	throughput	2	190	30085833	153723752	525860126	22641864797	22641864797
keccak1600-avx512vl-rust	keccak1600-avx512vl	runtime	stack	131072	latency	2	190	30073633	153632847	525860497	22671942110	22671942110
keccak1600-avx512vl-rust	keccak1600-avx512vl	fixed	stack	131072	throughput	2	191	30070924	153512185	524397164	22702001333	22702001333
keccak1600-avx512vl-rust	keccak1600-avx512vl	fixed	stack	131072	latency	2	191	30029104	153416394	524397540	22732034146	22732034146
keccak1600-avx512vl-rust	keccak1600-avx512vl	runtime	shared	131072	throughput	3	186	29929215	152718830	563925751	22761966869	22761966869
keccak1600-avx512vl-rust	keccak1600-avx512vl	runtime	shared	131072	latency	3	186	29887515	152684617	563926129	22791857892	22791857892
keccak1600-avx512vl-rust	keccak1600-avx512vl	fixed	shared	131072	throughput	3	186	29889675	152647692	563922225	22821746006	22821746006
keccak1600-avx512vl-rust	keccak1600-avx512vl	fixed	shared	131072	latency	3	186	29881184	152653153	563922597	22851630650	22851630650
keccak1600-avx512vl-rust	keccak1600-avx512vl	runtime	stack	131072	throughput	3	189	29923135	152868333	523092444	22881548923	22881548923
keccak1600-avx512vl-rust	keccak1600-avx512vl	runtime	stack	131072	latency	3	190	30074144	153677784	525860508	22911626356	22911626356
keccak1600-avx512vl-rust	keccak1600-avx512vl	fixed	stack	131072	throughput	3	191	30027114	153430138	524397159	22941656799	22941656799
keccak1600-avx512vl-rust	keccak1600-avx512vl	fixed	stack	131072	latency	3	191	30028764	153443423	524397542	22971689052	22971689052
keccak1600-avx512vl-rust	keccak1600-avx512vl	runtime	asm	131072	throughput	3	170	29702626	153118837	334519725	23001394875	23001394875
keccak1600-avx512vl-rust	keccak1600-avx512vl	runtime	asm	131072	latency	3	171	29856694	154001344	336487828	23031254868	23031254868
keccak1600-avx512vl-rust	keccak1600-avx512vl	fixed	asm	131072	throughput	3	171	29848735	153954472	336481674	23061107061	23061107061
keccak1600-avx512vl-rust	keccak1600-avx512vl	fixed	asm	131072	latency	3	171	29934235	153980781	336482014	23091037154	23091037154
keccak1600-avx512vl-rust	keccak1600-avx512vl	runtime	stack	131072	throughput	4	190	30070344	153657536	525860123	23121111087	23121111087
keccak1600-avx512vl-rust	keccak1600-avx512vl	runtime	stack	131072	latency	4	189	29914114	152867298	523092820	23151029130	23151029130
keccak1600-avx512vl-rust	keccak1600-avx512vl	fixed	stack	131072	throughput	4	191	30050174	153501753	524397152	23181082963	23181082963
keccak1600-avx512vl-rust	keccak1600-avx512vl	fixed	stack	131072	latency	4	190	29891124	152724751	521652007	23210977727	23210977727
keccak1600-avx512vl-rust	keccak1600-avx512vl	runtime	asm	131072	throughput	4	170	29680515	153122520	334519723	23240661811	23240661811
keccak1600-avx512vl-rust	keccak1600-avx512vl	runtime	asm	131072	latency	4	171	29856785	154011772	336487830	23270521975	23270521975
keccak1600-avx512vl-rust	keccak1600-avx512vl	fixed	asm	131072	throughput	4	171	29860065	154036644	336481674	23300385549	23300385549
keccak1600-avx512vl-rust	keccak1600-avx512vl	fixed	asm	131072	latency	4	171	29858724	154019034	336482010	23330247773	23330247773
keccak1600-avx512vl-rust	keccak1600-avx512vl	runtime	shared	131072	throughput	4	186	29895774	152722758	563925751	23360147217	23360147217
keccak1600-avx512vl-rust	keccak1600-avx512vl	runtime	shared	131072	latency	4	186	29886214	152687605	563926124	23390037171	23390037171
keccak1600-avx512vl-rust	keccak1600-avx512vl	fixed	shared	131072	throughput	4	186	29904175	152642534	563922222	23419945045	23419945045
keccak1600-avx512vl-rust	keccak1600-avx512vl	fixed	shared	131072	latency	4	186	29887115	152651771	563922593	23449835609	23449835609
keccak1600-avx512vl-rust	keccak1600-avx512vl	control	empty	131072	throughput	0	2000000	2380001	12111678	30000320	23452218837	23452218837
keccak1600-avx512vl-rust	keccak1600-avx512vl	control	empty	131072	latency	0	2000000	3180287	16003435	34000321	23455402154	23455402154
