backend	asm_backend	shape	implementation	bytes	mode	repeat	iterations	ns	cycles	instructions	enabled	running
keccak1600-avx2-rust	keccak1600-x86_64	runtime	shared	0	throughput	0	146453	29853264	147287096	420759819	29859993	29859993
keccak1600-avx2-rust	keccak1600-x86_64	runtime	shared	0	latency	0	140248	30359881	149837075	403073111	60223756	60223756
keccak1600-avx2-rust	keccak1600-x86_64	fixed	shared	0	throughput	0	148033	30096333	148537296	422486537	90323750	90323750
keccak1600-avx2-rust	keccak1600-x86_64	fixed	shared	0	latency	0	140350	29959513	147802149	400699603	120286923	120286923
keccak1600-avx2-rust	keccak1600-x86_64	runtime	stack	0	throughput	0	141592	29986313	147934316	369413881	150276596	150276596
keccak1600-avx2-rust	keccak1600-x86_64	runtime	stack	0	latency	0	139332	30071583	148354527	363656872	180351479	180351479
keccak1600-avx2-rust	keccak1600-x86_64	fixed	stack	0	throughput	0	151062	29972983	147849081	380223399	210327793	210327793
keccak1600-avx2-rust	keccak1600-x86_64	fixed	stack	0	latency	0	146453	30028103	148139418	368768999	240359506	240359506
keccak1600-avx2-rust	keccak1600-x86_64	runtime	asm	0	throughput	0	145015	31398928	154896524	734936373	271761918	271761918
keccak1600-avx2-rust	keccak1600-x86_64	runtime	asm	0	latency	0	140145	30431401	150137332	710395352	302196671	302196671
keccak1600-avx2-rust	keccak1600-x86_64	fixed	asm	0	throughput	0	117073	24589244	121246540	588175098	326783709	326783709
keccak1600-avx2-rust	keccak1600-x86_64	fixed	asm	0	latency	0	140350	30213302	149052771	705259098	357000492	357000492
keccak1600-avx2-rust	keccak1600-x86_64	runtime	stack	0	throughput	1	141384	29947543	147757947	368871210	386951456	386951456
keccak1600-avx2-rust	keccak1600-x86_64	runtime	stack	0	latency	1	139839	30165253	148827931	364980141	417121809	417121809
keccak1600-avx2-rust	keccak1600-x86_64	fixed	stack	0	throughput	1	150943	29935033	147707743	379923875	447060502	447060502
keccak1600-avx2-rust	keccak1600-x86_64	fixed	stack	0	latency	1	146676	30053393	148350197	369330522	477117305	477117305
keccak1600-avx2-rust	keccak1600-x86_64	runtime	asm	0	throughput	1	145234	30509791	152571272	736046265	507631028	507631028
keccak1600-avx2-rust	keccak1600-x86_64	runtime	asm	0	latency	1	143820	30403501	153012992	729023936	538037891	538037891
keccak1600-avx2-rust	keccak1600-x86_64	fixed	asm	0	throughput	1	147692	30355422	152805432	742004962	568396624	568396624
keccak1600-avx2-rust	keccak1600-x86_64	fixed	asm	0	latency	1	143820	30322362	152603252	722695851	598722717	598722717
keccak1600-avx2-rust	keccak1600-x86_64	runtime	shared	0	throughput	1	150117	29576605	150949399	431286493	628302891	628302891
keccak1600-avx2-rust	keccak1600-x86_64	runtime	shared	0	latency	1	143928	29876694	153627213	413649428	658182914	658182914
keccak1600-avx2-rust	keccak1600-x86_64	fixed	shared	0	throughput	1	154838	30109343	155334035	441908008	688295617	688295617
keccak1600-avx2-rust	keccak1600-x86_64	fixed	shared	0	latency	1	147013	30058632	155052875	419722467	718357681	718357681
keccak1600-avx2-rust	keccak1600-x86_64	runtime	asm	0	throughput	2	145675	30981290	154496619	738281249	749342923	749342923
keccak1600-avx2-rust	keccak1600-x86_64	runtime	asm	0	latency	2	113609	24140626	121319957	575884365	773491412	773491412
keccak1600-avx2-rust	keccak1600-x86_64	fixed	asm	0	throughput	2	147013	30346531	152074827	738593658	803841486	803841486
keccak1600-avx2-rust	keccak1600-x86_64	fixed	asm	0	latency	2	143820	30449961	153034074	722695856	834288549	834288549
keccak1600-avx2-rust	keccak1600-x86_64	runtime	shared	0	throughput	2	150117	29685415	151229644	431286498	863977493	863977493
keccak1600-avx2-rust	keccak1600-x86_64	runtime	shared	0	latency	2	143283	29847533	153129828	411795699	893828416	893828416
keccak1600-avx2-rust	keccak1600-x86_64	fixed	shared	0	throughput	2	154713	30138263	155230405	441551253	923970000	923970000
keccak1600-avx2-rust	keccak1600-x86_64	fixed	shared	0	latency	2	146901	30089993	154919681	419402704	954063913	954063913
keccak1600-avx2-rust	keccak1600-x86_64	runtime	stack	0	throughput	2	147239	29851844	153873235	384146900	983919356	983919356
keccak1600-avx2-rust	keccak1600-x86_64	runtime	stack	0	latency	2	145564	30042283	154988384	379922393	1013965129	1013965129
keccak1600-avx2-rust	keccak1600-x86_64	fixed	stack	0	throughput	2	158024	29983133	154648500	397746752	1043951763	1043951763
keccak1600-avx2-rust	keccak1600-x86_64	fixed	stack	0	latency	2	153232	30048613	154995248	385838527	1074003996	1074003996
keccak1600-avx2-rust	keccak1600-x86_64	runtime	shared	0	throughput	3	153969	30277602	155319084	442353293	1104285739	1104285739
keccak1600-avx2-rust	keccak1600-x86_64	runtime	shared	0	latency	3	144144	29988243	153991125	414270201	1134278242	1134278242
keccak1600-avx2-rust	keccak1600-x86_64	fixed	shared	0	throughput	3	154589	30209182	155137600	441197358	1164491115	1164491115
keccak1600-avx2-rust	keccak1600-x86_64	fixed	shared	0	latency	3	146118	29949293	153733115	417167242	1194443959	1194443959
keccak1600-avx2-rust	keccak1600-x86_64	runtime	stack	0	throughput	3	148148	30039333	154909415	386518484	1224486742	1224486742
keccak1600-avx2-rust	keccak1600-x86_64	runtime	stack	0	latency	3	145675	30074893	155140513	380212103	1254565015	1254565015
keccak1600-avx2-rust	keccak1600-x86_64	fixed	stack	0	throughput	3	158024	29997423	154655889	397746758	1284560929	1284560929
keccak1600-avx2-rust	keccak1600-x86_64	fixed	stack	0	latency	3	153232	30044523	154978635	385838527	1314608782	1314608782
keccak1600-avx2-rust	keccak1600-x86_64	runtime	asm	0	throughput	3	146564	30634790	152273771	742786707	1345246735	1345246735
keccak1600-avx2-rust	keccak1600-x86_64	runtime	asm	0	latency	3	141697	30257102	151521531	718262447	1375507088	1375507088
keccak1600-avx2-rust	keccak1600-x86_64	fixed	asm	0	throughput	3	147013	30419612	152357461	738593663	1405929911	1405929911
keccak1600-avx2-rust	keccak1600-x86_64	fixed	asm	0	latency	3	140556	30026683	150451757	706294250	1435959994	1435959994
keccak1600-avx2-rust	keccak1600-x86_64	runtime	stack	0	throughput	4	143928	29526125	150281514	375508504	1465489608	1465489608
keccak1600-avx2-rust	keccak1600-x86_64	runtime	stack	0	latency	4	144144	29929223	153466352	376216185	1495422251	1495422251
keccak1600-avx2-rust	keccak1600-x86_64	fixed	stack	0	throughput	4	156991	29812884	153639060	395146701	1525238594	1525238594
keccak1600-avx2-rust	keccak1600-x86_64	fixed	stack	0	latency	4	153232	30055403	155002713	385838523	1555297368	1555297368
keccak1600-avx2-rust	keccak1600-x86_64	runtime	asm	0	throughput	4	148491	30978619	154160382	752552743	1586279430	1586279430
keccak1600-avx2-rust	keccak1600-x86_64	runtime	asm	0	latency	4	140659	30040693	150527023	713000823	1616323793	1616323793
keccak1600-avx2-rust	keccak1600-x86_64	fixed	asm	0	throughput	4	147692	30424951	152421398	742004961	1646752216	1646752216
keccak1600-avx2-rust	keccak1600-x86_64	fixed	asm	0	latency	4	143176	30213642	151480727	719459754	1676969099	1676969099
keccak1600-avx2-rust	keccak1600-x86_64	runtime	shared	0	throughput	4	150117	29724225	151324757	431286488	1706696683	1706696683
keccak1600-avx2-rust	keccak1600-x86_64	runtime	shared	0	latency	4	145135	30212973	154998491	417118347	1736912876	1736912876
keccak1600-avx2-rust	keccak1600-x86_64	fixed	shared	0	throughput	4	154093	30152962	154602666	439781771	1767069129	1767069129
keccak1600-avx2-rust	keccak1600-x86_64	fixed	shared	0	latency	4	146230	30044083	154169685	417487006	1797116622	1797116622
keccak1600-avx2-rust	keccak1600-x86_64	control	empty	0	throughput	0	2000000	1970322	10047140	30000319	1799090111	1799090111
keccak1600-avx2-rust	keccak1600-x86_64	control	empty	0	latency	0	2000000	12623331	64164383	32000334	1811716509	1811716509
keccak1600-avx2-rust	keccak1600-x86_64	runtime	shared	20	throughput	0	156862	30116553	154345295	399214156	1841836263	1841836263
keccak1600-avx2-rust	keccak1600-x86_64	runtime	shared	20	latency	0	150117	30001943	154236895	382648601	1871841396	1871841396
keccak1600-avx2-rust	keccak1600-x86_64	fixed	shared	20	throughput	0	158024	30176232	155390724	399485036	1902020929	1902020929
keccak1600-avx2-rust	keccak1600-x86_64	fixed	shared	20	latency	0	151898	29906804	154239119	384606103	1931930882	1931930882
keccak1600-avx2-rust	keccak1600-x86_64	runtime	stack	20	throughput	0	148606	30104292	155213263	387416207	1962038266	1962038266
keccak1600-avx2-rust	keccak1600-x86_64	runtime	stack	20	latency	0	147013	30078233	155159068	383851312	1992119639	1992119639
keccak1600-avx2-rust	keccak1600-x86_64	fixed	stack	20	throughput	0	158154	30201462	155507896	399339208	2022324152	2022324152
keccak1600-avx2-rust	keccak1600-x86_64	fixed	stack	20	latency	0	152988	30067013	154365127	386907014	2052394295	2052394295
keccak1600-avx2-rust	keccak1600-x86_64	runtime	asm	20	throughput	0	149649	31336188	155390047	758122200	2083733657	2083733657
keccak1600-avx2-rust	keccak1600-x86_64	runtime	asm	20	latency	0	145015	30414241	152019925	735226413	2114151250	2114151250
keccak1600-avx2-rust	keccak1600-x86_64	fixed	asm	20	throughput	0	147239	30524481	152844362	740318061	2144679083	2144679083
keccak1600-avx2-rust	keccak1600-x86_64	fixed	asm	20	latency	0	144252	30061263	150529891	725876426	2174743766	2174743766
keccak1600-avx2-rust	keccak1600-x86_64	runtime	stack	20	throughput	1	143820	29578565	150232452	374939105	2204325710	2204325710
keccak1600-avx2-rust	keccak1600-x86_64	runtime	stack	20	latency	1	145675	30006753	153668478	380357790	2234335643	2234335643
keccak1600-avx2-rust	keccak1600-x86_64	fixed	stack	20	throughput	1	157119	30060223	154496938	396725837	2264399296	2264399296
keccak1600-avx2-rust	keccak1600-x86_64	fixed	stack	20	latency	1	153722	30183962	155115068	388763295	2294581620	2294581620
keccak1600-avx2-rust	keccak1600-x86_64	runtime	asm	20	throughput	1	147806	30896500	153227104	748785568	2325481372	2325481372
keccak1600-avx2-rust	keccak1600-x86_64	runtime	asm	20	latency	1	144252	30161622	150991458	731358008	2355646685	2355646685
keccak1600-avx2-rust	keccak1600-x86_64	fixed	asm	20	throughput	1	147352	30327462	151899456	740886220	2385977578	2385977578
keccak1600-avx2-rust	keccak1600-x86_64	fixed	asm	20	latency	1	146118	30460181	152512303	735266134	2416441071	2416441071
keccak1600-avx2-rust	keccak1600-x86_64	runtime	shared	20	throughput	1	153110	29634685	150528905	389665318	2446070105	2446070105
keccak1600-avx2-rust	keccak1600-x86_64	runtime	shared	20	latency	1	149311	29929684	153394284	380594100	2476003488	2476003488
keccak1600-avx2-rust	keccak1600-x86_64	fixed	shared	20	throughput	1	130434	24928423	128267594	329737505	2500935426	2500935426
keccak1600-avx2-rust	keccak1600-x86_64	fixed	shared	20	latency	1	152756	30082023	155163986	386778563	2531020659	2531020659
keccak1600-avx2-rust	keccak1600-x86_64	runtime	asm	20	throughput	2	149068	31166249	155070715	755178854	2562190281	2562190281
keccak1600-avx2-rust	keccak1600-x86_64	runtime	asm	20	latency	2	145015	30255142	151506727	735226418	2592449034	2592449034
keccak1600-avx2-rust	keccak1600-x86_64	fixed	asm	20	throughput	2	146564	30239712	151435043	736924156	2622692168	2622692168
keccak1600-avx2-rust	keccak1600-x86_64	fixed	asm	20	latency	2	146118	30469271	152578371	735266146	2653165090	2653165090
keccak1600-avx2-rust	keccak1600-x86_64	runtime	shared	20	throughput	2	153110	29629915	150623674	389665313	2682798654	2682798654
keccak1600-avx2-rust	keccak1600-x86_64	runtime	shared	20	latency	2	149300	30032643	153424423	380566066	2712834767	2712834767
keccak1600-avx2-rust	keccak1600-x86_64	fixed	shared	20	throughput	2	155970	30049293	153364371	394292525	2742887501	2742887501
keccak1600-avx2-rust	keccak1600-x86_64	fixed	shared	20	latency	2	151312	30111873	153693985	383122352	2773002684	2773002684
keccak1600-avx2-rust	keccak1600-x86_64	runtime	stack	20	throughput	2	147239	30146503	153794640	383852441	2803152637	2803152637
keccak1600-avx2-rust	keccak1600-x86_64	runtime	stack	20	latency	2	145454	30081783	153518313	379780758	2833237810	2833237810
keccak1600-avx2-rust	keccak1600-x86_64	fixed	stack	20	throughput	2	156351	30158483	153748686	394786637	2863399673	2863399673
keccak1600-avx2-rust	keccak1600-x86_64	fixed	stack	20	latency	2	152260	30133932	153647274	385065904	2893537246	2893537246
keccak1600-avx2-rust	keccak1600-x86_64	runtime	shared	20	throughput	3	155844	30045223	153190369	396623347	2923585930	2923585930
keccak1600-avx2-rust	keccak1600-x86_64	runtime	shared	20	latency	3	149532	30007654	153630046	381157436	2953598263	2953598263
keccak1600-avx2-rust	keccak1600-x86_64	fixed	shared	20	throughput	3	156862	29990354	154271333	396547503	2983592146	2983592146
keccak1600-avx2-rust	keccak1600-x86_64	fixed	shared	20	latency	3	121066	23839347	122956189	306539466	3007435025	3007435025
keccak1600-avx2-rust	keccak1600-x86_64	runtime	stack	20	throughput	3	148606	30089833	155190083	387416211	3037528208	3037528208
keccak1600-avx2-rust	keccak1600-x86_64	runtime	stack	20	latency	3	146788	30057093	154886297	383263836	3067589252	3067589252
keccak1600-avx2-rust	keccak1600-x86_64	fixed	stack	20	throughput	3	157119	30015173	154529940	396725834	3097608456	3097608456
keccak1600-avx2-rust	keccak1600-x86_64	fixed	stack	20	latency	3	153969	30281602	155368254	389387969	3127894159	3127894159
keccak1600-avx2-rust	keccak1600-x86_64	runtime	asm	20	throughput	3	148377	31164669	154644459	751678245	3159062201	3159062201
keccak1600-avx2-rust	keccak1600-x86_64	runtime	asm	20	latency	3	145026	30416082	152136603	735282187	3189481874	3189481874
keccak1600-avx2-rust	keccak1600-x86_64	fixed	asm	20	throughput	3	147239	30405011	152143132	740318057	3219890477	3219890477
keccak1600-avx2-rust	keccak1600-x86_64	fixed	asm	20	latency	3	146007	30427872	152398491	734707594	3250321880	3250321880
keccak1600-avx2-rust	keccak1600-x86_64	runtime	stack	20	throughput	4	144360	29687614	150742488	376346887	3280006863	3280006863
keccak1600-avx2-rust	keccak1600-x86_64	runtime	stack	20	latency	4	145344	29949833	153392559	379493548	3309959967	3309959967
keccak1600-avx2-rust	keccak1600-x86_64	fixed	stack	20	throughput	4	156991	29966614	154371548	396402635	3339929820	3339929820
keccak1600-avx2-rust	keccak1600-x86_64	fixed	stack	20	latency	4	153722	30130273	155124667	388763307	3370063383	3370063383
keccak1600-avx2-rust	keccak1600-x86_64	runtime	asm	20	throughput	4	149649	31182429	154820596	758122205	3401249146	3401249146
keccak1600-avx2-rust	keccak1600-x86_64	runtime	asm	20	latency	4	144905	30301932	151771046	734668717	3431554389	3431554389
keccak1600-avx2-rust	keccak1600-x86_64	fixed	asm	20	throughput	4	147239	30342852	151949073	740318064	3461900882	3461900882
keccak1600-avx2-rust	keccak1600-x86_64	fixed	asm	20	latency	4	146007	30298652	151768335	734707593	3492203015	3492203015
keccak1600-avx2-rust	keccak1600-x86_64	runtime	shared	20	throughput	4	123076	23863127	121051401	313228777	3516060593	3516060593
keccak1600-avx2-rust	keccak1600-x86_64	runtime	shared	20	latency	4	149416	29987193	153505636	380861753	3546051057	3546051057
keccak1600-avx2-rust	keccak1600-x86_64	fixed	shared	20	throughput	4	157119	30074663	154470177	397197197	3576128940	3576128940
keccak1600-avx2-rust	keccak1600-x86_64	fixed	shared	20	latency	4	124756	24607324	126717396	315882544	3600739538	3600739538
keccak1600-avx2-rust	keccak1600-x86_64	control	empty	20	throughput	0	2000000	1946133	10008666	30000319	3602688766	3602688766
keccak1600-avx2-rust	keccak1600-x86_64	control	empty	20	latency	0	2000000	2861429	14149235	38000319	3605553134	3605553134
keccak1600-avx2-rust	keccak1600-x86_64	runtime	shared	32	throughput	0	147239	28686318	145523347	374870860	3634243308	3634243308
keccak1600-avx2-rust	keccak1600-x86_64	runtime	shared	32	latency	0	149184	30037713	153693804	380121201	3664284851	3664284851
keccak1600-avx2-rust	keccak1600-x86_64	fixed	shared	32	throughput	0	156862	30060423	154450103	396390640	3694348715	3694348715
keccak1600-avx2-rust	keccak1600-x86_64	fixed	shared	32	latency	0	152623	30149643	155481774	385983937	3724497478	3724497478
keccak1600-avx2-rust	keccak1600-x86_64	runtime	stack	32	throughput	0	148606	30098932	154863720	387118996	3754599661	3754599661
keccak1600-avx2-rust	keccak1600-x86_64	runtime	stack	32	latency	0	146901	30065693	154430354	382971276	3784668744	3784668744
keccak1600-avx2-rust	keccak1600-x86_64	fixed	stack	32	throughput	0	157764	30253283	155329116	398038934	3814925677	3814925677
keccak1600-avx2-rust	keccak1600-x86_64	fixed	stack	32	latency	0	117647	23182690	119002084	297059026	3838111777	3838111777
keccak1600-avx2-rust	keccak1600-x86_64	runtime	asm	32	throughput	0	148837	31254598	154916210	753710938	3869369749	3869369749
keccak1600-avx2-rust	keccak1600-x86_64	runtime	asm	32	latency	0	144905	30136663	150591877	734089094	3899509962	3899509962
keccak1600-avx2-rust	keccak1600-x86_64	fixed	asm	32	throughput	0	146901	30372161	151930667	738324792	3929885655	3929885655
keccak1600-avx2-rust	keccak1600-x86_64	fixed	asm	32	latency	0	144905	30344502	151837415	728582705	3960233638	3960233638
keccak1600-avx2-rust	keccak1600-x86_64	runtime	stack	32	throughput	1	144687	29641795	150654653	376910003	3989878882	3989878882
keccak1600-avx2-rust	keccak1600-x86_64	runtime	stack	32	latency	1	146007	29978473	153599859	380640617	4019860795	4019860795
keccak1600-avx2-rust	keccak1600-x86_64	fixed	stack	32	throughput	1	156606	29990593	154177222	395117303	4049854748	4049854748
keccak1600-avx2-rust	keccak1600-x86_64	fixed	stack	32	latency	1	153232	30082053	155006139	386911160	4079940521	4079940521
keccak1600-avx2-rust	keccak1600-x86_64	runtime	asm	32	throughput	1	148848	31128899	154309021	753766641	4111073644	4111073644
keccak1600-avx2-rust	keccak1600-x86_64	runtime	asm	32	latency	1	146564	30431022	152272790	742493588	4141509347	4141509347
keccak1600-avx2-rust	keccak1600-x86_64	fixed	asm	32	throughput	1	146118	30253062	151478291	734389436	4171766020	4171766020
keccak1600-avx2-rust	keccak1600-x86_64	fixed	asm	32	latency	1	145564	30370221	152114529	731896160	4202139743	4202139743
keccak1600-avx2-rust	keccak1600-x86_64	runtime	shared	32	throughput	1	152866	29740894	151069425	389197201	4231884056	4231884056
keccak1600-avx2-rust	keccak1600-x86_64	runtime	shared	32	latency	1	148837	29960084	153433912	379237044	4261847769	4261847769
keccak1600-avx2-rust	keccak1600-x86_64	fixed	shared	32	throughput	1	156862	30089323	154402890	396390639	4291935363	4291935363
keccak1600-avx2-rust	keccak1600-x86_64	fixed	shared	32	latency	1	151539	30132183	154403993	383242497	4322071016	4322071016
keccak1600-avx2-rust	keccak1600-x86_64	runtime	asm	32	throughput	2	149300	30981909	154915790	756055568	4353050608	4353050608
keccak1600-avx2-rust	keccak1600-x86_64	runtime	asm	32	latency	2	146007	30363612	152016710	739671831	4383417791	4383417791
keccak1600-avx2-rust	keccak1600-x86_64	fixed	asm	32	throughput	2	145015	30009793	150195368	728845752	4413424705	4413424705
keccak1600-avx2-rust	keccak1600-x86_64	fixed	asm	32	latency	2	145675	30393432	152089090	732454267	4443825057	4443825057
keccak1600-avx2-rust	keccak1600-x86_64	runtime	shared	32	throughput	2	151539	29541855	149774089	385818659	4473370291	4473370291
keccak1600-avx2-rust	keccak1600-x86_64	runtime	shared	32	latency	2	148952	30057763	153502686	379530068	4503431524	4503431524
keccak1600-avx2-rust	keccak1600-x86_64	fixed	shared	32	throughput	2	157248	30283132	154846404	397366061	4533717967	4533717967
keccak1600-avx2-rust	keccak1600-x86_64	fixed	shared	32	latency	2	151539	30045083	154361242	383242489	4563766401	4563766401
keccak1600-avx2-rust	keccak1600-x86_64	runtime	stack	32	throughput	2	146230	29579645	152371252	380929521	4593349734	4593349734
keccak1600-avx2-rust	keccak1600-x86_64	runtime	stack	32	latency	2	147465	30202062	155072560	384441623	4623549398	4623549398
keccak1600-avx2-rust	keccak1600-x86_64	fixed	stack	32	throughput	2	156862	30082733	154426966	395763188	4653635542	4653635542
keccak1600-avx2-rust	keccak1600-x86_64	fixed	stack	32	latency	2	152623	30074193	154384595	385373441	4683707365	4683707365
keccak1600-avx2-rust	keccak1600-x86_64	runtime	shared	32	throughput	3	156224	30064603	154352843	397746670	4713775428	4713775428
keccak1600-avx2-rust	keccak1600-x86_64	runtime	shared	32	latency	3	150011	30049744	154574394	382228391	4743828351	4743828351
keccak1600-avx2-rust	keccak1600-x86_64	fixed	shared	32	throughput	3	156991	30119463	154617085	396716626	4773950945	4773950945
keccak1600-avx2-rust	keccak1600-x86_64	fixed	shared	32	latency	3	151898	30138153	154723808	384150414	4804092308	4804092308
keccak1600-avx2-rust	keccak1600-x86_64	runtime	stack	32	throughput	3	148262	30139482	154500747	386222881	4834235001	4834235001
keccak1600-avx2-rust	keccak1600-x86_64	runtime	stack	32	latency	3	146007	30003003	153549829	380640618	4864241184	4864241184
keccak1600-avx2-rust	keccak1600-x86_64	fixed	stack	32	throughput	3	156606	30039493	154180840	395117303	4894283938	4894283938
keccak1600-avx2-rust	keccak1600-x86_64	fixed	stack	32	latency	3	152744	30097373	154500217	385678968	4924384652	4924384652
keccak1600-avx2-rust	keccak1600-x86_64	runtime	asm	32	throughput	3	149068	31263998	154740273	754880719	4955651964	4955651964
keccak1600-avx2-rust	keccak1600-x86_64	runtime	asm	32	latency	3	145124	30189242	150531928	735198552	4985844697	4985844697
keccak1600-avx2-rust	keccak1600-x86_64	fixed	asm	32	throughput	3	145124	30237753	150746079	729393588	5016086030	5016086030
keccak1600-avx2-rust	keccak1600-x86_64	fixed	asm	32	latency	3	143820	29986834	149786379	723127333	5046076683	5046076683
keccak1600-avx2-rust	keccak1600-x86_64	runtime	stack	32	throughput	4	144578	29652674	150622621	376626058	5075733067	5075733067
keccak1600-avx2-rust	keccak1600-x86_64	runtime	stack	32	latency	4	146118	30047733	153624615	380929998	5105784490	5105784490
keccak1600-avx2-rust	keccak1600-x86_64	fixed	stack	32	throughput	4	156991	30105473	154548560	396088658	5135893083	5135893083
keccak1600-avx2-rust	keccak1600-x86_64	fixed	stack	32	latency	4	151539	29843153	153278264	382636332	5165739417	5165739417
keccak1600-avx2-rust	keccak1600-x86_64	runtime	asm	32	throughput	4	148837	31251759	154807966	753710942	5196994539	5196994539
keccak1600-avx2-rust	keccak1600-x86_64	runtime	asm	32	latency	4	146007	30374171	151587651	739671828	5227371942	5227371942
keccak1600-avx2-rust	keccak1600-x86_64	fixed	asm	32	throughput	4	145124	30014663	150227154	729393593	5257389845	5257389845
keccak1600-avx2-rust	keccak1600-x86_64	fixed	asm	32	latency	4	145234	30341212	151920207	730236914	5287734628	5287734628
keccak1600-avx2-rust	keccak1600-x86_64	runtime	shared	32	throughput	4	152501	29682825	150738900	388267918	5317415432	5317415432
keccak1600-avx2-rust	keccak1600-x86_64	runtime	shared	32	latency	4	149068	29972363	153528382	379825632	5347391105	5347391105
keccak1600-avx2-rust	keccak1600-x86_64	fixed	shared	32	throughput	4	157248	30144592	154840632	397366060	5377538958	5377538958
keccak1600-avx2-rust	keccak1600-x86_64	fixed	shared	32	latency	4	151778	30093623	154660792	383846933	5407635822	5407635822
keccak1600-avx2-rust	keccak1600-x86_64	control	empty	32	throughput	0	2000000	1949522	10016027	30000318	5409588380	5409588380
keccak1600-avx2-rust	keccak1600-x86_64	control	empty	32	latency	0	2000000	2411941	12085450	34000321	5412003218	5412003218
keccak1600-avx2-rust	keccak1600-x86_64	runtime	shared	64	throughput	0	149882	29081167	147225270	381749816	5441087622	5441087622
keccak1600-avx2-rust	keccak1600-x86_64	runtime	shared	64	latency	0	147919	29980864	153559558	377045898	5471071635	5471071635
keccak1600-avx2-rust	keccak1600-x86_64	fixed	shared	64	throughput	0	156991	30092263	154514067	396559629	5501167198	5501167198
keccak1600-avx2-rust	keccak1600-x86_64	fixed	shared	64	latency	0	150234	30040713	154258664	379791923	5531211322	5531211322
keccak1600-avx2-rust	keccak1600-x86_64	runtime	stack	64	throughput	0	147352	30091253	154483793	383852326	5561305705	5561305705
keccak1600-avx2-rust	keccak1600-x86_64	runtime	stack	64	latency	0	145564	30188473	154960327	379485722	5591497318	5591497318
keccak1600-avx2-rust	keccak1600-x86_64	fixed	stack	64	throughput	0	156875	30100803	154398123	396109743	5621601271	5621601271
keccak1600-avx2-rust	keccak1600-x86_64	fixed	stack	64	latency	0	150470	30086243	154518994	380238058	5651690684	5651690684
keccak1600-avx2-rust	keccak1600-x86_64	runtime	asm	64	throughput	0	150706	31426108	156151956	763175544	5683120166	5683120166
keccak1600-avx2-rust	keccak1600-x86_64	runtime	asm	64	latency	0	138129	29059506	145135505	699761879	5712184130	5712184130
keccak1600-avx2-rust	keccak1600-x86_64	fixed	asm	64	throughput	0	146007	30465742	152244606	733977557	5742653143	5742653143
keccak1600-avx2-rust	keccak1600-x86_64	fixed	asm	64	latency	0	144905	30180332	151170166	728727608	5772836747	5772836747
keccak1600-avx2-rust	keccak1600-x86_64	runtime	stack	64	throughput	1	144036	29814254	151296003	375214150	5802654211	5802654211
keccak1600-avx2-rust	keccak1600-x86_64	runtime	stack	64	latency	1	142644	29742594	152235900	371873270	5832400084	5832400084
keccak1600-avx2-rust	keccak1600-x86_64	fixed	stack	64	throughput	1	156734	30013693	154248501	395753722	5862416908	5862416908
keccak1600-avx2-rust	keccak1600-x86_64	fixed	stack	64	latency	1	150470	30074623	154529760	380238061	5892488521	5892488521
keccak1600-avx2-rust	keccak1600-x86_64	runtime	asm	64	throughput	1	150943	31323298	155401985	764375721	5923814983	5923814983
keccak1600-avx2-rust	keccak1600-x86_64	runtime	asm	64	latency	1	143390	30071433	150374500	726414105	5953889746	5953889746
keccak1600-avx2-rust	keccak1600-x86_64	fixed	asm	64	throughput	1	145344	30216562	151340050	730644658	5984109709	5984109709
keccak1600-avx2-rust	keccak1600-x86_64	fixed	asm	64	latency	1	145564	30351372	151993243	732041726	6014464462	6014464462
keccak1600-avx2-rust	keccak1600-x86_64	runtime	shared	64	throughput	1	152988	29589424	150270106	389660797	6044057236	6044057236
keccak1600-avx2-rust	keccak1600-x86_64	runtime	shared	64	latency	1	147919	29971204	153527391	377045901	6074031679	6074031679
keccak1600-avx2-rust	keccak1600-x86_64	fixed	shared	64	throughput	1	156747	30016134	154275521	395943287	6104051143	6104051143
keccak1600-avx2-rust	keccak1600-x86_64	fixed	shared	64	latency	1	151419	30186462	155502066	382787606	6134240906	6134240906
keccak1600-avx2-rust	keccak1600-x86_64	runtime	asm	64	throughput	2	151062	31373968	156084463	764978333	6165618148	6165618148
keccak1600-avx2-rust	keccak1600-x86_64	runtime	asm	64	latency	2	143176	30023793	150299545	725329991	6195645591	6195645591
keccak1600-avx2-rust	keccak1600-x86_64	fixed	asm	64	throughput	2	147239	30609621	153294156	740170825	6226258604	6226258604
keccak1600-avx2-rust	keccak1600-x86_64	fixed	asm	64	latency	2	144796	30082243	150681852	728179453	6256344417	6256344417
keccak1600-avx2-rust	keccak1600-x86_64	runtime	shared	64	throughput	2	152866	29538425	150137085	389350070	6285880331	6285880331
keccak1600-avx2-rust	keccak1600-x86_64	runtime	shared	64	latency	2	148033	30024043	153888505	377336489	6315907894	6315907894
keccak1600-avx2-rust	keccak1600-x86_64	fixed	shared	64	throughput	2	156862	30041793	154379478	396233783	6345952867	6345952867
keccak1600-avx2-rust	keccak1600-x86_64	fixed	shared	64	latency	2	150943	30066493	155001101	381584271	6376022421	6376022421
keccak1600-avx2-rust	keccak1600-x86_64	runtime	stack	64	throughput	2	147692	30086293	154795304	384738032	6406089474	6406089474
keccak1600-avx2-rust	keccak1600-x86_64	runtime	stack	64	latency	2	146341	30392382	156007127	381511356	6436485827	6436485827
keccak1600-avx2-rust	keccak1600-x86_64	fixed	stack	64	throughput	2	156747	30062243	154265321	395786546	6466545540	6466545540
keccak1600-avx2-rust	keccak1600-x86_64	fixed	stack	64	latency	2	150234	30059443	154330223	379641688	6496608293	6496608293
keccak1600-avx2-rust	keccak1600-x86_64	runtime	shared	64	throughput	3	156862	30002163	154037838	399527885	6526613757	6526613757
keccak1600-avx2-rust	keccak1600-x86_64	runtime	shared	64	latency	3	148721	30107503	154557501	379090193	6556724660	6556724660
keccak1600-avx2-rust	keccak1600-x86_64	fixed	shared	64	throughput	3	156734	30091483	154258373	395910456	6586811993	6586811993
keccak1600-avx2-rust	keccak1600-x86_64	fixed	shared	64	latency	3	148377	29686054	152388681	375097421	6616501767	6616501767
keccak1600-avx2-rust	keccak1600-x86_64	runtime	stack	64	throughput	3	147126	30120833	154617416	383263596	6646626040	6646626040
keccak1600-avx2-rust	keccak1600-x86_64	runtime	stack	64	latency	3	145015	30090813	154352088	378054473	6676720283	6676720283
keccak1600-avx2-rust	keccak1600-x86_64	fixed	stack	64	throughput	3	156862	30200712	154395624	396076909	6706918496	6706918496
keccak1600-avx2-rust	keccak1600-x86_64	fixed	stack	64	latency	3	149532	29926083	153584107	377867736	6736848109	6736848109
keccak1600-avx2-rust	keccak1600-x86_64	runtime	asm	64	throughput	3	150234	31470038	155498877	760785345	6768322031	6768322031
keccak1600-avx2-rust	keccak1600-x86_64	runtime	asm	64	latency	3	142116	29926013	149159363	719960020	6798252355	6798252355
keccak1600-avx2-rust	keccak1600-x86_64	fixed	asm	64	throughput	3	144469	30001293	149522511	726246030	6828257248	6828257248
keccak1600-avx2-rust	keccak1600-x86_64	fixed	asm	64	latency	3	145015	30466351	151845757	729280806	6858726911	6858726911
keccak1600-avx2-rust	keccak1600-x86_64	runtime	stack	64	throughput	4	142857	29530105	149593090	372142853	6888260525	6888260525
keccak1600-avx2-rust	keccak1600-x86_64	runtime	stack	64	latency	4	143712	29956064	152906991	374657550	6918219728	6918219728
keccak1600-avx2-rust	keccak1600-x86_64	fixed	stack	64	throughput	4	156097	29938493	153617670	394145296	6948161501	6948161501
keccak1600-avx2-rust	keccak1600-x86_64	fixed	stack	64	latency	4	150352	30079363	154397934	379939876	6978244045	6978244045
keccak1600-avx2-rust	keccak1600-x86_64	runtime	asm	64	throughput	4	149300	31080939	154210479	756055573	7009328117	7009328117
keccak1600-avx2-rust	keccak1600-x86_64	runtime	asm	64	latency	4	142963	30147402	150406877	724250929	7039478700	7039478700
keccak1600-avx2-rust	keccak1600-x86_64	fixed	asm	64	throughput	4	145344	30168923	150943389	730644654	7069650923	7069650923
keccak1600-avx2-rust	keccak1600-x86_64	fixed	asm	64	latency	4	144796	30047593	150508629	728179453	7099701876	7099701876
keccak1600-avx2-rust	keccak1600-x86_64	runtime	shared	64	throughput	4	152866	29599204	150173977	389350071	7129304370	7129304370
keccak1600-avx2-rust	keccak1600-x86_64	runtime	shared	64	latency	4	148033	30025574	153670954	377336487	7159333263	7159333263
keccak1600-avx2-rust	keccak1600-x86_64	fixed	shared	64	throughput	4	156619	30021804	154135510	395619962	7189358297	7189358297
keccak1600-avx2-rust	keccak1600-x86_64	fixed	shared	64	latency	4	151312	30134843	155388944	382517109	7219496320	7219496320
keccak1600-avx2-rust	keccak1600-x86_64	control	empty	64	throughput	0	2000000	2342851	12071951	30000318	7221842658	7221842658
keccak1600-avx2-rust	keccak1600-x86_64	control	empty	64	latency	0	2000000	2400821	12004051	34000322	7224246396	7224246396
keccak1600-avx2-rust	keccak1600-x86_64	runtime	shared	135	throughput	0	148377	29033996	147529586	421984540	7253283490	7253283490
keccak1600-avx2-rust	keccak1600-x86_64	runtime	shared	135	latency	0	147919	29946554	153562751	420977830	7283228223	7283228223
keccak1600-avx2-rust	keccak1600-x86_64	fixed	shared	135	throughput	0	155970	30137622	154706263	440615604	7313369346	7313369346
keccak1600-avx2-rust	keccak1600-x86_64	fixed	shared	135	latency	0	150470	30080083	154420239	425379044	7343452739	7343452739
keccak1600-avx2-rust	keccak1600-x86_64	runtime	stack	135	throughput	0	147239	30016623	154090459	385030339	7373472723	7373472723
keccak1600-avx2-rust	keccak1600-x86_64	runtime	stack	135	latency	0	145124	30147053	154927471	379789863	7403623046	7403623046
keccak1600-avx2-rust	keccak1600-x86_64	fixed	stack	135	throughput	0	157377	30252212	155303906	400839569	7433878589	7433878589
keccak1600-avx2-rust	keccak1600-x86_64	fixed	stack	135	latency	0	150117	30097743	154742948	382648590	7463979662	7463979662
keccak1600-avx2-rust	keccak1600-x86_64	runtime	asm	135	throughput	0	147239	30978379	154292607	747091046	7494961455	7494961455
keccak1600-avx2-rust	keccak1600-x86_64	runtime	asm	135	latency	0	142222	30188842	151076765	721919228	7525153768	7525153768
keccak1600-avx2-rust	keccak1600-x86_64	fixed	asm	135	throughput	0	147352	30129923	150815568	741033563	7555286901	7555286901
keccak1600-avx2-rust	keccak1600-x86_64	fixed	asm	135	latency	0	145896	30328302	151929650	734003128	7585618534	7585618534
keccak1600-avx2-rust	keccak1600-x86_64	runtime	stack	135	throughput	1	144144	29709454	150719614	376936914	7615331337	7615331337
keccak1600-avx2-rust	keccak1600-x86_64	runtime	stack	135	latency	1	143820	29989583	153522273	376377291	7645324191	7645324191
keccak1600-avx2-rust	keccak1600-x86_64	fixed	stack	135	throughput	1	156351	29999963	154242909	398226353	7675327424	7675327424
keccak1600-avx2-rust	keccak1600-x86_64	fixed	stack	135	latency	1	150470	30195443	155650981	383548380	7705526047	7705526047
keccak1600-avx2-rust	keccak1600-x86_64	runtime	asm	135	throughput	1	148033	31033209	154381269	751119795	7736558330	7736558330
keccak1600-avx2-rust	keccak1600-x86_64	runtime	asm	135	latency	1	142644	30460191	152561969	724061301	7767021812	7767021812
keccak1600-avx2-rust	keccak1600-x86_64	fixed	asm	135	throughput	1	148033	30223683	151388141	744458316	7797248636	7797248636
keccak1600-avx2-rust	keccak1600-x86_64	fixed	asm	135	latency	1	145907	30200853	151291903	734058470	7827452579	7827452579
keccak1600-avx2-rust	keccak1600-x86_64	runtime	shared	135	throughput	1	151539	29611705	150408285	430977271	7857067352	7857067352
keccak1600-avx2-rust	keccak1600-x86_64	runtime	shared	135	latency	1	147919	29951053	153348092	420977826	7887021416	7887021416
keccak1600-avx2-rust	keccak1600-x86_64	fixed	shared	135	throughput	1	155844	30111443	154578013	440259655	7917135849	7917135849
keccak1600-avx2-rust	keccak1600-x86_64	fixed	shared	135	latency	1	150352	30062493	154245111	425045462	7947190572	7947190572
keccak1600-avx2-rust	keccak1600-x86_64	runtime	asm	135	throughput	2	147013	31011509	154428409	745944319	7978205504	7978205504
keccak1600-avx2-rust	keccak1600-x86_64	runtime	asm	135	latency	2	141697	30158122	150966190	719254328	8008369558	8008369558
keccak1600-avx2-rust	keccak1600-x86_64	fixed	asm	135	throughput	2	148148	30327262	151893340	745036645	8038699921	8038699921
keccak1600-avx2-rust	keccak1600-x86_64	fixed	asm	135	latency	2	146007	30275042	151648677	734561571	8068978204	8068978204
keccak1600-avx2-rust	keccak1600-x86_64	runtime	shared	135	throughput	2	151300	29634675	150535394	430297553	8098616097	8098616097
keccak1600-avx2-rust	keccak1600-x86_64	runtime	shared	135	latency	2	147919	29982953	153419539	420977830	8128602151	8128602151
keccak1600-avx2-rust	keccak1600-x86_64	fixed	shared	135	throughput	2	155591	30082573	154428676	439544929	8158687814	8158687814
keccak1600-avx2-rust	keccak1600-x86_64	fixed	shared	135	latency	2	150352	30039153	154214668	425045458	8188729967	8188729967
keccak1600-avx2-rust	keccak1600-x86_64	runtime	stack	135	throughput	2	147578	30007093	154324044	385916826	8218740230	8218740230
keccak1600-avx2-rust	keccak1600-x86_64	runtime	stack	135	latency	2	144252	29903683	153883543	377507842	8248642704	8248642704
keccak1600-avx2-rust	keccak1600-x86_64	fixed	stack	135	throughput	2	156479	30073613	154402495	398552367	8278719347	8278719347
keccak1600-avx2-rust	keccak1600-x86_64	fixed	stack	135	latency	2	149882	30186073	155040299	382049576	8308908550	8308908550
keccak1600-avx2-rust	keccak1600-x86_64	runtime	shared	135	throughput	3	154963	29986473	153948551	440715130	8338898353	8338898353
keccak1600-avx2-rust	keccak1600-x86_64	runtime	shared	135	latency	3	148606	30051913	154297268	422933026	8368953317	8368953317
keccak1600-avx2-rust	keccak1600-x86_64	fixed	shared	135	throughput	3	155844	30156622	154596997	440259652	8399113040	8399113040
keccak1600-avx2-rust	keccak1600-x86_64	fixed	shared	135	latency	3	150588	30083103	154445717	425712633	8429199283	8429199283
keccak1600-avx2-rust	keccak1600-x86_64	runtime	stack	135	throughput	3	146230	29804914	152978590	382391805	8459002096	8459002096
keccak1600-avx2-rust	keccak1600-x86_64	runtime	stack	135	latency	3	144687	30075943	154413462	378646237	8489081510	8489081510
keccak1600-avx2-rust	keccak1600-x86_64	fixed	stack	135	throughput	3	157119	30201082	155031779	400182447	8519285833	8519285833
keccak1600-avx2-rust	keccak1600-x86_64	fixed	stack	135	latency	3	150000	30220963	155097986	382350358	8549509846	8549509846
keccak1600-avx2-rust	keccak1600-x86_64	runtime	asm	135	throughput	3	149311	31402628	155681614	757604373	8580910448	8580910448
keccak1600-avx2-rust	keccak1600-x86_64	runtime	asm	135	latency	3	141072	30057413	150114909	716081825	8610971041	8610971041
keccak1600-avx2-rust	keccak1600-x86_64	fixed	asm	135	throughput	3	148148	30531961	152774152	745036651	8641506204	8641506204
keccak1600-avx2-rust	keccak1600-x86_64	fixed	asm	135	latency	3	145896	30214373	151220505	734003132	8671723667	8671723667
keccak1600-avx2-rust	keccak1600-x86_64	runtime	stack	135	throughput	4	144144	29665304	150781282	376936915	8701386351	8701386351
keccak1600-avx2-rust	keccak1600-x86_64	runtime	stack	135	latency	4	143820	29950863	153466392	376377293	8731340294	8731340294
keccak1600-avx2-rust	keccak1600-x86_64	fixed	stack	135	throughput	4	156479	30055033	154510111	398552367	8761398307	8761398307
keccak1600-avx2-rust	keccak1600-x86_64	fixed	stack	135	latency	4	150824	30213943	155864480	384450736	8791615320	8791615320
keccak1600-avx2-rust	keccak1600-x86_64	runtime	asm	135	throughput	4	149882	31576257	157100010	760501627	8823194652	8823194652
keccak1600-avx2-rust	keccak1600-x86_64	runtime	asm	135	latency	4	141802	30051973	150560736	719787305	8853249846	8853249846
keccak1600-avx2-rust	keccak1600-x86_64	fixed	asm	135	throughput	4	75862	15577960	77950408	381510329	8868831182	8868831182
keccak1600-avx2-rust	keccak1600-x86_64	fixed	asm	135	latency	4	144469	30021323	150279827	726823896	8898855525	8898855525
keccak1600-avx2-rust	keccak1600-x86_64	runtime	shared	135	throughput	4	150706	29558635	150031494	428608220	8928417429	8928417429
keccak1600-avx2-rust	keccak1600-x86_64	runtime	shared	135	latency	4	148148	30055163	153681318	421629552	8958475922	8958475922
keccak1600-avx2-rust	keccak1600-x86_64	fixed	shared	135	throughput	4	155465	30069273	154379549	439188981	8988548525	8988548525
keccak1600-avx2-rust	keccak1600-x86_64	fixed	shared	135	latency	4	150352	30064183	154298450	425045461	9018616318	9018616318
keccak1600-avx2-rust	keccak1600-x86_64	control	empty	135	throughput	0	2000000	2393420	12226436	30000322	9021013096	9021013096
keccak1600-avx2-rust	keccak1600-x86_64	control	empty	135	latency	0	2000000	3200328	16003520	34000321	9024216463	9024216463
keccak1600-avx2-rust	keccak1600-x86_64	runtime	shared	136	throughput	0	75739	29583375	150704553	427395526	9053802897	9053802897
keccak1600-avx2-rust	keccak1600-x86_64	runtime	shared	136	latency	0	75620	29957104	153724538	426875252	9083763250	9083763250
keccak1600-avx2-rust	keccak1600-x86_64	fixed	shared	136	throughput	0	77638	30099492	154515753	436636467	9113865904	9113865904
keccak1600-avx2-rust	keccak1600-x86_64	fixed	shared	136	latency	0	76494	30110553	154577722	430355599	9143979527	9143979527
keccak1600-avx2-rust	keccak1600-x86_64	runtime	stack	136	throughput	0	77795	30085823	154470153	415192266	9174068440	9174068440
keccak1600-avx2-rust	keccak1600-x86_64	runtime	stack	136	latency	0	76372	30084663	154433972	407750460	9204156223	9204156223
keccak1600-avx2-rust	keccak1600-x86_64	fixed	stack	136	throughput	0	78370	30111093	154600386	400862907	9234270306	9234270306
keccak1600-avx2-rust	keccak1600-x86_64	fixed	stack	136	latency	0	76646	30100023	154444177	392197934	9264367580	9264367580
keccak1600-avx2-rust	keccak1600-x86_64	runtime	asm	136	throughput	0	77356	31349628	155509796	773173579	9295720493	9295720493
keccak1600-avx2-rust	keccak1600-x86_64	runtime	asm	136	latency	0	75382	30338712	151635190	753594209	9326062676	9326062676
keccak1600-avx2-rust	keccak1600-x86_64	fixed	asm	136	throughput	0	75859	30408791	151845272	755024982	9356474618	9356474618
keccak1600-avx2-rust	keccak1600-x86_64	fixed	asm	136	latency	0	75620	30326462	151548953	752797453	9386804241	9386804241
keccak1600-avx2-rust	keccak1600-x86_64	runtime	stack	136	throughput	1	76039	29813554	151008808	405820496	9416620865	9416620865
keccak1600-avx2-rust	keccak1600-x86_64	runtime	stack	136	latency	1	75949	30044523	153584870	405492065	9446668408	9446668408
keccak1600-avx2-rust	keccak1600-x86_64	fixed	stack	136	throughput	1	78303	30074933	154439910	400520198	9476746381	9476746381
keccak1600-avx2-rust	keccak1600-x86_64	fixed	stack	136	latency	1	76677	30042123	154367654	392356565	9506791515	9506791515
keccak1600-avx2-rust	keccak1600-x86_64	runtime	asm	136	throughput	1	77263	31282259	155253550	772244037	9538076917	9538076917
keccak1600-avx2-rust	keccak1600-x86_64	runtime	asm	136	latency	1	75090	30239143	150924460	750675084	9568319240	9568319240
keccak1600-avx2-rust	keccak1600-x86_64	fixed	asm	136	throughput	1	75412	30156523	150905056	750575990	9598478863	9598478863
keccak1600-avx2-rust	keccak1600-x86_64	fixed	asm	136	latency	1	75176	30110423	150494176	748377432	9628592336	9628592336
keccak1600-avx2-rust	keccak1600-x86_64	runtime	shared	136	throughput	1	75769	29738894	150797637	427564821	9658334450	9658334450
keccak1600-avx2-rust	keccak1600-x86_64	runtime	shared	136	latency	1	75146	29914153	152912981	424199523	9688251853	9688251853
keccak1600-avx2-rust	keccak1600-x86_64	fixed	shared	136	throughput	1	77669	30106153	154563984	436810810	9718361336	9718361336
keccak1600-avx2-rust	keccak1600-x86_64	fixed	shared	136	latency	1	76402	30071283	154365857	429838008	9748435659	9748435659
keccak1600-avx2-rust	keccak1600-x86_64	runtime	asm	136	throughput	2	77263	31240348	154996290	772244036	9779679172	9779679172
keccak1600-avx2-rust	keccak1600-x86_64	runtime	asm	136	latency	2	75087	30219473	151357309	750645092	9809901735	9809901735
keccak1600-avx2-rust	keccak1600-x86_64	fixed	asm	136	throughput	2	75799	30279732	151687695	754427799	9840184658	9840184658
keccak1600-avx2-rust	keccak1600-x86_64	fixed	asm	136	latency	2	75563	30360502	152021607	752230014	9870548231	9870548231
keccak1600-avx2-rust	keccak1600-x86_64	runtime	shared	136	throughput	2	75799	29755164	150893924	427734112	9900306484	9900306484
keccak1600-avx2-rust	keccak1600-x86_64	runtime	shared	136	latency	2	75176	29910504	152870232	424368873	9930219998	9930219998
keccak1600-avx2-rust	keccak1600-x86_64	fixed	shared	136	throughput	2	77575	30095783	154488863	436282155	9960318811	9960318811
keccak1600-avx2-rust	keccak1600-x86_64	fixed	shared	136	latency	2	76436	30088693	154414080	430029291	9990410664	9990410664
keccak1600-avx2-rust	keccak1600-x86_64	runtime	stack	136	throughput	2	77795	30091493	154461391	415192270	10020505187	10020505187
keccak1600-avx2-rust	keccak1600-x86_64	runtime	stack	136	latency	2	76494	30137933	154682666	408401820	10050646090	10050646090
keccak1600-avx2-rust	keccak1600-x86_64	fixed	stack	136	throughput	2	78367	30118932	154631017	400847557	10080768143	10080768143
keccak1600-avx2-rust	keccak1600-x86_64	fixed	stack	136	latency	2	76646	30075983	154407808	392197937	10110847257	10110847257
keccak1600-avx2-rust	keccak1600-x86_64	runtime	shared	136	throughput	3	77701	30160173	154665877	438467095	10141010440	10141010440
keccak1600-avx2-rust	keccak1600-x86_64	runtime	shared	136	latency	3	75952	30090313	154488824	428749394	10171103863	10171103863
keccak1600-avx2-rust	keccak1600-x86_64	fixed	shared	136	throughput	3	77607	30154803	154474529	436462122	10201261756	10201261756
keccak1600-avx2-rust	keccak1600-x86_64	fixed	shared	136	latency	3	76494	30119332	154621696	430355600	10231384179	10231384179
keccak1600-avx2-rust	keccak1600-x86_64	runtime	stack	136	throughput	3	77858	30084073	154457069	415528500	10261471353	10261471353
keccak1600-avx2-rust	keccak1600-x86_64	runtime	stack	136	latency	3	76402	30099983	154477671	407910636	10291568586	10291568586
keccak1600-avx2-rust	keccak1600-x86_64	fixed	stack	136	throughput	3	78271	30091903	154411335	400356515	10321663549	10321663549
keccak1600-avx2-rust	keccak1600-x86_64	fixed	stack	136	latency	3	76707	30092123	154478074	392510066	10351759362	10351759362
keccak1600-avx2-rust	keccak1600-x86_64	runtime	asm	136	throughput	3	77263	31452028	155699432	772244041	10383215864	10383215864
keccak1600-avx2-rust	keccak1600-x86_64	runtime	asm	136	latency	3	74882	30309902	151096587	748595711	10413530417	10413530417
keccak1600-avx2-rust	keccak1600-x86_64	fixed	asm	136	throughput	3	75949	30428001	151680462	755920755	10443954760	10443954760
keccak1600-avx2-rust	keccak1600-x86_64	fixed	asm	136	latency	3	75058	30168173	150526156	747202746	10474126173	10474126173
keccak1600-avx2-rust	keccak1600-x86_64	runtime	stack	136	throughput	4	75501	29595595	149867405	402949188	10503725057	10503725057
keccak1600-avx2-rust	keccak1600-x86_64	runtime	stack	136	latency	4	75560	29903494	152777845	403415196	10533631730	10533631730
keccak1600-avx2-rust	keccak1600-x86_64	fixed	stack	136	throughput	4	78367	30122713	154601405	400847557	10563752253	10563752253
keccak1600-avx2-rust	keccak1600-x86_64	fixed	stack	136	latency	4	76769	30107192	154601813	392827328	10593862597	10593862597
keccak1600-avx2-rust	keccak1600-x86_64	runtime	asm	136	throughput	4	77764	31673507	156839361	777251534	10625539238	10625539238
keccak1600-avx2-rust	keccak1600-x86_64	runtime	asm	136	latency	4	74679	30214612	150554562	746566320	10655757111	10655757111
keccak1600-avx2-rust	keccak1600-x86_64	fixed	asm	136	throughput	4	75531	30247312	151142386	751760403	10686001424	10686001424
keccak1600-avx2-rust	keccak1600-x86_64	fixed	asm	136	latency	4	75620	30320902	151696527	752797451	10716325527	10716325527
keccak1600-avx2-rust	keccak1600-x86_64	runtime	shared	136	throughput	4	69039	27144134	137377955	389587424	10743473713	10743473713
keccak1600-avx2-rust	keccak1600-x86_64	runtime	shared	136	latency	4	75235	30000543	153086460	424701931	10773477327	10773477327
keccak1600-avx2-rust	keccak1600-x86_64	fixed	shared	136	throughput	4	77638	30133073	154592917	436636470	10803613600	10803613600
keccak1600-avx2-rust	keccak1600-x86_64	fixed	shared	136	latency	4	76402	30075303	154382055	429838006	10833692073	10833692073
keccak1600-avx2-rust	keccak1600-x86_64	control	empty	136	throughput	0	2000000	2348961	12020665	30000319	10836043931	10836043931
keccak1600-avx2-rust	keccak1600-x86_64	control	empty	136	latency	0	2000000	2800879	14004372	34000322	10838847728	10838847728
keccak1600-avx2-rust	keccak1600-x86_64	runtime	shared	137	throughput	0	75205	29440345	150005427	424682990	10868291212	10868291212
keccak1600-avx2-rust	keccak1600-x86_64	runtime	shared	137	latency	0	75949	30067573	154355007	429036254	10898361775	10898361775
keccak1600-avx2-rust	keccak1600-x86_64	fixed	shared	137	throughput	0	77669	30135153	154565277	437121488	10928500359	10928500359
keccak1600-avx2-rust	keccak1600-x86_64	fixed	shared	137	latency	0	76311	30082832	154395646	429631280	10958586733	10958586733
keccak1600-avx2-rust	keccak1600-x86_64	runtime	stack	137	throughput	0	77827	30088093	154462456	415596530	10988678166	10988678166
keccak1600-avx2-rust	keccak1600-x86_64	runtime	stack	137	latency	0	76341	30028933	154142972	407813976	11018710299	11018710299
keccak1600-avx2-rust	keccak1600-x86_64	fixed	stack	137	throughput	0	78271	30072913	154377067	400591331	11048786362	11048786362
keccak1600-avx2-rust	keccak1600-x86_64	fixed	stack	137	latency	0	76646	30075543	154351722	392427873	11078865016	11078865016
keccak1600-avx2-rust	keccak1600-x86_64	runtime	asm	137	throughput	0	77201	31519827	156222673	771855949	11110388098	11110388098
keccak1600-avx2-rust	keccak1600-x86_64	runtime	asm	137	latency	0	74882	30284492	151104450	748820349	11140675981	11140675981
keccak1600-avx2-rust	keccak1600-x86_64	fixed	asm	137	throughput	0	75531	30218492	150985942	751911455	11170897694	11170897694
keccak1600-avx2-rust	keccak1600-x86_64	fixed	asm	137	latency	0	75590	30276132	151309089	752649985	11201177067	11201177067
keccak1600-avx2-rust	keccak1600-x86_64	runtime	stack	137	throughput	1	75979	29678495	150717758	405728212	11230858760	11230858760
keccak1600-avx2-rust	keccak1600-x86_64	runtime	stack	137	latency	1	75979	30025713	153655038	405880175	11260882574	11260882574
keccak1600-avx2-rust	keccak1600-x86_64	fixed	stack	137	throughput	1	78239	30042973	154228051	400427559	11290928628	11290928628
keccak1600-avx2-rust	keccak1600-x86_64	fixed	stack	137	latency	1	76769	30105992	154575978	393057636	11321037741	11321037741
keccak1600-avx2-rust	keccak1600-x86_64	runtime	asm	137	throughput	1	77170	31228119	155049455	771546014	11352268963	11352268963
keccak1600-avx2-rust	keccak1600-x86_64	runtime	asm	137	latency	1	75146	30373142	151798782	751460358	11382645296	11382645296
keccak1600-avx2-rust	keccak1600-x86_64	fixed	asm	137	throughput	1	75563	30262283	151162657	752230021	11412910629	11412910629
keccak1600-avx2-rust	keccak1600-x86_64	fixed	asm	137	latency	1	75120	30152943	150294986	747970194	11443066732	11443066732
keccak1600-avx2-rust	keccak1600-x86_64	runtime	shared	137	throughput	1	75560	29698875	150600548	426687669	11472768916	11472768916
keccak1600-avx2-rust	keccak1600-x86_64	runtime	shared	137	latency	1	75623	30094723	153672046	427194683	11502858049	11502858049
keccak1600-avx2-rust	keccak1600-x86_64	fixed	shared	137	throughput	1	77325	29970094	153794586	435185455	11532831232	11532831232
keccak1600-avx2-rust	keccak1600-x86_64	fixed	shared	137	latency	1	76405	30109913	154546380	430160508	11562944316	11562944316
keccak1600-avx2-rust	keccak1600-x86_64	runtime	asm	137	throughput	2	76099	30925030	153281385	760838154	11593872799	11593872799
keccak1600-avx2-rust	keccak1600-x86_64	runtime	asm	137	latency	2	75235	30294302	151500160	752350353	11624170362	11624170362
keccak1600-avx2-rust	keccak1600-x86_64	fixed	asm	137	throughput	2	75590	30279102	151228878	752498804	11654452665	11654452665
keccak1600-avx2-rust	keccak1600-x86_64	fixed	asm	137	latency	2	75650	30271992	151523417	753247400	11684727838	11684727838
keccak1600-avx2-rust	keccak1600-x86_64	runtime	shared	137	throughput	2	75560	29741384	150700571	426687673	11714468742	11714468742
keccak1600-avx2-rust	keccak1600-x86_64	runtime	shared	137	latency	2	75264	29937543	152925099	425166690	11744409335	11744409335
keccak1600-avx2-rust	keccak1600-x86_64	fixed	shared	137	throughput	2	77701	30129023	154571456	437301583	11774541578	11774541578
keccak1600-avx2-rust	keccak1600-x86_64	fixed	shared	137	latency	2	76402	30111043	154556379	430143613	11804655801	11804655801
keccak1600-avx2-rust	keccak1600-x86_64	runtime	stack	137	throughput	2	77764	30039913	154177560	415260115	11834698875	11834698875
keccak1600-avx2-rust	keccak1600-x86_64	runtime	stack	137	latency	2	76463	30101312	154599683	408465698	11864803279	11864803279
keccak1600-avx2-rust	keccak1600-x86_64	fixed	stack	137	throughput	2	78303	30038904	154305883	400755111	11894845202	11894845202
keccak1600-avx2-rust	keccak1600-x86_64	fixed	stack	137	latency	2	76772	30085813	154579596	393072994	11924934045	11924934045
keccak1600-avx2-rust	keccak1600-x86_64	runtime	shared	137	throughput	3	77544	30117733	154608475	437891323	11955054978	11955054978
keccak1600-avx2-rust	keccak1600-x86_64	runtime	shared	137	latency	3	66712	26403887	135562477	376856435	11981462005	11981462005
keccak1600-avx2-rust	keccak1600-x86_64	fixed	shared	137	throughput	3	77732	30108103	154545525	437476053	12011573248	12011573248
keccak1600-avx2-rust	keccak1600-x86_64	fixed	shared	137	latency	3	76372	30099673	154522077	429974715	12041675921	12041675921
keccak1600-avx2-rust	keccak1600-x86_64	runtime	stack	137	throughput	3	77767	30048124	154263811	415276136	12071727134	12071727134
keccak1600-avx2-rust	keccak1600-x86_64	runtime	stack	137	latency	3	76405	30082713	154436521	408155864	12101812908	12101812908
keccak1600-avx2-rust	keccak1600-x86_64	fixed	stack	137	throughput	3	78335	30115343	154586088	400918887	12131931281	12131931281
keccak1600-avx2-rust	keccak1600-x86_64	fixed	stack	137	latency	3	76677	30098223	154435512	392586595	12162026404	12162026404
keccak1600-avx2-rust	keccak1600-x86_64	runtime	asm	137	throughput	3	77170	31368758	155812443	771546015	12193398356	12193398356
keccak1600-avx2-rust	keccak1600-x86_64	runtime	asm	137	latency	3	75205	30411241	151574871	752050355	12223812659	12223812659
keccak1600-avx2-rust	keccak1600-x86_64	fixed	asm	137	throughput	3	75353	30238472	151108819	750139468	12254054232	12254054232
keccak1600-avx2-rust	keccak1600-x86_64	fixed	asm	137	latency	3	75769	30356162	151562099	754432286	12284409835	12284409835
keccak1600-avx2-rust	keccak1600-x86_64	runtime	stack	137	throughput	4	51990	20536250	103159393	277626937	12304950337	12304950337
keccak1600-avx2-rust	keccak1600-x86_64	runtime	stack	137	latency	4	75679	29954623	152979610	404277569	12334903350	12334903350
keccak1600-avx2-rust	keccak1600-x86_64	fixed	stack	137	throughput	4	78335	30070883	154409914	400918883	12364977554	12364977554
keccak1600-avx2-rust	keccak1600-x86_64	fixed	stack	137	latency	4	77077	30241422	155241780	394634597	12395216907	12395216907
keccak1600-avx2-rust	keccak1600-x86_64	runtime	asm	137	throughput	4	77544	31534468	156319568	775285269	12426754549	12426754549
keccak1600-avx2-rust	keccak1600-x86_64	runtime	asm	137	latency	4	71588	28891538	143978389	715880349	12455649363	12455649363
keccak1600-avx2-rust	keccak1600-x86_64	fixed	asm	137	throughput	4	75889	30409622	151832911	755475346	12486062346	12486062346
keccak1600-avx2-rust	keccak1600-x86_64	fixed	asm	137	latency	4	75176	30154053	150399503	748527788	12516219819	12516219819
keccak1600-avx2-rust	keccak1600-x86_64	runtime	shared	137	throughput	4	75264	29589355	149955134	425016160	12545812463	12545812463
keccak1600-avx2-rust	keccak1600-x86_64	runtime	shared	137	latency	4	75709	30129012	153860081	427680497	12575944556	12575944556
keccak1600-avx2-rust	keccak1600-x86_64	fixed	shared	137	throughput	4	77638	30102473	154408427	436947020	12606045159	12606045159
keccak1600-avx2-rust	keccak1600-x86_64	fixed	shared	137	latency	4	69264	27299104	140149961	389956668	12633347275	12633347275
keccak1600-avx2-rust	keccak1600-x86_64	control	empty	137	throughput	0	2000000	1998372	10258991	30000319	12635348583	12635348583
keccak1600-avx2-rust	keccak1600-x86_64	control	empty	137	latency	0	2000000	2958969	14750110	34000321	12638310440	12638310440
keccak1600-avx2-rust	keccak1600-x86_64	runtime	shared	272	throughput	0	49832	29208157	148621886	419236971	12667517134	12667517134
keccak1600-avx2-rust	keccak1600-x86_64	runtime	shared	272	latency	0	50835	30012544	153865168	427776881	12697532837	12697532837
keccak1600-avx2-rust	keccak1600-x86_64	fixed	shared	272	throughput	0	51779	30109502	154514894	434633286	12727640241	12727640241
keccak1600-avx2-rust	keccak1600-x86_64	fixed	shared	272	latency	0	51268	30090873	154461475	430446486	12757734234	12757734234
keccak1600-avx2-rust	keccak1600-x86_64	runtime	stack	272	throughput	0	47139	27319464	140239218	379940690	12785056909	12785056909
keccak1600-avx2-rust	keccak1600-x86_64	runtime	stack	272	latency	0	51323	30100093	154505746	413766383	12815160123	12815160123
keccak1600-avx2-rust	keccak1600-x86_64	fixed	stack	272	throughput	0	52074	30085633	154447840	415290508	12845248816	12845248816
keccak1600-avx2-rust	keccak1600-x86_64	fixed	stack	272	latency	0	51419	30075463	154391431	410169719	12875327299	12875327299
keccak1600-avx2-rust	keccak1600-x86_64	runtime	asm	272	throughput	0	51990	31244938	155138280	773559566	12906575351	12906575351
keccak1600-avx2-rust	keccak1600-x86_64	runtime	asm	272	latency	0	50713	30320432	151494288	754660509	12936898964	12936898964
keccak1600-avx2-rust	keccak1600-x86_64	fixed	asm	272	throughput	0	50780	30160242	150847313	753423219	12967062337	12967062337
keccak1600-avx2-rust	keccak1600-x86_64	fixed	asm	272	latency	0	50820	30340792	151462481	754118337	12997406460	12997406460
keccak1600-avx2-rust	keccak1600-x86_64	runtime	stack	272	throughput	1	50473	29628865	150019426	406812737	13027038484	13027038484
keccak1600-avx2-rust	keccak1600-x86_64	runtime	stack	272	latency	1	50091	29540425	150796431	403833999	13056582148	13056582148
keccak1600-avx2-rust	keccak1600-x86_64	fixed	stack	272	throughput	1	51877	29975223	153847926	413719435	13086560532	13086560532
keccak1600-avx2-rust	keccak1600-x86_64	fixed	stack	272	latency	1	51364	30039983	154229071	409730980	13116603545	13116603545
keccak1600-avx2-rust	keccak1600-x86_64	runtime	asm	272	throughput	1	52117	31293628	155343957	775449200	13147900287	13147900287
keccak1600-avx2-rust	keccak1600-x86_64	runtime	asm	272	latency	1	50459	30195352	150958315	750880737	13178099110	13178099110
keccak1600-avx2-rust	keccak1600-x86_64	fixed	asm	272	throughput	1	51009	30360642	151463977	756820891	13208462973	13208462973
keccak1600-avx2-rust	keccak1600-x86_64	fixed	asm	272	latency	1	50606	30217982	150683054	750942784	13238684036	13238684036
keccak1600-avx2-rust	keccak1600-x86_64	runtime	shared	272	throughput	1	50539	29793084	150827176	425184963	13268480220	13268480220
keccak1600-avx2-rust	keccak1600-x86_64	runtime	shared	272	latency	1	50579	30024123	153068824	425622644	13298502113	13298502113
keccak1600-avx2-rust	keccak1600-x86_64	fixed	shared	272	throughput	1	51571	30037513	153895085	432887329	13328542926	13328542926
keccak1600-avx2-rust	keccak1600-x86_64	fixed	shared	272	latency	1	51213	30149773	154294207	429984705	13358696099	13358696099
keccak1600-avx2-rust	keccak1600-x86_64	runtime	asm	272	throughput	2	48301	29105557	144152707	718670931	13387804933	13387804933
keccak1600-avx2-rust	keccak1600-x86_64	runtime	asm	272	latency	2	50459	30324982	151135279	750880736	13418133076	13418133076
keccak1600-avx2-rust	keccak1600-x86_64	fixed	asm	272	throughput	2	50753	30440241	151702919	753022618	13448576979	13448576979
keccak1600-avx2-rust	keccak1600-x86_64	fixed	asm	272	latency	2	50566	30217043	150599507	750349226	13478797722	13478797722
keccak1600-avx2-rust	keccak1600-x86_64	runtime	shared	272	throughput	2	50514	29781164	150648292	424974636	13508582176	13508582176
keccak1600-avx2-rust	keccak1600-x86_64	runtime	shared	272	latency	2	50592	30043453	153122219	425732038	13538628759	13538628759
keccak1600-avx2-rust	keccak1600-x86_64	fixed	shared	272	throughput	2	51529	30058763	153700419	432534782	13568690622	13568690622
keccak1600-avx2-rust	keccak1600-x86_64	fixed	shared	272	latency	2	51309	30245312	154671586	430790721	13598938945	13598938945
keccak1600-avx2-rust	keccak1600-x86_64	runtime	stack	272	throughput	2	51668	30079203	153672574	416444437	13629021228	13629021228
keccak1600-avx2-rust	keccak1600-x86_64	runtime	stack	272	latency	2	51268	30163343	154317513	413322977	13659187692	13659187692
keccak1600-avx2-rust	keccak1600-x86_64	fixed	stack	272	throughput	2	52104	30196053	154524714	415529756	13689387005	13689387005
keccak1600-avx2-rust	keccak1600-x86_64	fixed	stack	272	latency	2	51159	30022213	153638300	408095698	13719412508	13719412508
keccak1600-avx2-rust	keccak1600-x86_64	runtime	shared	272	throughput	3	51543	30066533	153692407	433631614	13749482341	13749482341
keccak1600-avx2-rust	keccak1600-x86_64	runtime	shared	272	latency	3	50780	29966213	153605983	427314053	13779451714	13779451714
keccak1600-avx2-rust	keccak1600-x86_64	fixed	shared	272	throughput	3	51807	30133753	154582577	434868313	13809588698	13809588698
keccak1600-avx2-rust	keccak1600-x86_64	fixed	shared	272	latency	3	51254	30110513	154447143	430328938	13839702431	13839702431
keccak1600-avx2-rust	keccak1600-x86_64	runtime	stack	272	throughput	3	51919	30116073	154423112	418467490	13869821644	13869821644
keccak1600-avx2-rust	keccak1600-x86_64	runtime	stack	272	latency	3	51295	30104053	154411016	413540645	13899928917	13899928917
keccak1600-avx2-rust	keccak1600-x86_64	fixed	stack	272	throughput	3	52088	30090993	154489899	415402157	13930023110	13930023110
keccak1600-avx2-rust	keccak1600-x86_64	fixed	stack	272	latency	3	51475	30114043	154586536	410616432	13960140353	13960140353
keccak1600-avx2-rust	keccak1600-x86_64	runtime	asm	272	throughput	3	52032	31303808	155498626	774184484	13991447706	13991447706
keccak1600-avx2-rust	keccak1600-x86_64	runtime	asm	272	latency	3	50699	30403062	151881057	754452177	14021854958	14021854958
keccak1600-avx2-rust	keccak1600-x86_64	fixed	asm	272	throughput	3	50713	30173252	151097305	752429138	14052032352	14052032352
keccak1600-avx2-rust	keccak1600-x86_64	fixed	asm	272	latency	3	50833	30323292	151442238	754311237	14082358775	14082358775
keccak1600-avx2-rust	keccak1600-x86_64	runtime	stack	272	throughput	4	50646	29699804	150625632	408207118	14112062308	14112062308
keccak1600-avx2-rust	keccak1600-x86_64	runtime	stack	272	latency	4	50807	29909424	152951045	409606390	14141969131	14141969131
keccak1600-avx2-rust	keccak1600-x86_64	fixed	stack	272	throughput	4	52088	30093743	154491253	415402157	14172065975	14172065975
keccak1600-avx2-rust	keccak1600-x86_64	fixed	stack	272	latency	4	46490	27167995	139596068	370851083	14199237060	14199237060
keccak1600-avx2-rust	keccak1600-x86_64	runtime	asm	272	throughput	4	52076	31245299	155102782	774839161	14230485443	14230485443
keccak1600-avx2-rust	keccak1600-x86_64	runtime	asm	272	latency	4	50459	30283332	151280318	750880741	14260768096	14260768096
keccak1600-avx2-rust	keccak1600-x86_64	fixed	asm	272	throughput	4	50847	30204322	151297347	754417297	14290975579	14290975579
keccak1600-avx2-rust	keccak1600-x86_64	fixed	asm	272	latency	4	50833	30219792	151361447	754311241	14321199472	14321199472
keccak1600-avx2-rust	keccak1600-x86_64	runtime	shared	272	throughput	4	50486	29656965	150587666	424739073	14350859555	14350859555
keccak1600-avx2-rust	keccak1600-x86_64	runtime	shared	272	latency	4	50473	29904023	152723505	424730655	14380761559	14380761559
keccak1600-avx2-rust	keccak1600-x86_64	fixed	shared	272	throughput	4	51488	29933074	153619757	432190627	14410697732	14410697732
keccak1600-avx2-rust	keccak1600-x86_64	fixed	shared	272	latency	4	51256	30092353	154462237	430345735	14440793135	14440793135
keccak1600-avx2-rust	keccak1600-x86_64	control	empty	272	throughput	0	2000000	2359641	12116557	30000318	14443155673	14443155673
keccak1600-avx2-rust	keccak1600-x86_64	control	empty	272	latency	0	2000000	2927329	14613952	34000321	14446085880	14446085880
keccak1600-avx2-rust	keccak1600-x86_64	runtime	shared	532	throughput	0	37317	29241466	148391177	416308804	14475330434	14475330434
keccak1600-avx2-rust	keccak1600-x86_64	runtime	shared	532	latency	0	38292	30033983	153654063	427262494	14505367468	14505367468
keccak1600-avx2-rust	keccak1600-x86_64	fixed	shared	532	throughput	0	38914	30098443	154534251	433385574	14535468971	14535468971
keccak1600-avx2-rust	keccak1600-x86_64	fixed	shared	532	latency	0	36165	28227410	144763823	402842288	14563690436	14563690436
keccak1600-avx2-rust	keccak1600-x86_64	runtime	stack	532	throughput	0	38976	30099863	154515127	420122662	14593793279	14593793279
keccak1600-avx2-rust	keccak1600-x86_64	runtime	stack	532	latency	0	38561	30055543	154286587	415726499	14623851832	14623851832
keccak1600-avx2-rust	keccak1600-x86_64	fixed	stack	532	throughput	0	39032	30092513	154415745	403669300	14653947425	14653947425
keccak1600-avx2-rust	keccak1600-x86_64	fixed	stack	532	latency	0	38655	30090483	154535468	399847673	14684040978	14684040978
keccak1600-avx2-rust	keccak1600-x86_64	runtime	asm	532	throughput	0	39416	31323518	155894080	778821103	14715361870	14715361870
keccak1600-avx2-rust	keccak1600-x86_64	runtime	asm	532	latency	0	38216	30390222	151865054	755186734	14745755243	14745755243
keccak1600-avx2-rust	keccak1600-x86_64	fixed	asm	532	throughput	0	38315	30447621	152404095	755802046	14776206056	14776206056
keccak1600-avx2-rust	keccak1600-x86_64	fixed	asm	532	latency	0	37521	29805304	149042816	740214641	14806014500	14806014500
keccak1600-avx2-rust	keccak1600-x86_64	runtime	stack	532	throughput	1	38012	29706704	150699664	409731703	14835724333	14835724333
keccak1600-avx2-rust	keccak1600-x86_64	runtime	stack	532	latency	1	38415	30046533	153612324	414152475	14865773896	14865773896
keccak1600-avx2-rust	keccak1600-x86_64	fixed	stack	532	throughput	1	39056	30059883	154529030	403917512	14895836810	14895836810
keccak1600-avx2-rust	keccak1600-x86_64	fixed	stack	532	latency	1	38842	30202532	155226616	401782004	14926042374	14926042374
keccak1600-avx2-rust	keccak1600-x86_64	runtime	asm	532	throughput	1	39151	31274858	155292822	773584966	14957320316	14957320316
keccak1600-avx2-rust	keccak1600-x86_64	runtime	asm	532	latency	1	38208	30281912	151495442	755028650	14987605399	14987605399
keccak1600-avx2-rust	keccak1600-x86_64	fixed	asm	532	throughput	1	38392	30311362	151652592	757320944	15017919822	15017919822
keccak1600-avx2-rust	keccak1600-x86_64	fixed	asm	532	latency	1	38361	30348622	151697959	756786158	15048271515	15048271515
keccak1600-avx2-rust	keccak1600-x86_64	runtime	shared	532	throughput	1	37907	29743755	150705310	422890845	15078018418	15078018418
keccak1600-avx2-rust	keccak1600-x86_64	runtime	shared	532	latency	1	38072	29969243	152914297	424807733	15107990791	15107990791
keccak1600-avx2-rust	keccak1600-x86_64	fixed	shared	532	throughput	1	38748	29971433	153807239	431536833	15137965335	15137965335
keccak1600-avx2-rust	keccak1600-x86_64	fixed	shared	532	latency	1	38585	30091423	154469689	429798669	15168059798	15168059798
keccak1600-avx2-rust	keccak1600-x86_64	runtime	asm	532	throughput	2	36704	29262226	145332988	725234690	15197325102	15197325102
keccak1600-avx2-rust	keccak1600-x86_64	runtime	asm	532	latency	2	38193	30281403	151668792	754732229	15227609535	15227609535
keccak1600-avx2-rust	keccak1600-x86_64	fixed	asm	532	throughput	2	38376	30295072	151706684	757005334	15257907888	15257907888
keccak1600-avx2-rust	keccak1600-x86_64	fixed	asm	532	latency	2	37884	30049913	150197024	747375907	15287956341	15287956341
keccak1600-avx2-rust	keccak1600-x86_64	runtime	shared	532	throughput	2	37929	29712015	150760544	423136276	15317671524	15317671524
keccak1600-avx2-rust	keccak1600-x86_64	runtime	shared	532	latency	2	35814	28116011	143774706	399612962	15345790779	15345790779
keccak1600-avx2-rust	keccak1600-x86_64	fixed	shared	532	throughput	2	38921	30096093	154497322	433463535	15375889853	15375889853
keccak1600-avx2-rust	keccak1600-x86_64	fixed	shared	532	latency	2	38561	30074793	154388597	429531334	15405967746	15405967746
keccak1600-avx2-rust	keccak1600-x86_64	runtime	stack	532	throughput	2	38702	29904254	153477847	417169214	15435875789	15435875789
keccak1600-avx2-rust	keccak1600-x86_64	runtime	stack	532	latency	2	38616	30102753	154543586	416319446	15465982652	15465982652
keccak1600-avx2-rust	keccak1600-x86_64	fixed	stack	532	throughput	2	39033	30092743	154470003	403679642	15496078865	15496078865
keccak1600-avx2-rust	keccak1600-x86_64	fixed	stack	532	latency	2	38678	30118253	154610100	400085585	15526200399	15526200399
keccak1600-avx2-rust	keccak1600-x86_64	runtime	shared	532	throughput	3	36606	28341700	145502586	408376891	15554545194	15554545194
keccak1600-avx2-rust	keccak1600-x86_64	runtime	shared	532	latency	3	38476	30097913	154521414	429315568	15584646137	15584646137
keccak1600-avx2-rust	keccak1600-x86_64	fixed	shared	532	throughput	3	38913	30094973	154489410	433374441	15614744071	15614744071
keccak1600-avx2-rust	keccak1600-x86_64	fixed	shared	532	latency	3	38569	30074403	154386030	429620448	15644821514	15644821514
keccak1600-avx2-rust	keccak1600-x86_64	runtime	stack	532	throughput	3	39001	30124733	154653469	420392138	15674949277	15674949277
keccak1600-avx2-rust	keccak1600-x86_64	runtime	stack	532	latency	3	38608	30093423	154444990	416233208	15705041470	15705041470
keccak1600-avx2-rust	keccak1600-x86_64	fixed	stack	532	throughput	3	39040	30097163	154519827	403752040	15735141633	15735141633
keccak1600-avx2-rust	keccak1600-x86_64	fixed	stack	532	latency	3	38662	30103362	154548967	399920085	15765248086	15765248086
keccak1600-avx2-rust	keccak1600-x86_64	runtime	asm	532	throughput	3	39199	31220909	155302091	774533398	15796472159	15796472159
keccak1600-avx2-rust	keccak1600-x86_64	runtime	asm	532	latency	3	38201	30235202	151380242	754890319	15826710492	15826710492
keccak1600-avx2-rust	keccak1600-x86_64	fixed	asm	532	throughput	3	38155	30130923	150572008	752645890	15856838515	15856838515
keccak1600-avx2-rust	keccak1600-x86_64	fixed	asm	532	latency	3	25373	20039572	100217785	500558878	15876881617	15876881617
keccak1600-avx2-rust	keccak1600-x86_64	runtime	stack	532	throughput	4	38049	29716724	150722996	410130527	15906601470	15906601470
keccak1600-avx2-rust	keccak1600-x86_64	runtime	stack	532	latency	4	38453	30049343	153774980	414562150	15936653874	15936653874
keccak1600-avx2-rust	keccak1600-x86_64	fixed	stack	532	throughput	4	39072	30066763	154680322	404082982	15966723747	15966723747
keccak1600-avx2-rust	keccak1600-x86_64	fixed	stack	532	latency	4	38834	30170862	155235121	401699255	15996897630	15996897630
keccak1600-avx2-rust	keccak1600-x86_64	runtime	asm	532	throughput	4	39247	31286149	155564811	775481831	16028186892	16028186892
keccak1600-avx2-rust	keccak1600-x86_64	runtime	asm	532	latency	4	38141	30365562	152111061	753704653	16058555605	16058555605
keccak1600-avx2-rust	keccak1600-x86_64	fixed	asm	532	throughput	4	38415	30387782	152133973	757774650	16088946508	16088946508
keccak1600-avx2-rust	keccak1600-x86_64	fixed	asm	532	latency	4	38255	30208483	151256443	754694997	16119152361	16119152361
keccak1600-avx2-rust	keccak1600-x86_64	runtime	shared	532	throughput	4	37907	29688824	150698909	422890849	16148844394	16148844394
keccak1600-avx2-rust	keccak1600-x86_64	runtime	shared	532	latency	4	38308	30068453	153801483	427441020	16178915848	16178915848
keccak1600-avx2-rust	keccak1600-x86_64	fixed	shared	532	throughput	4	38921	30076883	154453825	433463534	16208995761	16208995761
keccak1600-avx2-rust	keccak1600-x86_64	fixed	shared	532	latency	4	38740	30223592	155141701	431525218	16239218664	16239218664
keccak1600-avx2-rust	keccak1600-x86_64	control	empty	532	throughput	0	2000000	2346791	12003942	30000321	16241568392	16241568392
keccak1600-avx2-rust	keccak1600-x86_64	control	empty	532	latency	0	2000000	2801249	14002856	34000320	16244372519	16244372519
keccak1600-avx2-rust	keccak1600-x86_64	runtime	shared	1024	throughput	0	18096	28240230	143813894	402672545	16272615874	16272615874
keccak1600-avx2-rust	keccak1600-x86_64	runtime	shared	1024	latency	0	19269	29986344	153794915	428812681	16302605307	16302605307
keccak1600-avx2-rust	keccak1600-x86_64	fixed	shared	1024	throughput	0	19456	30084473	154488297	432565600	16332692860	16332692860
keccak1600-avx2-rust	keccak1600-x86_64	fixed	shared	1024	latency	0	19370	30079253	154444693	430692301	16362775104	16362775104
keccak1600-avx2-rust	keccak1600-x86_64	runtime	stack	1024	throughput	0	19496	30113503	154527938	422498171	16392891648	16392891648
keccak1600-avx2-rust	keccak1600-x86_64	runtime	stack	1024	latency	0	19427	30205332	154635330	421041726	16423092092	16423092092
keccak1600-avx2-rust	keccak1600-x86_64	fixed	stack	1024	throughput	0	19454	30091552	153911077	401783816	16453186895	16453186895
keccak1600-avx2-rust	keccak1600-x86_64	fixed	stack	1024	latency	0	19352	30044723	153657211	399715913	16483234748	16483234748
keccak1600-avx2-rust	keccak1600-x86_64	runtime	asm	1024	throughput	0	19718	31287528	155407448	774819170	16514525480	16514525480
keccak1600-avx2-rust	keccak1600-x86_64	runtime	asm	1024	latency	0	19232	30305272	151801957	755760255	16544834343	16544834343
keccak1600-avx2-rust	keccak1600-x86_64	fixed	asm	1024	throughput	0	19045	29949244	150025332	747726101	16574786816	16574786816
keccak1600-avx2-rust	keccak1600-x86_64	fixed	asm	1024	latency	0	19002	30008904	150295352	746075872	16604798909	16604798909
keccak1600-avx2-rust	keccak1600-x86_64	runtime	stack	1024	throughput	1	19036	29702445	150862377	412529513	16634504733	16634504733
keccak1600-avx2-rust	keccak1600-x86_64	runtime	stack	1024	latency	1	19325	30070773	153805256	418831072	16664578826	16664578826
keccak1600-avx2-rust	keccak1600-x86_64	fixed	stack	1024	throughput	1	18892	29070717	149433790	390176833	16693646340	16693646340
keccak1600-avx2-rust	keccak1600-x86_64	fixed	stack	1024	latency	1	19552	30149623	155273124	403846919	16723799113	16723799113
keccak1600-avx2-rust	keccak1600-x86_64	runtime	asm	1024	throughput	1	19570	31114069	154383857	769003499	16754916535	16754916535
keccak1600-avx2-rust	keccak1600-x86_64	runtime	asm	1024	latency	1	19176	30139293	150967600	753559628	16785059298	16785059298
keccak1600-avx2-rust	keccak1600-x86_64	fixed	asm	1024	throughput	1	18465	29104107	145756029	724954717	16814166752	16814166752
keccak1600-avx2-rust	keccak1600-x86_64	fixed	asm	1024	latency	1	18970	29809124	149305098	744819461	16843979146	16843979146
keccak1600-avx2-rust	keccak1600-x86_64	runtime	shared	1024	throughput	1	18963	29664235	150703807	421965024	16873646609	16873646609
keccak1600-avx2-rust	keccak1600-x86_64	runtime	shared	1024	latency	1	18631	29036777	148714077	414614621	16902686573	16902686573
keccak1600-avx2-rust	keccak1600-x86_64	fixed	shared	1024	throughput	1	19458	30090423	154563175	432610067	16932780176	16932780176
keccak1600-avx2-rust	keccak1600-x86_64	fixed	shared	1024	latency	1	19468	30235203	155279710	432871334	16963018649	16963018649
keccak1600-avx2-rust	keccak1600-x86_64	runtime	asm	1024	throughput	2	19710	31412128	156294280	774504804	16994433891	16994433891
keccak1600-avx2-rust	keccak1600-x86_64	runtime	asm	1024	latency	2	18629	29303266	146793057	732064164	17023740275	17023740275
keccak1600-avx2-rust	keccak1600-x86_64	fixed	asm	1024	throughput	2	19296	30331712	151922639	757580608	17054075108	17054075108
keccak1600-avx2-rust	keccak1600-x86_64	fixed	asm	1024	latency	2	19127	30197972	151257364	750983755	17084276301	17084276301
keccak1600-avx2-rust	keccak1600-x86_64	runtime	shared	1024	throughput	2	18974	29672495	150751487	422209800	17113952224	17113952224
keccak1600-avx2-rust	keccak1600-x86_64	runtime	shared	1024	latency	2	19251	30030653	153713601	428412110	17143986558	17143986558
keccak1600-avx2-rust	keccak1600-x86_64	fixed	shared	1024	throughput	2	19450	30065173	154455948	432432207	17174054931	17174054931
keccak1600-avx2-rust	keccak1600-x86_64	fixed	shared	1024	latency	2	19447	30199183	155143327	432404402	17204257144	17204257144
keccak1600-avx2-rust	keccak1600-x86_64	runtime	stack	1024	throughput	2	19013	29302046	150620621	412031074	17233562298	17233562298
keccak1600-avx2-rust	keccak1600-x86_64	runtime	stack	1024	latency	2	19415	30090703	154495674	420781651	17263651121	17263651121
keccak1600-avx2-rust	keccak1600-x86_64	fixed	stack	1024	throughput	2	19546	30141583	154674390	403683893	17293796034	17293796034
keccak1600-avx2-rust	keccak1600-x86_64	fixed	stack	1024	latency	2	19304	29853954	153295822	398724472	17323653207	17323653207
keccak1600-avx2-rust	keccak1600-x86_64	runtime	shared	1024	throughput	3	19458	30122833	154609636	432979774	17353779150	17353779150
keccak1600-avx2-rust	keccak1600-x86_64	runtime	shared	1024	latency	3	19316	30035104	154207954	429858613	17383817773	17383817773
keccak1600-avx2-rust	keccak1600-x86_64	fixed	shared	1024	throughput	3	19458	30102163	154514410	432610065	17413923007	17413923007
keccak1600-avx2-rust	keccak1600-x86_64	fixed	shared	1024	latency	3	19380	30109873	154554667	430914650	17444036651	17444036651
keccak1600-avx2-rust	keccak1600-x86_64	runtime	stack	1024	throughput	3	19427	29997044	153964635	421002866	17474037345	17474037345
keccak1600-avx2-rust	keccak1600-x86_64	runtime	stack	1024	latency	3	18651	28912378	148439124	404223472	17502953369	17502953369
keccak1600-avx2-rust	keccak1600-x86_64	fixed	stack	1024	throughput	3	18882	29099497	149358285	389970298	17532056253	17532056253
keccak1600-avx2-rust	keccak1600-x86_64	fixed	stack	1024	latency	3	19451	30095173	154484765	401760756	17562154686	17562154686
keccak1600-avx2-rust	keccak1600-x86_64	runtime	asm	1024	throughput	3	19757	31306158	155480238	776351664	17593464098	17593464098
keccak1600-avx2-rust	keccak1600-x86_64	runtime	asm	1024	latency	3	19194	30458821	151815010	754266964	17623926211	17623926211
keccak1600-avx2-rust	keccak1600-x86_64	fixed	asm	1024	throughput	3	17875	28368619	141575922	701790722	17652298286	17652298286
keccak1600-avx2-rust	keccak1600-x86_64	fixed	asm	1024	latency	3	17238	27444793	137337735	676815937	17679746472	17679746472
keccak1600-avx2-rust	keccak1600-x86_64	runtime	stack	1024	throughput	4	19023	29739874	150748715	412247789	17709489645	17709489645
keccak1600-avx2-rust	keccak1600-x86_64	runtime	stack	1024	latency	4	19335	30104743	153902767	419047802	17739597699	17739597699
keccak1600-avx2-rust	keccak1600-x86_64	fixed	stack	1024	throughput	4	19562	30094973	154696059	404014341	17769695863	17769695863
keccak1600-avx2-rust	keccak1600-x86_64	fixed	stack	1024	latency	4	18970	29208407	150658617	391825697	17798907457	17798907457
keccak1600-avx2-rust	keccak1600-x86_64	runtime	asm	1024	throughput	4	19577	30990299	154203899	769278567	17829900900	17829900900
keccak1600-avx2-rust	keccak1600-x86_64	runtime	asm	1024	latency	4	19296	30347953	151992599	758275265	17860252143	17860252143
keccak1600-avx2-rust	keccak1600-x86_64	fixed	asm	1024	throughput	4	19317	30337822	151931562	758405087	17890593246	17890593246
keccak1600-avx2-rust	keccak1600-x86_64	fixed	asm	1024	latency	4	19186	30105213	150787533	753300275	17920701719	17920701719
keccak1600-avx2-rust	keccak1600-x86_64	runtime	shared	1024	throughput	4	18970	29688294	150753509	422120791	17950393242	17950393242
keccak1600-avx2-rust	keccak1600-x86_64	runtime	shared	1024	latency	4	19263	30045363	153791936	428679155	17980441805	17980441805
keccak1600-avx2-rust	keccak1600-x86_64	fixed	shared	1024	throughput	4	19466	30114713	154554754	432787930	18010559779	18010559779
keccak1600-avx2-rust	keccak1600-x86_64	fixed	shared	1024	latency	4	19472	30260283	155306494	432960278	18040823292	18040823292
keccak1600-avx2-rust	keccak1600-x86_64	control	empty	1024	throughput	0	2000000	1954162	10002249	30000318	18042780541	18042780541
keccak1600-avx2-rust	keccak1600-x86_64	control	empty	1024	latency	0	2000000	2395721	12002308	34000319	18045179159	18045179159
keccak1600-avx2-rust	keccak1600-x86_64	runtime	shared	4096	throughput	0	4789	28984487	147438856	411811246	18074159903	18074159903
keccak1600-avx2-rust	keccak1600-x86_64	runtime	shared	4096	latency	0	4986	29979183	153692222	428761456	18104142356	18104142356
keccak1600-avx2-rust	keccak1600-x86_64	fixed	shared	4096	throughput	0	4974	29826854	153095051	427625078	18133972469	18133972469
keccak1600-avx2-rust	keccak1600-x86_64	fixed	shared	4096	latency	0	4792	28765549	147635684	411987764	18162741293	18162741293
keccak1600-avx2-rust	keccak1600-x86_64	runtime	stack	4096	throughput	0	5027	30060683	154277444	423786507	18192805356	18192805356
keccak1600-avx2-rust	keccak1600-x86_64	runtime	stack	4096	latency	0	4983	29836864	153126981	420087182	18222645439	18222645439
keccak1600-avx2-rust	keccak1600-x86_64	fixed	stack	4096	throughput	0	5044	30145963	154537175	403162237	18252764642	18252764642
keccak1600-avx2-rust	keccak1600-x86_64	fixed	stack	4096	latency	0	4987	29818014	152927464	398616246	18282581976	18282581976
keccak1600-avx2-rust	keccak1600-x86_64	runtime	asm	4096	throughput	0	5125	31483328	155942185	777098979	18314069218	18314069218
keccak1600-avx2-rust	keccak1600-x86_64	runtime	asm	4096	latency	0	4959	30237752	151085459	751938479	18344310481	18344310481
keccak1600-avx2-rust	keccak1600-x86_64	fixed	asm	4096	throughput	0	4888	29706545	148407208	740972276	18374020444	18374020444
keccak1600-avx2-rust	keccak1600-x86_64	fixed	asm	4096	latency	0	4974	30222192	151094813	754018961	18404240817	18404240817
keccak1600-avx2-rust	keccak1600-x86_64	runtime	stack	4096	throughput	1	4862	29422655	149219009	409876677	18433667051	18433667051
keccak1600-avx2-rust	keccak1600-x86_64	runtime	stack	4096	latency	1	4955	29793275	152247412	417726667	18463463564	18463463564
keccak1600-avx2-rust	keccak1600-x86_64	fixed	stack	4096	throughput	1	5001	29844774	153195722	399725279	18493311767	18493311767
keccak1600-avx2-rust	keccak1600-x86_64	fixed	stack	4096	latency	1	5039	30103753	154524958	402772661	18523418910	18523418910
keccak1600-avx2-rust	keccak1600-x86_64	runtime	asm	4096	throughput	1	4834	30560191	151688485	732974940	18553982443	18553982443
keccak1600-avx2-rust	keccak1600-x86_64	runtime	asm	4096	latency	1	4926	29877074	149383608	746934659	18583862897	18583862897
keccak1600-avx2-rust	keccak1600-x86_64	fixed	asm	4096	throughput	1	5005	30356272	151704428	758708304	18614222580	18614222580
keccak1600-avx2-rust	keccak1600-x86_64	fixed	asm	4096	latency	1	4683	28338410	141873265	709905691	18642557134	18642557134
keccak1600-avx2-rust	keccak1600-x86_64	runtime	shared	4096	throughput	1	4861	29471465	149601566	418002602	18672031718	18672031718
keccak1600-avx2-rust	keccak1600-x86_64	runtime	shared	4096	latency	1	4942	29766744	152246498	424977761	18701801672	18701801672
keccak1600-avx2-rust	keccak1600-x86_64	fixed	shared	4096	throughput	1	5021	30108673	154548133	431665758	18731913416	18731913416
keccak1600-avx2-rust	keccak1600-x86_64	fixed	shared	4096	latency	1	4970	29835854	153112605	427291128	18761752750	18761752750
keccak1600-avx2-rust	keccak1600-x86_64	runtime	asm	4096	throughput	2	4934	31458818	156436665	748137835	18793214892	18793214892
keccak1600-avx2-rust	keccak1600-x86_64	runtime	asm	4096	latency	2	4999	30340342	151852846	758003718	18823558535	18823558535
keccak1600-avx2-rust	keccak1600-x86_64	fixed	asm	4096	throughput	2	4955	29991093	150230908	751128800	18853552989	18853552989
keccak1600-avx2-rust	keccak1600-x86_64	fixed	asm	4096	latency	2	4998	30308493	151644240	757657171	18883864862	18883864862
keccak1600-avx2-rust	keccak1600-x86_64	runtime	shared	4096	throughput	2	4876	29604125	150078308	419292474	18913472116	18913472116
keccak1600-avx2-rust	keccak1600-x86_64	runtime	shared	4096	latency	2	4990	30053343	153760369	429105425	18943528549	18943528549
keccak1600-avx2-rust	keccak1600-x86_64	fixed	shared	4096	throughput	2	4979	29853244	153231033	428054944	18973384852	18973384852
keccak1600-avx2-rust	keccak1600-x86_64	fixed	shared	4096	latency	2	5013	30084733	154440611	430988019	19003472625	19003472625
keccak1600-avx2-rust	keccak1600-x86_64	runtime	stack	4096	throughput	2	4989	29838874	153097500	420583033	19033314608	19033314608
keccak1600-avx2-rust	keccak1600-x86_64	runtime	stack	4096	latency	2	5005	29963124	153805085	421941873	19063280721	19063280721
keccak1600-avx2-rust	keccak1600-x86_64	fixed	stack	4096	throughput	2	5044	30103753	154502911	403162235	19093387594	19093387594
keccak1600-avx2-rust	keccak1600-x86_64	fixed	stack	4096	latency	2	5038	30095153	154495684	402692733	19123485948	19123485948
keccak1600-avx2-rust	keccak1600-x86_64	runtime	shared	4096	throughput	3	4915	29453296	151259448	422646116	19152942352	19152942352
keccak1600-avx2-rust	keccak1600-x86_64	runtime	shared	4096	latency	3	4962	29795904	152951544	426697619	19182741345	19182741345
keccak1600-avx2-rust	keccak1600-x86_64	fixed	shared	4096	throughput	3	4959	29740685	152624693	426335504	19212480468	19212480468
keccak1600-avx2-rust	keccak1600-x86_64	fixed	shared	4096	latency	3	5017	30161002	154588824	431331918	19242644811	19242644811
keccak1600-avx2-rust	keccak1600-x86_64	runtime	stack	4096	throughput	3	4995	30034713	153300819	421088849	19272672984	19272672984
keccak1600-avx2-rust	keccak1600-x86_64	runtime	stack	4096	latency	3	5029	30109863	154533573	423965170	19302782528	19302782528
keccak1600-avx2-rust	keccak1600-x86_64	fixed	stack	4096	throughput	3	4997	29815714	153071523	399405567	19332601542	19332601542
keccak1600-avx2-rust	keccak1600-x86_64	fixed	stack	4096	latency	3	5041	30119553	154578959	402932529	19362724225	19362724225
keccak1600-avx2-rust	keccak1600-x86_64	runtime	asm	4096	throughput	3	5072	31080169	153771969	769062646	19393807537	19393807537
keccak1600-avx2-rust	keccak1600-x86_64	runtime	asm	4096	latency	3	4835	29689624	147950285	733136237	19423500361	19423500361
keccak1600-avx2-rust	keccak1600-x86_64	fixed	asm	4096	throughput	3	4929	29939084	149299038	747187461	19453442644	19453442644
keccak1600-avx2-rust	keccak1600-x86_64	fixed	asm	4096	latency	3	4979	30338812	151207212	754776919	19483785157	19483785157
keccak1600-avx2-rust	keccak1600-x86_64	runtime	stack	4096	throughput	4	4834	29302206	148354661	407516220	19513090671	19513090671
keccak1600-avx2-rust	keccak1600-x86_64	runtime	stack	4096	latency	4	4936	29724235	151671958	416124900	19542818165	19542818165
keccak1600-avx2-rust	keccak1600-x86_64	fixed	stack	4096	throughput	4	4973	29684635	152337839	397487273	19572505829	19572505829
keccak1600-avx2-rust	keccak1600-x86_64	fixed	stack	4096	latency	4	5040	30107273	154535119	402852597	19602616143	19602616143
keccak1600-avx2-rust	keccak1600-x86_64	runtime	asm	4096	throughput	4	4848	30937199	153971224	735097745	19633556466	19633556466
keccak1600-avx2-rust	keccak1600-x86_64	runtime	asm	4096	latency	4	4959	30271072	151045767	751938482	19663830759	19663830759
keccak1600-avx2-rust	keccak1600-x86_64	fixed	asm	4096	throughput	4	4875	29655995	148285424	739001603	19693490072	19693490072
keccak1600-avx2-rust	keccak1600-x86_64	fixed	asm	4096	latency	4	4998	30345102	151702719	757657171	19723838365	19723838365
keccak1600-avx2-rust	keccak1600-x86_64	runtime	shared	4096	throughput	4	4831	29334346	148700393	415422871	19753175948	19753175948
keccak1600-avx2-rust	keccak1600-x86_64	runtime	shared	4096	latency	4	4921	29670305	151614370	423171905	19782849352	19782849352
keccak1600-avx2-rust	keccak1600-x86_64	fixed	shared	4096	throughput	4	4911	29430255	151089298	422208847	19812282676	19812282676
keccak1600-avx2-rust	keccak1600-x86_64	fixed	shared	4096	latency	4	4966	29806494	153008855	426947240	19842092269	19842092269
keccak1600-avx2-rust	keccak1600-x86_64	control	empty	4096	throughput	0	2000000	2357640	12002804	30000320	19844452787	19844452787
keccak1600-avx2-rust	keccak1600-x86_64	control	empty	4096	latency	0	2000000	2828399	14087235	34000320	19847284234	19847284234
keccak1600-avx2-rust	keccak1600-x86_64	runtime	shared	16384	throughput	0	1253	29544166	150465884	420082386	19876831687	19876831687
keccak1600-avx2-rust	keccak1600-x86_64	runtime	shared	16384	latency	0	1277	29945154	153404399	428131207	19906779930	19906779930
keccak1600-avx2-rust	keccak1600-x86_64	fixed	shared	16384	throughput	0	1283	30037263	154092580	430115844	19936820434	19936820434
keccak1600-avx2-rust	keccak1600-x86_64	fixed	shared	16384	latency	0	1272	29869114	152828909	426430725	19966692877	19966692877
keccak1600-avx2-rust	keccak1600-x86_64	runtime	stack	16384	throughput	0	1283	30025983	153725048	422582064	19996722130	19996722130
keccak1600-avx2-rust	keccak1600-x86_64	runtime	stack	16384	latency	0	1275	29904124	152798397	419949651	20026630194	20026630194
keccak1600-avx2-rust	keccak1600-x86_64	fixed	stack	16384	throughput	0	1283	29914334	153375624	400357937	20056547617	20056547617
keccak1600-avx2-rust	keccak1600-x86_64	fixed	stack	16384	latency	0	1289	30115303	154154019	402232809	20086659440	20086659440
keccak1600-avx2-rust	keccak1600-x86_64	runtime	asm	16384	throughput	0	1312	31440737	155337242	775637702	20118103292	20118103292
keccak1600-avx2-rust	keccak1600-x86_64	runtime	asm	16384	latency	0	1272	30231613	150608633	751992765	20148332305	20148332305
keccak1600-avx2-rust	keccak1600-x86_64	fixed	asm	16384	throughput	0	1270	30138273	150242066	750762120	20178473978	20178473978
keccak1600-avx2-rust	keccak1600-x86_64	fixed	asm	16384	latency	0	1270	30155943	150270121	750764669	20208629471	20208629471
keccak1600-avx2-rust	keccak1600-x86_64	runtime	stack	16384	throughput	1	1245	29437666	149166373	410066001	20238070335	20238070335
keccak1600-avx2-rust	keccak1600-x86_64	runtime	stack	16384	latency	1	1273	29909004	152564677	419290912	20267982789	20267982789
keccak1600-avx2-rust	keccak1600-x86_64	fixed	stack	16384	throughput	1	1280	29845064	153016982	399421792	20297831182	20297831182
keccak1600-avx2-rust	keccak1600-x86_64	fixed	stack	16384	latency	1	1286	29970903	153798782	401296656	20327800305	20327800305
keccak1600-avx2-rust	keccak1600-x86_64	runtime	asm	16384	throughput	1	1233	30860940	152824562	728933925	20358664488	20358664488
keccak1600-avx2-rust	keccak1600-x86_64	runtime	asm	16384	latency	1	1274	30216533	150577319	753175143	20388884131	20388884131
keccak1600-avx2-rust	keccak1600-x86_64	fixed	asm	16384	throughput	1	1223	28979698	144463210	722978023	20417866965	20417866965
keccak1600-avx2-rust	keccak1600-x86_64	fixed	asm	16384	latency	1	1273	30477172	151911960	752538123	20448347338	20448347338
keccak1600-avx2-rust	keccak1600-x86_64	runtime	shared	16384	throughput	1	1240	29372456	148920473	415723993	20477723102	20477723102
keccak1600-avx2-rust	keccak1600-x86_64	runtime	shared	16384	latency	1	1271	29904153	152676807	426119630	20507630266	20507630266
keccak1600-avx2-rust	keccak1600-x86_64	fixed	shared	16384	throughput	1	1269	29683245	152409770	425422451	20537316660	20537316660
keccak1600-avx2-rust	keccak1600-x86_64	fixed	shared	16384	latency	1	1283	30046754	154136881	430118410	20567361123	20567361123
keccak1600-avx2-rust	keccak1600-x86_64	runtime	asm	16384	throughput	2	1300	30913120	153668607	768543459	20598277375	20598277375
keccak1600-avx2-rust	keccak1600-x86_64	runtime	asm	16384	latency	2	1248	29456145	147462337	737804229	20627731088	20627731088
keccak1600-avx2-rust	keccak1600-x86_64	fixed	asm	16384	throughput	2	1220	30027693	150292495	721204576	20657762111	20657762111
keccak1600-avx2-rust	keccak1600-x86_64	fixed	asm	16384	latency	2	1272	29965644	150104716	751946971	20687730925	20687730925
keccak1600-avx2-rust	keccak1600-x86_64	runtime	shared	16384	throughput	2	1252	29622304	150368244	419747131	20717356398	20717356398
keccak1600-avx2-rust	keccak1600-x86_64	runtime	shared	16384	latency	2	1274	29933964	153043593	427125416	20747293411	20747293411
keccak1600-avx2-rust	keccak1600-x86_64	fixed	shared	16384	throughput	2	1279	29923154	153617962	428774870	20777219575	20777219575
keccak1600-avx2-rust	keccak1600-x86_64	fixed	shared	16384	latency	2	1280	29953514	153761156	429112678	20807176109	20807176109
keccak1600-avx2-rust	keccak1600-x86_64	runtime	stack	16384	throughput	2	1286	30010204	154088676	423570178	20837189332	20837189332
keccak1600-avx2-rust	keccak1600-x86_64	runtime	stack	16384	latency	2	1286	30018294	154117508	423572747	20867210645	20867210645
keccak1600-avx2-rust	keccak1600-x86_64	fixed	stack	16384	throughput	2	1289	30022714	154101672	402230226	20897236558	20897236558
keccak1600-avx2-rust	keccak1600-x86_64	fixed	stack	16384	latency	2	1289	30026813	154157146	402232804	20927267091	20927267091
keccak1600-avx2-rust	keccak1600-x86_64	runtime	shared	16384	throughput	3	1280	29979013	153734262	429134435	20957249335	20957249335
keccak1600-avx2-rust	keccak1600-x86_64	runtime	shared	16384	latency	3	1280	29986373	153771595	429136992	20987239338	20987239338
keccak1600-avx2-rust	keccak1600-x86_64	fixed	shared	16384	throughput	3	1280	29969563	153738657	429110116	21017212571	21017212571
keccak1600-avx2-rust	keccak1600-x86_64	fixed	shared	16384	latency	3	1274	29877444	153074386	427101204	21047093195	21047093195
keccak1600-avx2-rust	keccak1600-x86_64	runtime	stack	16384	throughput	3	1287	30049393	154205821	423899545	21077145808	21077145808
keccak1600-avx2-rust	keccak1600-x86_64	runtime	stack	16384	latency	3	1280	29976843	153416729	421596508	21107125841	21107125841
keccak1600-avx2-rust	keccak1600-x86_64	fixed	stack	16384	throughput	3	1289	30020693	154098339	402230226	21137149735	21137149735
keccak1600-avx2-rust	keccak1600-x86_64	fixed	stack	16384	latency	3	1288	30026103	154047327	401920754	21167174898	21167174898
keccak1600-avx2-rust	keccak1600-x86_64	runtime	asm	16384	throughput	3	1209	30105313	148642168	714745435	21197283971	21197283971
keccak1600-avx2-rust	keccak1600-x86_64	runtime	asm	16384	latency	3	1202	29752424	148262410	710609526	21227039705	21227039705
keccak1600-avx2-rust	keccak1600-x86_64	fixed	asm	16384	throughput	3	1234	29237736	145698886	729480687	21256280719	21256280719
keccak1600-avx2-rust	keccak1600-x86_64	fixed	asm	16384	latency	3	1214	29128407	145094767	717660092	21285412383	21285412383
keccak1600-avx2-rust	keccak1600-x86_64	runtime	stack	16384	throughput	4	1248	29511465	149533042	411054113	21314927517	21314927517
keccak1600-avx2-rust	keccak1600-x86_64	runtime	stack	16384	latency	4	1270	29803875	152209372	418302791	21344735220	21344735220
keccak1600-avx2-rust	keccak1600-x86_64	fixed	stack	16384	throughput	4	1283	29883444	153380768	400357938	21374621894	21374621894
keccak1600-avx2-rust	keccak1600-x86_64	fixed	stack	16384	latency	4	1286	29955684	153801973	401296653	21404580937	21404580937
keccak1600-avx2-rust	keccak1600-x86_64	runtime	asm	16384	throughput	4	1302	31082470	153841239	769725831	21435666529	21435666529
keccak1600-avx2-rust	keccak1600-x86_64	runtime	asm	16384	latency	4	1241	29436976	146778498	733665902	21465106763	21465106763
keccak1600-avx2-rust	keccak1600-x86_64	fixed	asm	16384	throughput	4	1279	30523021	152175183	756082484	21495633005	21495633005
keccak1600-avx2-rust	keccak1600-x86_64	fixed	asm	16384	latency	4	1270	30166002	150551407	750764666	21525802138	21525802138
keccak1600-avx2-rust	keccak1600-x86_64	runtime	shared	16384	throughput	4	1241	29373076	149030983	416059252	21555178332	21555178332
keccak1600-avx2-rust	keccak1600-x86_64	runtime	shared	16384	latency	4	1274	29934734	153033456	427125415	21585116126	21585116126
keccak1600-avx2-rust	keccak1600-x86_64	fixed	shared	16384	throughput	4	1280	29946253	153737618	429110116	21615065499	21615065499
keccak1600-avx2-rust	keccak1600-x86_64	fixed	shared	16384	latency	4	1281	30015334	153891289	429447925	21645072422	21645072422
keccak1600-avx2-rust	keccak1600-x86_64	control	empty	16384	throughput	0	2000000	1981052	10165146	30000320	21647056490	21647056490
keccak1600-avx2-rust	keccak1600-x86_64	control	empty	16384	latency	0	2000000	2825999	14029182	34000318	21649885458	21649885458
keccak1600-avx2-rust	keccak1600-x86_64	runtime	shared	131072	throughput	0	159	29819554	152123351	424588070	21679708722	21679708722
keccak1600-avx2-rust	keccak1600-x86_64	runtime	shared	131072	latency	0	160	29810104	153068471	427258751	21709522146	21709522146
keccak1600-avx2-rust	keccak1600-x86_64	fixed	shared	131072	throughput	0	160	29827454	153093227	427255397	21739353819	21739353819
keccak1600-avx2-rust	keccak1600-x86_64	fixed	shared	131072	latency	0	160	29872334	153104569	427255716	21769230482	21769230482
keccak1600-avx2-rust	keccak1600-x86_64	runtime	stack	131072	throughput	0	161	29953534	153708598	422602651	21799188085	21799188085
keccak1600-avx2-rust	keccak1600-x86_64	runtime	stack	131072	latency	0	161	30018103	153715932	422602972	21829210228	21829210228
keccak1600-avx2-rust	keccak1600-x86_64	fixed	stack	131072	throughput	0	161	29893234	153277165	400272438	21859101161	21859101161
keccak1600-avx2-rust	keccak1600-x86_64	fixed	stack	131072	latency	0	161	29898113	153370086	400272754	21889003055	21889003055
keccak1600-avx2-rust	keccak1600-x86_64	runtime	asm	131072	throughput	0	156	29498915	147036173	734510598	21918505709	21918505709
keccak1600-avx2-rust	keccak1600-x86_64	runtime	asm	131072	latency	0	157	30303612	151151453	739219312	21948808742	21948808742
keccak1600-avx2-rust	keccak1600-x86_64	fixed	asm	131072	throughput	0	159	30081123	150055931	748630700	21978893365	21978893365
keccak1600-avx2-rust	keccak1600-x86_64	fixed	asm	131072	latency	0	159	30166263	150395033	748631027	22009063238	22009063238
keccak1600-avx2-rust	keccak1600-x86_64	runtime	stack	131072	throughput	1	158	29676655	150841073	414728076	22038737792	22038737792
keccak1600-avx2-rust	keccak1600-x86_64	runtime	stack	131072	latency	1	160	29845634	152752946	419978119	22068573506	22068573506
keccak1600-avx2-rust	keccak1600-x86_64	fixed	stack	131072	throughput	1	161	29858264	153290939	400272439	22098435369	22098435369
keccak1600-avx2-rust	keccak1600-x86_64	fixed	stack	131072	latency	1	161	29864814	153334798	400272754	22128303642	22128303642
keccak1600-avx2-rust	keccak1600-x86_64	runtime	asm	131072	throughput	1	156	29476635	147033863	734510597	22157777556	22157777556
keccak1600-avx2-rust	keccak1600-x86_64	runtime	asm	131072	latency	1	159	30119403	150229952	748636103	22187900519	22187900519
keccak1600-avx2-rust	keccak1600-x86_64	fixed	asm	131072	throughput	1	159	30047093	149840258	748630708	22217951262	22217951262
keccak1600-avx2-rust	keccak1600-x86_64	fixed	asm	131072	latency	1	158	29840684	148769567	743922651	22247789385	22247789385
keccak1600-avx2-rust	keccak1600-x86_64	runtime	shared	131072	throughput	1	158	29679655	151184010	421917706	22277472678	22277472678
keccak1600-avx2-rust	keccak1600-x86_64	runtime	shared	131072	latency	1	160	29818784	153077021	427258753	22307294942	22307294942
keccak1600-avx2-rust	keccak1600-x86_64	fixed	shared	131072	throughput	1	160	29827784	153105711	427255392	22337126226	22337126226
keccak1600-avx2-rust	keccak1600-x86_64	fixed	shared	131072	latency	1	160	29825924	153108619	427255715	22366955690	22366955690
keccak1600-avx2-rust	keccak1600-x86_64	runtime	asm	131072	throughput	2	152	30019834	150244214	715677000	22396979003	22396979003
keccak1600-avx2-rust	keccak1600-x86_64	runtime	asm	131072	latency	2	158	29904604	149553089	743927704	22426887256	22426887256
keccak1600-avx2-rust	keccak1600-x86_64	fixed	asm	131072	throughput	2	159	30121163	150144274	748630709	22457012209	22457012209
keccak1600-avx2-rust	keccak1600-x86_64	fixed	asm	131072	latency	2	158	29772275	148743226	743922653	22486788072	22486788072
keccak1600-avx2-rust	keccak1600-x86_64	runtime	shared	131072	throughput	2	158	29696014	151169421	421917708	22516487685	22516487685
keccak1600-avx2-rust	keccak1600-x86_64	runtime	shared	131072	latency	2	160	29823904	153081721	427258755	22546314948	22546314948
keccak1600-avx2-rust	keccak1600-x86_64	fixed	shared	131072	throughput	2	161	30004554	154047501	429925738	22576322751	22576322751
keccak1600-avx2-rust	keccak1600-x86_64	fixed	shared	131072	latency	2	160	29833174	153096411	427255715	22606159845	22606159845
keccak1600-avx2-rust	keccak1600-x86_64	runtime	stack	131072	throughput	2	161	29952623	153709934	422602656	22636110359	22636110359
keccak1600-avx2-rust	keccak1600-x86_64	runtime	stack	131072	latency	2	160	29755704	152760236	419978114	22665871083	22665871083
keccak1600-avx2-rust	keccak1600-x86_64	fixed	stack	131072	throughput	2	161	29868014	153304833	400272431	22695743586	22695743586
keccak1600-avx2-rust	keccak1600-x86_64	fixed	stack	131072	latency	2	161	29869774	153268471	400272755	22725617069	22725617069
keccak1600-avx2-rust	keccak1600-x86_64	runtime	shared	131072	throughput	3	160	29848614	153081986	427258435	22755469172	22755469172
keccak1600-avx2-rust	keccak1600-x86_64	runtime	shared	131072	latency	3	160	29824284	153079996	427258750	22785297086	22785297086
keccak1600-avx2-rust	keccak1600-x86_64	fixed	shared	131072	throughput	3	160	29830805	153104030	427255388	22815131550	22815131550
keccak1600-avx2-rust	keccak1600-x86_64	fixed	shared	131072	latency	3	160	29915743	153099792	427255711	22845051453	22845051453
keccak1600-avx2-rust	keccak1600-x86_64	runtime	stack	131072	throughput	3	161	29944374	153710886	422602655	22874999416	22874999416
keccak1600-avx2-rust	keccak1600-x86_64	runtime	stack	131072	latency	3	161	29950924	153719421	422602972	22904953809	22904953809
keccak1600-avx2-rust	keccak1600-x86_64	fixed	stack	131072	throughput	3	161	29858724	153296532	400272437	22934815932	22934815932
keccak1600-avx2-rust	keccak1600-x86_64	fixed	stack	131072	latency	3	161	29939114	153357927	400272757	22964749196	22964749196
keccak1600-avx2-rust	keccak1600-x86_64	runtime	asm	131072	throughput	3	157	29757364	148310635	739218991	22994510360	22994510360
keccak1600-avx2-rust	keccak1600-x86_64	runtime	asm	131072	latency	3	159	30076323	149895344	748636114	23024585813	23024585813
keccak1600-avx2-rust	keccak1600-x86_64	fixed	asm	131072	throughput	3	159	30078673	150031399	748630704	23054668296	23054668296
keccak1600-avx2-rust	keccak1600-x86_64	fixed	asm	131072	latency	3	158	29860265	148857214	743922651	23084532239	23084532239
keccak1600-avx2-rust	keccak1600-x86_64	runtime	stack	131072	throughput	4	159	29795194	151803984	417352935	23114331052	23114331052
keccak1600-avx2-rust	keccak1600-x86_64	runtime	stack	131072	latency	4	160	29758224	152751208	419978116	23144092755	23144092755
keccak1600-avx2-rust	keccak1600-x86_64	fixed	stack	131072	throughput	4	161	29878494	153314943	400272433	23173975849	23173975849
keccak1600-avx2-rust	keccak1600-x86_64	fixed	stack	131072	latency	4	161	29873924	153346448	400272758	23203853793	23203853793
keccak1600-avx2-rust	keccak1600-x86_64	runtime	asm	131072	throughput	4	155	29690575	147994524	729802200	23233548237	23233548237
keccak1600-avx2-rust	keccak1600-x86_64	runtime	asm	131072	latency	4	158	30175893	150713462	743927711	23263723720	23263723720
keccak1600-avx2-rust	keccak1600-x86_64	fixed	asm	131072	throughput	4	154	30109053	150464414	725088871	23293836383	23293836383
keccak1600-avx2-rust	keccak1600-x86_64	fixed	asm	131072	latency	4	159	29967523	149713477	748631028	23323807547	23323807547
keccak1600-avx2-rust	keccak1600-x86_64	runtime	shared	131072	throughput	4	159	29881114	152132360	424588072	23353686741	23353686741
keccak1600-avx2-rust	keccak1600-x86_64	runtime	shared	131072	latency	4	160	29823214	153086478	427258756	23383513705	23383513705
keccak1600-avx2-rust	keccak1600-x86_64	fixed	shared	131072	throughput	4	160	29821434	153090872	427255394	23413338588	23413338588
keccak1600-avx2-rust	keccak1600-x86_64	fixed	shared	131072	latency	4	160	29876874	153095219	427255716	23443218761	23443218761
keccak1600-avx2-rust	keccak1600-x86_64	control	empty	131072	throughput	0	2000000	2348131	12002728	30000320	23445569999	23445569999
keccak1600-avx2-rust	keccak1600-x86_64	control	empty	131072	latency	0	2000000	2781539	14001964	34000320	23448354447	23448354447
