backend	asm_backend	shape	implementation	bytes	mode	repeat	iterations	ns	cycles	instructions	enabled	running
keccak1600-avx2-rust	keccak1600-x86_64	runtime	shared	0	throughput	0	147578	29984525	148835972	423991943	29911074	29911074
keccak1600-avx2-rust	keccak1600-x86_64	runtime	shared	0	latency	0	139839	29992765	149543422	401897639	59845527	59845527
keccak1600-avx2-rust	keccak1600-x86_64	fixed	shared	0	throughput	0	148952	30306205	150687440	425109362	90085900	90085900
keccak1600-avx2-rust	keccak1600-x86_64	fixed	shared	0	latency	0	142538	30052245	149836718	406946338	120101243	120101243
keccak1600-avx2-rust	keccak1600-x86_64	runtime	stack	0	throughput	0	143820	30114165	150345905	375226725	150143986	150143986
keccak1600-avx2-rust	keccak1600-x86_64	runtime	stack	0	latency	0	140969	30073934	150230334	367929439	180155750	180155750
keccak1600-avx2-rust	keccak1600-x86_64	fixed	stack	0	throughput	0	153232	30085315	150012834	385685294	210181744	210181744
keccak1600-avx2-rust	keccak1600-x86_64	fixed	stack	0	latency	0	148721	30133295	150458197	374479823	240252407	240252407
keccak1600-avx2-rust	keccak1600-x86_64	runtime	asm	0	throughput	0	104632	22810318	112577991	530275309	263024727	263024727
keccak1600-avx2-rust	keccak1600-x86_64	runtime	asm	0	latency	0	139737	30526875	150562964	708327205	293494479	293494479
keccak1600-avx2-rust	keccak1600-x86_64	fixed	asm	0	throughput	0	145344	30530664	150180159	730208605	323960762	323960762
keccak1600-avx2-rust	keccak1600-x86_64	fixed	asm	0	latency	0	140659	30404465	149834051	706811831	354329075	354329075
keccak1600-avx2-rust	keccak1600-x86_64	runtime	stack	0	throughput	1	142011	29778665	148391096	370507057	384050439	384050439
keccak1600-avx2-rust	keccak1600-x86_64	runtime	stack	0	latency	1	140969	30142165	150551423	367929450	414133702	414133702
keccak1600-avx2-rust	keccak1600-x86_64	fixed	stack	0	throughput	1	153354	30118054	150282862	385992368	444188715	444188715
keccak1600-avx2-rust	keccak1600-x86_64	fixed	stack	0	latency	1	148837	30153535	150542791	374771921	474285858	474285858
keccak1600-avx2-rust	keccak1600-x86_64	runtime	asm	0	throughput	1	139839	30717135	151326545	708704405	504943101	504943101
keccak1600-avx2-rust	keccak1600-x86_64	runtime	asm	0	latency	1	113341	24815327	122169387	574525868	529721139	529721139
keccak1600-avx2-rust	keccak1600-x86_64	fixed	asm	0	throughput	1	143928	30205415	148715823	723094620	559870282	559870282
keccak1600-avx2-rust	keccak1600-x86_64	fixed	asm	0	latency	1	141384	30525154	150766562	710454948	590339025	590339025
keccak1600-avx2-rust	keccak1600-x86_64	runtime	shared	0	throughput	1	147692	29866125	148968817	424319464	620169568	620169568
keccak1600-avx2-rust	keccak1600-x86_64	runtime	shared	0	latency	1	140556	30086445	150253032	403958295	650198041	650198041
keccak1600-avx2-rust	keccak1600-x86_64	fixed	shared	0	throughput	1	148952	30184795	150798065	425109359	680326544	680326544
keccak1600-avx2-rust	keccak1600-x86_64	fixed	shared	0	latency	1	143390	30183724	150765126	409378799	710451418	710451418
keccak1600-avx2-rust	keccak1600-x86_64	runtime	asm	0	throughput	2	140350	30855975	151954767	711294157	741242640	741242640
keccak1600-avx2-rust	keccak1600-x86_64	runtime	asm	0	latency	2	139737	30464584	149955384	708327212	771649803	771649803
keccak1600-avx2-rust	keccak1600-x86_64	fixed	asm	0	throughput	2	144687	30338935	149305363	726907846	801929926	801929926
keccak1600-avx2-rust	keccak1600-x86_64	fixed	asm	0	latency	2	140350	30243455	149152462	705259101	832132219	832132219
keccak1600-avx2-rust	keccak1600-x86_64	runtime	shared	0	throughput	2	147919	29982234	149149197	424971637	862057162	862057162
keccak1600-avx2-rust	keccak1600-x86_64	runtime	shared	0	latency	2	140556	30049745	150142801	403958299	892049746	892049746
keccak1600-avx2-rust	keccak1600-x86_64	fixed	shared	0	throughput	2	149068	30204245	150886957	425440422	922197499	922197499
keccak1600-avx2-rust	keccak1600-x86_64	fixed	shared	0	latency	2	143283	30144505	150618270	409073323	952283922	952283922
keccak1600-avx2-rust	keccak1600-x86_64	runtime	stack	0	throughput	2	143820	30066534	150260794	375226736	982291665	982291665
keccak1600-avx2-rust	keccak1600-x86_64	runtime	stack	0	latency	2	140865	30049585	150326971	367658007	1012304828	1012304828
keccak1600-avx2-rust	keccak1600-x86_64	fixed	stack	0	throughput	2	153354	30012375	150074282	385992365	1042258872	1042258872
keccak1600-avx2-rust	keccak1600-x86_64	fixed	stack	0	latency	2	148721	30037505	150414053	374479832	1072240435	1072240435
keccak1600-avx2-rust	keccak1600-x86_64	runtime	shared	0	throughput	3	150234	30339984	151559294	431622633	1102514348	1102514348
keccak1600-avx2-rust	keccak1600-x86_64	runtime	shared	0	latency	3	139839	30140785	149577972	401897638	1132550541	1132550541
keccak1600-avx2-rust	keccak1600-x86_64	fixed	shared	0	throughput	3	149068	30255374	150915925	425440430	1162751464	1162751464
keccak1600-avx2-rust	keccak1600-x86_64	fixed	shared	0	latency	3	142538	30138085	149903271	406946345	1192808038	1192808038
keccak1600-avx2-rust	keccak1600-x86_64	runtime	stack	0	throughput	3	143820	30110665	150249637	375226735	1222850951	1222850951
keccak1600-avx2-rust	keccak1600-x86_64	runtime	stack	0	latency	3	142011	30317544	151457785	370649071	1253103784	1253103784
keccak1600-avx2-rust	keccak1600-x86_64	fixed	stack	0	throughput	3	153477	30106005	150216402	386301962	1283141648	1283141648
keccak1600-avx2-rust	keccak1600-x86_64	fixed	stack	0	latency	3	148721	30114495	150423494	374479833	1313191511	1313191511
keccak1600-avx2-rust	keccak1600-x86_64	runtime	asm	0	throughput	3	146788	31349594	154930711	743921943	1344476853	1344476853
keccak1600-avx2-rust	keccak1600-x86_64	runtime	asm	0	latency	3	139130	30142855	149208476	705250326	1374576106	1374576106
keccak1600-avx2-rust	keccak1600-x86_64	fixed	asm	0	throughput	3	145344	30288314	149728462	730208615	1404795999	1404795999
keccak1600-avx2-rust	keccak1600-x86_64	fixed	asm	0	latency	3	141906	30399965	150286197	713078009	1435130832	1435130832
keccak1600-avx2-rust	keccak1600-x86_64	runtime	stack	0	throughput	4	142327	29812564	148715754	371331498	1464876826	1464876826
keccak1600-avx2-rust	keccak1600-x86_64	runtime	stack	0	latency	4	142116	30481905	151885739	370923113	1495274088	1495274088
keccak1600-avx2-rust	keccak1600-x86_64	fixed	stack	0	throughput	4	153110	30020455	149849018	385378219	1525225662	1525225662
keccak1600-avx2-rust	keccak1600-x86_64	fixed	stack	0	latency	4	148837	30111135	150534521	374771920	1555294625	1555294625
keccak1600-avx2-rust	keccak1600-x86_64	runtime	asm	0	throughput	4	140145	30375674	150320090	710255217	1585604798	1585604798
keccak1600-avx2-rust	keccak1600-x86_64	runtime	asm	0	latency	4	139839	30504545	150431664	708844246	1616040782	1616040782
keccak1600-avx2-rust	keccak1600-x86_64	fixed	asm	0	throughput	4	145564	30337314	149932479	731313898	1646308745	1646308745
keccak1600-avx2-rust	keccak1600-x86_64	fixed	asm	0	latency	4	141384	30316725	149880259	710454956	1676551018	1676551018
keccak1600-avx2-rust	keccak1600-x86_64	runtime	shared	0	throughput	4	147919	30041635	149161629	424971639	1706529641	1706529641
keccak1600-avx2-rust	keccak1600-x86_64	runtime	shared	0	latency	4	141280	30234274	151172984	406039072	1736726384	1736726384
keccak1600-avx2-rust	keccak1600-x86_64	fixed	shared	0	throughput	4	148837	30494525	150682211	424781159	1767162407	1767162407
keccak1600-avx2-rust	keccak1600-x86_64	fixed	shared	0	latency	4	141802	29907094	149038787	404845070	1797009560	1797009560
keccak1600-avx2-rust	keccak1600-x86_64	control	empty	0	throughput	0	2000000	2519459	12002243	30000318	1799532108	1799532108
keccak1600-avx2-rust	keccak1600-x86_64	control	empty	0	latency	0	2000000	12927674	64094437	32000343	1812415987	1812415987
keccak1600-avx2-rust	keccak1600-x86_64	runtime	shared	20	throughput	0	147465	29016215	145348434	375298794	1841395732	1841395732
keccak1600-avx2-rust	keccak1600-x86_64	runtime	shared	20	latency	0	145785	30016065	149789678	371606339	1871355195	1871355195
keccak1600-avx2-rust	keccak1600-x86_64	fixed	shared	20	throughput	0	153232	30179064	150707351	387370868	1901475108	1901475108
keccak1600-avx2-rust	keccak1600-x86_64	fixed	shared	20	latency	0	148262	30146995	150607575	375399755	1931560781	1931560781
keccak1600-avx2-rust	keccak1600-x86_64	runtime	stack	20	throughput	0	145015	30161095	151230376	378054471	1961654304	1961654304
keccak1600-avx2-rust	keccak1600-x86_64	runtime	stack	20	latency	0	143390	30266754	151448970	374391660	1991876957	1991876957
keccak1600-avx2-rust	keccak1600-x86_64	fixed	stack	20	throughput	0	152866	30044865	150120240	385987017	2021858242	2021858242
keccak1600-avx2-rust	keccak1600-x86_64	fixed	stack	20	latency	0	149068	30132415	150461182	376993340	2051925055	2051925055
keccak1600-avx2-rust	keccak1600-x86_64	runtime	asm	20	throughput	0	147126	30903664	152822080	745340687	2082750557	2082750557
keccak1600-avx2-rust	keccak1600-x86_64	runtime	asm	20	latency	0	142963	30201614	149353258	724822781	2112886311	2112886311
keccak1600-avx2-rust	keccak1600-x86_64	fixed	asm	20	throughput	0	145564	30266085	149656126	731896162	2143086475	2143086475
keccak1600-avx2-rust	keccak1600-x86_64	fixed	asm	20	latency	0	144796	30370604	150044864	728613845	2173392168	2173392168
keccak1600-avx2-rust	keccak1600-x86_64	runtime	stack	20	throughput	1	142222	30050625	149822068	370773125	2203395711	2203395711
keccak1600-avx2-rust	keccak1600-x86_64	runtime	stack	20	latency	1	142750	30347055	150882912	372720625	2233667414	2233667414
keccak1600-avx2-rust	keccak1600-x86_64	fixed	stack	20	throughput	1	152380	30115884	149645152	384759866	2263712697	2263712697
keccak1600-avx2-rust	keccak1600-x86_64	fixed	stack	20	latency	1	148262	30129855	149671878	374954960	2293770800	2293770800
keccak1600-avx2-rust	keccak1600-x86_64	runtime	asm	20	throughput	1	146453	30829884	151638893	741931266	2324526473	2324526473
keccak1600-avx2-rust	keccak1600-x86_64	runtime	asm	20	latency	1	142011	30368855	148809008	719996140	2354818646	2354818646
keccak1600-avx2-rust	keccak1600-x86_64	fixed	asm	20	throughput	1	88479	19094970	93662263	444872762	2373890379	2373890379
keccak1600-avx2-rust	keccak1600-x86_64	fixed	asm	20	latency	1	142963	30463825	149074656	719390190	2404281962	2404281962
keccak1600-avx2-rust	keccak1600-x86_64	runtime	shared	20	throughput	1	150352	30011874	148298953	382646209	2434226047	2434226047
keccak1600-avx2-rust	keccak1600-x86_64	runtime	shared	20	latency	1	144905	30208175	148869918	369363218	2464376530	2464376530
keccak1600-avx2-rust	keccak1600-x86_64	fixed	shared	20	throughput	1	151658	30290595	149144373	383391796	2494610603	2494610603
keccak1600-avx2-rust	keccak1600-x86_64	fixed	shared	20	latency	1	145015	29826584	147306593	367178350	2524379366	2524379366
keccak1600-avx2-rust	keccak1600-x86_64	runtime	asm	20	throughput	2	144144	30434095	149087253	730233873	2554775469	2554775469
keccak1600-avx2-rust	keccak1600-x86_64	runtime	asm	20	latency	2	142857	30502134	149513204	724285358	2585220652	2585220652
keccak1600-avx2-rust	keccak1600-x86_64	fixed	asm	20	throughput	2	144252	30357895	148675160	725299426	2615520305	2615520305
keccak1600-avx2-rust	keccak1600-x86_64	fixed	asm	20	latency	2	143283	30569804	149849279	721000430	2646021628	2646021628
keccak1600-avx2-rust	keccak1600-x86_64	runtime	shared	20	throughput	2	150117	29907025	148157634	382048133	2675870531	2675870531
keccak1600-avx2-rust	keccak1600-x86_64	runtime	shared	20	latency	2	146901	30358944	150924399	374451020	2706171124	2706171124
keccak1600-avx2-rust	keccak1600-x86_64	fixed	shared	20	throughput	2	152260	30091495	149746690	384913650	2736226957	2736226957
keccak1600-avx2-rust	keccak1600-x86_64	fixed	shared	20	latency	2	147692	30274415	150054544	373956522	2766438160	2766438160
keccak1600-avx2-rust	keccak1600-x86_64	runtime	stack	20	throughput	2	143497	30204244	149642420	374097048	2796578084	2796578084
keccak1600-avx2-rust	keccak1600-x86_64	runtime	stack	20	latency	2	140969	30051395	148877256	368070432	2826554568	2826554568
keccak1600-avx2-rust	keccak1600-x86_64	fixed	stack	20	throughput	2	152988	30257885	150264131	386295071	2856755022	2856755022
keccak1600-avx2-rust	keccak1600-x86_64	fixed	stack	20	latency	2	148491	30148604	149943541	375534099	2886843205	2886843205
keccak1600-avx2-rust	keccak1600-x86_64	runtime	shared	20	throughput	3	152260	30283535	150266650	387502062	2917084128	2917084128
keccak1600-avx2-rust	keccak1600-x86_64	runtime	shared	20	latency	3	145124	30128484	149162625	369921441	2947146921	2947146921
keccak1600-avx2-rust	keccak1600-x86_64	fixed	shared	20	throughput	3	152501	30262575	149971664	385522900	2977353174	2977353174
keccak1600-avx2-rust	keccak1600-x86_64	fixed	shared	20	latency	3	147013	30162284	149323422	372237288	3007453967	3007453967
keccak1600-avx2-rust	keccak1600-x86_64	runtime	stack	20	throughput	3	139130	29340455	145156358	362712277	3036736101	3036736101
keccak1600-avx2-rust	keccak1600-x86_64	runtime	stack	20	latency	3	140453	29872415	148435996	366723151	3066552275	3066552275
keccak1600-avx2-rust	keccak1600-x86_64	fixed	stack	20	throughput	3	153110	30255345	150398685	386603115	3096762108	3096762108
keccak1600-avx2-rust	keccak1600-x86_64	fixed	stack	20	latency	3	148262	30145584	149741124	374954960	3126840151	3126840151
keccak1600-avx2-rust	keccak1600-x86_64	runtime	asm	20	throughput	3	145124	30423885	149696498	735198553	3157198924	3157198924
keccak1600-avx2-rust	keccak1600-x86_64	runtime	asm	20	latency	3	143176	30681664	151006169	725902685	3187819747	3187819747
keccak1600-avx2-rust	keccak1600-x86_64	fixed	asm	20	throughput	3	144905	30370595	149612491	728582702	3218131610	3218131610
keccak1600-avx2-rust	keccak1600-x86_64	fixed	asm	20	latency	3	144578	30478634	150331993	727516866	3248556332	3248556332
keccak1600-avx2-rust	keccak1600-x86_64	runtime	stack	20	throughput	4	142116	29752075	148220864	370496776	3278274206	3278274206
keccak1600-avx2-rust	keccak1600-x86_64	runtime	stack	20	latency	4	142433	30187124	150447950	371892931	3308411379	3308411379
keccak1600-avx2-rust	keccak1600-x86_64	fixed	stack	20	throughput	4	152988	30220775	150216849	386295070	3338575822	3338575822
keccak1600-avx2-rust	keccak1600-x86_64	fixed	stack	20	latency	4	148377	30108075	149765311	375245800	3368631705	3368631705
keccak1600-avx2-rust	keccak1600-x86_64	runtime	asm	20	throughput	4	146788	31030474	151990180	743628381	3399602728	3399602728
keccak1600-avx2-rust	keccak1600-x86_64	runtime	asm	20	latency	4	142750	30466544	149399965	723742874	3430009981	3430009981
keccak1600-avx2-rust	keccak1600-x86_64	fixed	asm	20	throughput	4	143283	30091205	147496223	720427290	3460067604	3460067604
keccak1600-avx2-rust	keccak1600-x86_64	fixed	asm	20	latency	4	143176	30343334	148860964	720462010	3490348127	3490348127
keccak1600-avx2-rust	keccak1600-x86_64	runtime	shared	20	throughput	4	149649	29747615	147602335	380857077	3520043900	3520043900
keccak1600-avx2-rust	keccak1600-x86_64	runtime	shared	20	latency	4	145675	30103435	149740745	371325944	3550095304	3550095304
keccak1600-avx2-rust	keccak1600-x86_64	fixed	shared	20	throughput	4	153354	30228354	150796579	387679281	3580272447	3580272447
keccak1600-avx2-rust	keccak1600-x86_64	fixed	shared	20	latency	4	147692	30162795	149992846	373956511	3610382020	3610382020
keccak1600-avx2-rust	keccak1600-x86_64	control	empty	20	throughput	0	2000000	2014039	10036097	30000318	3612399108	3612399108
keccak1600-avx2-rust	keccak1600-x86_64	control	empty	20	latency	0	2000000	2824868	14002868	38000320	3615226965	3615226965
keccak1600-avx2-rust	keccak1600-x86_64	runtime	shared	32	throughput	0	151181	29926175	148834416	384907197	3645098929	3645098929
keccak1600-avx2-rust	keccak1600-x86_64	runtime	shared	32	latency	0	146453	30276055	150754003	373162619	3675318862	3675318862
keccak1600-avx2-rust	keccak1600-x86_64	fixed	shared	32	throughput	0	123155	24241767	121205016	311213046	3699528890	3699528890
keccak1600-avx2-rust	keccak1600-x86_64	fixed	shared	32	latency	0	147806	30143775	150579668	373801746	3729617743	3729617743
keccak1600-avx2-rust	keccak1600-x86_64	runtime	stack	32	throughput	0	141384	29652575	147482702	368305691	3759213617	3759213617
keccak1600-avx2-rust	keccak1600-x86_64	runtime	stack	32	latency	0	142857	30125754	149924476	372428563	3789296200	3789296200
keccak1600-avx2-rust	keccak1600-x86_64	fixed	stack	32	throughput	0	152019	30013175	149654094	383544308	3819258644	3819258644
keccak1600-avx2-rust	keccak1600-x86_64	fixed	stack	32	latency	0	148952	30219514	150779719	376104167	3849415198	3849415198
keccak1600-avx2-rust	keccak1600-x86_64	runtime	asm	32	throughput	0	144469	30553575	150511589	731591383	3879903840	3879903840
keccak1600-avx2-rust	keccak1600-x86_64	runtime	asm	32	latency	0	144469	30574934	150478046	731880321	3910422283	3910422283
keccak1600-avx2-rust	keccak1600-x86_64	fixed	asm	32	throughput	0	144360	30179085	148589010	725553728	3940549696	3940549696
keccak1600-avx2-rust	keccak1600-x86_64	fixed	asm	32	latency	0	143928	30404174	149723529	723670355	3970901249	3970901249
keccak1600-avx2-rust	keccak1600-x86_64	runtime	stack	32	throughput	1	142327	29755845	148539859	370762207	4000624683	4000624683
keccak1600-avx2-rust	keccak1600-x86_64	runtime	stack	32	latency	1	143712	30249804	150975080	374657553	4030807556	4030807556
keccak1600-avx2-rust	keccak1600-x86_64	fixed	stack	32	throughput	1	152988	30182955	150608242	385989084	4060938719	4060938719
keccak1600-avx2-rust	keccak1600-x86_64	fixed	stack	32	latency	1	147919	30099484	149723166	373495847	4090980372	4090980372
keccak1600-avx2-rust	keccak1600-x86_64	runtime	asm	32	throughput	1	145344	30530975	150154274	736022381	4121451155	4121451155
keccak1600-avx2-rust	keccak1600-x86_64	runtime	asm	32	latency	1	143928	30343814	149344241	729139611	4151741868	4151741868
keccak1600-avx2-rust	keccak1600-x86_64	fixed	asm	32	throughput	1	144687	30314385	149342607	727197226	4182022271	4182022271
keccak1600-avx2-rust	keccak1600-x86_64	fixed	asm	32	latency	1	144036	30299554	149157609	724213372	4212269844	4212269844
keccak1600-avx2-rust	keccak1600-x86_64	runtime	shared	32	throughput	1	150352	29693245	148076654	382796557	4241906968	4241906968
keccak1600-avx2-rust	keccak1600-x86_64	runtime	shared	32	latency	1	146341	30179054	150624252	372877234	4272029571	4272029571
keccak1600-avx2-rust	keccak1600-x86_64	fixed	shared	32	throughput	1	152744	30170525	150443581	385984453	4302143144	4302143144
keccak1600-avx2-rust	keccak1600-x86_64	fixed	shared	32	latency	1	148148	30284154	151125311	374666658	4332385497	4332385497
keccak1600-avx2-rust	keccak1600-x86_64	runtime	asm	32	throughput	2	146676	31890774	157156949	742767627	4364215188	4364215188
keccak1600-avx2-rust	keccak1600-x86_64	runtime	asm	32	latency	2	144796	30639844	150823298	733536905	4394798231	4394798231
keccak1600-avx2-rust	keccak1600-x86_64	fixed	asm	32	throughput	2	144905	32995073	162452401	728292897	4427732032	4427732032
keccak1600-avx2-rust	keccak1600-x86_64	fixed	asm	32	latency	2	140556	30060055	148119068	706715938	4457737655	4457737655
keccak1600-avx2-rust	keccak1600-x86_64	runtime	shared	32	throughput	2	151181	29925415	148945042	384907191	4487611338	4487611338
keccak1600-avx2-rust	keccak1600-x86_64	runtime	shared	32	latency	2	145675	30182104	150154991	371180268	4517733812	4517733812
keccak1600-avx2-rust	keccak1600-x86_64	fixed	shared	32	throughput	2	151898	30066405	149652610	383846614	4547742155	4547742155
keccak1600-avx2-rust	keccak1600-x86_64	fixed	shared	32	latency	2	147239	30186964	150188237	372367802	4577875238	4577875238
keccak1600-avx2-rust	keccak1600-x86_64	runtime	stack	32	throughput	2	144144	30069935	150298642	375495491	4607912711	4607912711
keccak1600-avx2-rust	keccak1600-x86_64	runtime	stack	32	latency	2	143605	30170984	150817445	374378608	4638035114	4638035114
keccak1600-avx2-rust	keccak1600-x86_64	fixed	stack	32	throughput	2	153110	30155775	150730355	386296901	4668141727	4668141727
keccak1600-avx2-rust	keccak1600-x86_64	fixed	stack	32	latency	2	148952	30173285	150743639	376104172	4698256611	4698256611
keccak1600-avx2-rust	keccak1600-x86_64	runtime	shared	32	throughput	3	152501	30174734	150217302	388267916	4728380574	4728380574
keccak1600-avx2-rust	keccak1600-x86_64	runtime	shared	32	latency	3	145785	30163015	150005112	371460555	4758492757	4758492757
keccak1600-avx2-rust	keccak1600-x86_64	fixed	shared	32	throughput	3	152988	30168484	150723176	386601048	4788629290	4788629290
keccak1600-avx2-rust	keccak1600-x86_64	fixed	shared	32	latency	3	147578	30186775	150552681	373225135	4818755373	4818755373
keccak1600-avx2-rust	keccak1600-x86_64	runtime	stack	32	throughput	3	144252	30123094	150535244	375776834	4848826276	4848826276
keccak1600-avx2-rust	keccak1600-x86_64	runtime	stack	32	latency	3	143497	30143995	150419554	374097043	4878913589	4878913589
keccak1600-avx2-rust	keccak1600-x86_64	fixed	stack	32	throughput	3	152260	30067204	149931820	384152342	4908927823	4908927823
keccak1600-avx2-rust	keccak1600-x86_64	fixed	stack	32	latency	3	148837	30211185	150675299	375813788	4939078116	4939078116
keccak1600-avx2-rust	keccak1600-x86_64	runtime	asm	32	throughput	3	145785	30581714	150789584	738255602	4969623769	4969623769
keccak1600-avx2-rust	keccak1600-x86_64	runtime	asm	32	latency	3	144905	30532034	150521408	734089099	5000103271	5000103271
keccak1600-avx2-rust	keccak1600-x86_64	fixed	asm	32	throughput	3	144687	30100065	148865774	727197232	5030152495	5030152495
keccak1600-avx2-rust	keccak1600-x86_64	fixed	asm	32	latency	3	144687	30652344	151393372	727486610	5060753177	5060753177
keccak1600-avx2-rust	keccak1600-x86_64	runtime	stack	32	throughput	4	141488	29608705	147606394	368576609	5090308041	5090308041
keccak1600-avx2-rust	keccak1600-x86_64	runtime	stack	32	latency	4	143497	30159544	150500642	374097053	5120410274	5120410274
keccak1600-avx2-rust	keccak1600-x86_64	fixed	stack	32	throughput	4	143820	28343526	141596396	362858226	5148712179	5148712179
keccak1600-avx2-rust	keccak1600-x86_64	fixed	stack	32	latency	4	148606	30141884	150405176	375230522	5178798852	5178798852
keccak1600-avx2-rust	keccak1600-x86_64	runtime	asm	32	throughput	4	77015	16065002	79517279	390004305	5194826788	5194826788
keccak1600-avx2-rust	keccak1600-x86_64	runtime	asm	32	latency	4	145454	30464664	150119228	736870340	5225250721	5225250721
keccak1600-avx2-rust	keccak1600-x86_64	fixed	asm	32	throughput	4	144036	30288575	149109391	723925303	5255483934	5255483934
keccak1600-avx2-rust	keccak1600-x86_64	fixed	asm	32	latency	4	143820	30524294	150432322	723127329	5285956886	5285956886
keccak1600-avx2-rust	keccak1600-x86_64	runtime	shared	32	throughput	4	151181	29961225	148927053	384907194	5315855610	5315855610
keccak1600-avx2-rust	keccak1600-x86_64	runtime	shared	32	latency	4	113811	23487428	117157844	289990779	5339307509	5339307509
keccak1600-avx2-rust	keccak1600-x86_64	fixed	shared	32	throughput	4	153110	30188724	150826981	386909335	5369441872	5369441872
keccak1600-avx2-rust	keccak1600-x86_64	fixed	shared	32	latency	4	147578	30114825	150348589	373225131	5399499655	5399499655
keccak1600-avx2-rust	keccak1600-x86_64	control	empty	32	throughput	0	2000000	2430009	12117191	30000320	5401932763	5401932763
keccak1600-avx2-rust	keccak1600-x86_64	control	empty	32	latency	0	2000000	2822958	14025744	34000321	5404758710	5404758710
keccak1600-avx2-rust	keccak1600-x86_64	runtime	shared	64	throughput	0	150824	29853965	148994651	384149096	5434557394	5434557394
keccak1600-avx2-rust	keccak1600-x86_64	runtime	shared	64	latency	0	145124	30186904	150794686	369921448	5464686447	5464686447
keccak1600-avx2-rust	keccak1600-x86_64	fixed	shared	64	throughput	0	152866	30099765	150443208	386139884	5494735520	5494735520
keccak1600-avx2-rust	keccak1600-x86_64	fixed	shared	64	latency	0	147013	30176874	150811274	371649233	5524863603	5524863603
keccak1600-avx2-rust	keccak1600-x86_64	runtime	stack	64	throughput	0	143070	30107335	150586509	372697719	5554938747	5554938747
keccak1600-avx2-rust	keccak1600-x86_64	runtime	stack	64	latency	0	141906	30240014	151045889	369949311	5585123050	5585123050
keccak1600-avx2-rust	keccak1600-x86_64	fixed	stack	64	throughput	0	152744	30091855	150335406	385678974	5615163103	5615163103
keccak1600-avx2-rust	keccak1600-x86_64	fixed	stack	64	latency	0	146676	30148834	150518578	370650616	5645248176	5645248176
keccak1600-avx2-rust	keccak1600-x86_64	runtime	asm	64	throughput	0	144252	30471544	150569659	730492495	5675670299	5675670299
keccak1600-avx2-rust	keccak1600-x86_64	runtime	asm	64	latency	0	143605	30656425	151267094	727503294	5706262712	5706262712
keccak1600-avx2-rust	keccak1600-x86_64	fixed	asm	64	throughput	0	144687	30635644	150840257	727341919	5736841025	5736841025
keccak1600-avx2-rust	keccak1600-x86_64	fixed	asm	64	latency	0	141384	30171334	148530232	711020501	5766970568	5766970568
keccak1600-avx2-rust	keccak1600-x86_64	runtime	stack	64	throughput	1	141592	29901615	149061910	368847529	5796816892	5796816892
keccak1600-avx2-rust	keccak1600-x86_64	runtime	stack	64	latency	1	141488	30165985	150682821	368859579	5826924455	5826924455
keccak1600-avx2-rust	keccak1600-x86_64	fixed	stack	64	throughput	1	153110	30177204	150708255	386603117	5857044478	5857044478
keccak1600-avx2-rust	keccak1600-x86_64	fixed	stack	64	latency	1	146007	29990675	149825724	368960055	5886981291	5886981291
keccak1600-avx2-rust	keccak1600-x86_64	runtime	asm	64	throughput	1	144905	30700604	151539262	733799284	5917625014	5917625014
keccak1600-avx2-rust	keccak1600-x86_64	runtime	asm	64	latency	1	140969	30167114	148734990	714149319	5947753337	5947753337
keccak1600-avx2-rust	keccak1600-x86_64	fixed	asm	64	throughput	1	143820	30349725	149574053	722983506	5978044990	5978044990
keccak1600-avx2-rust	keccak1600-x86_64	fixed	asm	64	latency	1	141384	30162324	148765126	711020505	6008150283	6008150283
keccak1600-avx2-rust	keccak1600-x86_64	runtime	shared	64	throughput	1	150588	29803795	148735295	383547995	6037897737	6037897737
keccak1600-avx2-rust	keccak1600-x86_64	runtime	shared	64	latency	1	144905	30152244	150630892	369363211	6067994990	6067994990
keccak1600-avx2-rust	keccak1600-x86_64	fixed	shared	64	throughput	1	152744	30207695	150322511	385831711	6098161903	6098161903
keccak1600-avx2-rust	keccak1600-x86_64	fixed	shared	64	latency	1	146901	30230554	150722211	371366094	6128336976	6128336976
keccak1600-avx2-rust	keccak1600-x86_64	runtime	asm	64	throughput	2	145124	30707754	151569767	734908305	6158988270	6158988270
keccak1600-avx2-rust	keccak1600-x86_64	runtime	asm	64	latency	2	143605	30521525	150454249	727503294	6189453803	6189453803
keccak1600-avx2-rust	keccak1600-x86_64	fixed	asm	64	throughput	2	143928	30330285	149870985	723526426	6219726926	6219726926
keccak1600-avx2-rust	keccak1600-x86_64	fixed	asm	64	latency	2	143605	30434954	150206712	722189920	6250105319	6250105319
keccak1600-avx2-rust	keccak1600-x86_64	runtime	shared	64	throughput	2	150588	29883465	148759453	383548007	6279912852	6279912852
keccak1600-avx2-rust	keccak1600-x86_64	runtime	shared	64	latency	2	144360	30115314	149969940	367974012	6309986095	6309986095
keccak1600-avx2-rust	keccak1600-x86_64	fixed	shared	64	throughput	2	152380	30281934	150030381	384912244	6340207888	6340207888
keccak1600-avx2-rust	keccak1600-x86_64	fixed	shared	64	latency	2	145344	30135665	149190205	367429997	6370259021	6370259021
keccak1600-avx2-rust	keccak1600-x86_64	runtime	stack	64	throughput	2	142750	30347204	150344727	371864110	6400539404	6400539404
keccak1600-avx2-rust	keccak1600-x86_64	runtime	stack	64	latency	2	140350	30179095	149270271	365892820	6430663748	6430663748
keccak1600-avx2-rust	keccak1600-x86_64	fixed	stack	64	throughput	2	152260	30317874	149882355	384456863	6460926381	6460926381
keccak1600-avx2-rust	keccak1600-x86_64	fixed	stack	64	latency	2	146230	30200685	150045785	369523577	6491092594	6491092594
keccak1600-avx2-rust	keccak1600-x86_64	runtime	shared	64	throughput	3	151898	30184404	150106021	386884570	6521224197	6521224197
keccak1600-avx2-rust	keccak1600-x86_64	runtime	shared	64	latency	3	144360	30428394	149969604	367974008	6551596831	6551596831
keccak1600-avx2-rust	keccak1600-x86_64	fixed	shared	64	throughput	3	151300	30014325	148918605	382184171	6581549284	6581549284
keccak1600-avx2-rust	keccak1600-x86_64	fixed	shared	64	latency	3	146230	30254354	150035847	369669807	6611744517	6611744517
keccak1600-avx2-rust	keccak1600-x86_64	runtime	stack	64	throughput	3	142644	30346485	150419475	371587988	6642031560	6642031560
keccak1600-avx2-rust	keccak1600-x86_64	runtime	stack	64	latency	3	140969	30293814	150011093	367506557	6672285153	6672285153
keccak1600-avx2-rust	keccak1600-x86_64	fixed	stack	64	throughput	3	151419	30164094	149116973	382333340	6702385216	6702385216
keccak1600-avx2-rust	keccak1600-x86_64	fixed	stack	64	latency	3	145454	30200705	149268477	367562630	6732518929	6732518929
keccak1600-avx2-rust	keccak1600-x86_64	runtime	asm	64	throughput	3	144469	31056314	152036252	731591383	6763507262	6763507262
keccak1600-avx2-rust	keccak1600-x86_64	runtime	asm	64	latency	3	141176	30555514	149641174	715197987	6794005394	6794005394
keccak1600-avx2-rust	keccak1600-x86_64	fixed	asm	64	throughput	3	142433	30318725	148336840	716011050	6824259767	6824259767
keccak1600-avx2-rust	keccak1600-x86_64	fixed	asm	64	latency	3	143176	30705944	150760454	720032471	6854909020	6854909020
keccak1600-avx2-rust	keccak1600-x86_64	runtime	stack	64	throughput	4	141280	29925604	148619755	368034766	6884801353	6884801353
keccak1600-avx2-rust	keccak1600-x86_64	runtime	stack	64	latency	4	140762	30060345	149770620	366966901	6914808957	6914808957
keccak1600-avx2-rust	keccak1600-x86_64	fixed	stack	64	throughput	4	152866	30530554	150455369	385987016	6945286400	6945286400
keccak1600-avx2-rust	keccak1600-x86_64	fixed	stack	64	latency	4	145454	30064224	149241629	367562631	6975295093	6975295093
keccak1600-avx2-rust	keccak1600-x86_64	runtime	asm	64	throughput	4	144578	30834364	151570627	732143355	7006074165	7006074165
keccak1600-avx2-rust	keccak1600-x86_64	runtime	asm	64	latency	4	141488	30309695	148843023	716778577	7036330528	7036330528
keccak1600-avx2-rust	keccak1600-x86_64	fixed	asm	64	throughput	4	143283	30416774	149479183	720284007	7066689231	7066689231
keccak1600-avx2-rust	keccak1600-x86_64	fixed	asm	64	latency	4	143928	30654034	150841904	723814277	7097304724	7097304724
keccak1600-avx2-rust	keccak1600-x86_64	runtime	shared	64	throughput	4	150000	29850875	148191767	382050362	7127101217	7127101217
keccak1600-avx2-rust	keccak1600-x86_64	runtime	shared	64	latency	4	144252	30154984	149970379	367698715	7157199691	7157199691
keccak1600-avx2-rust	keccak1600-x86_64	fixed	shared	64	throughput	4	152380	30171004	149970996	384912245	7187313464	7187313464
keccak1600-avx2-rust	keccak1600-x86_64	fixed	shared	64	latency	4	146453	30215475	150351118	370233557	7217470717	7217470717
keccak1600-avx2-rust	keccak1600-x86_64	control	empty	64	throughput	0	2000000	2035739	10118719	30000319	7219509855	7219509855
keccak1600-avx2-rust	keccak1600-x86_64	control	empty	64	latency	0	2000000	2432089	12002952	34000320	7221944963	7221944963
keccak1600-avx2-rust	keccak1600-x86_64	runtime	shared	135	throughput	0	149068	30183165	149396428	423949747	7252062436	7252062436
keccak1600-avx2-rust	keccak1600-x86_64	runtime	shared	135	latency	0	144578	30215814	149827135	411469342	7282200959	7282200959
keccak1600-avx2-rust	keccak1600-x86_64	fixed	shared	135	throughput	0	151062	30324875	149880172	426750509	7312447022	7312447022
keccak1600-avx2-rust	keccak1600-x86_64	fixed	shared	135	latency	0	146118	30135524	149968800	413075942	7342548095	7342548095
keccak1600-avx2-rust	keccak1600-x86_64	runtime	stack	135	throughput	0	142116	30133474	149807972	371633696	7372627488	7372627488
keccak1600-avx2-rust	keccak1600-x86_64	runtime	stack	135	latency	0	140350	30190235	150790054	367296303	7402764482	7402764482
keccak1600-avx2-rust	keccak1600-x86_64	fixed	stack	135	throughput	0	152623	30191954	150642825	388731135	7432897256	7432897256
keccak1600-avx2-rust	keccak1600-x86_64	fixed	stack	135	latency	0	146676	30142745	150635431	373877481	7462989969	7462989969
keccak1600-avx2-rust	keccak1600-x86_64	runtime	asm	135	throughput	0	145015	30624524	151424174	735806465	7493564232	7493564232
keccak1600-avx2-rust	keccak1600-x86_64	runtime	asm	135	latency	0	140556	30344414	149736148	713462612	7523857975	7523857975
keccak1600-avx2-rust	keccak1600-x86_64	fixed	asm	135	throughput	0	145344	30274085	149270634	730935332	7554096629	7554096629
keccak1600-avx2-rust	keccak1600-x86_64	fixed	asm	135	latency	0	144036	30441694	150222092	724645465	7584483221	7584483221
keccak1600-avx2-rust	keccak1600-x86_64	runtime	stack	135	throughput	1	141384	29886034	149092310	369719518	7614306815	7614306815
keccak1600-avx2-rust	keccak1600-x86_64	runtime	stack	135	latency	1	140248	30208514	150714703	367029376	7644458418	7644458418
keccak1600-avx2-rust	keccak1600-x86_64	fixed	stack	135	throughput	1	152623	30179895	150683266	388731137	7674579251	7674579251
keccak1600-avx2-rust	keccak1600-x86_64	fixed	stack	135	latency	1	145896	30089774	149844498	371889261	7704610464	7704610464
keccak1600-avx2-rust	keccak1600-x86_64	runtime	asm	135	throughput	1	140969	30038465	148026250	715277056	7734611208	7734611208
keccak1600-avx2-rust	keccak1600-x86_64	runtime	asm	135	latency	1	141072	30673564	150889664	716081826	7765221450	7765221450
keccak1600-avx2-rust	keccak1600-x86_64	fixed	asm	135	throughput	1	145234	30487704	150384911	730382137	7795656443	7795656443
keccak1600-avx2-rust	keccak1600-x86_64	fixed	asm	135	latency	1	143390	30459704	150377721	721395445	7826064616	7826064616
keccak1600-avx2-rust	keccak1600-x86_64	runtime	shared	135	throughput	1	149068	29908595	149001159	423949748	7855917429	7855917429
keccak1600-avx2-rust	keccak1600-x86_64	runtime	shared	135	latency	1	144796	30123194	150060745	412089769	7885989813	7885989813
keccak1600-avx2-rust	keccak1600-x86_64	fixed	shared	135	throughput	1	151898	30202265	150742057	429112201	7916158946	7916158946
keccak1600-avx2-rust	keccak1600-x86_64	fixed	shared	135	latency	1	146453	30080894	150283079	414022986	7946190279	7946190279
keccak1600-avx2-rust	keccak1600-x86_64	runtime	asm	135	throughput	2	145015	30836604	152160324	735806470	7976975451	7976975451
keccak1600-avx2-rust	keccak1600-x86_64	runtime	asm	135	latency	2	141384	30526064	150266743	717665542	8007448104	8007448104
keccak1600-avx2-rust	keccak1600-x86_64	fixed	asm	135	throughput	2	145454	30380095	149509352	731488522	8037776387	8037776387
keccak1600-avx2-rust	keccak1600-x86_64	fixed	asm	135	latency	2	140762	29963824	147591203	708173978	8067686341	8067686341
keccak1600-avx2-rust	keccak1600-x86_64	runtime	shared	135	throughput	2	148148	29753695	148064604	421333264	8097403644	8097403644
keccak1600-avx2-rust	keccak1600-x86_64	runtime	shared	135	latency	2	145564	30220914	150812662	414275500	8127572247	8127572247
keccak1600-avx2-rust	keccak1600-x86_64	fixed	shared	135	throughput	2	151898	30173634	150688760	429112207	8157687900	8157687900
keccak1600-avx2-rust	keccak1600-x86_64	fixed	shared	135	latency	2	146564	30092205	150389020	414336784	8187723154	8187723154
keccak1600-avx2-rust	keccak1600-x86_64	runtime	stack	135	throughput	2	142963	30170044	150755298	373848602	8217836618	8217836618
keccak1600-avx2-rust	keccak1600-x86_64	runtime	stack	135	latency	2	140043	30089664	150323071	366492888	8247867201	8247867201
keccak1600-avx2-rust	keccak1600-x86_64	fixed	stack	135	throughput	2	152744	30142865	150748427	389039327	8277972844	8277972844
keccak1600-avx2-rust	keccak1600-x86_64	fixed	stack	135	latency	2	146788	30171694	150771262	374162966	8308086507	8308086507
keccak1600-avx2-rust	keccak1600-x86_64	runtime	shared	135	throughput	3	150824	30164685	150656753	428943813	8338188230	8338188230
keccak1600-avx2-rust	keccak1600-x86_64	runtime	shared	135	latency	3	145344	30152044	150638380	413649379	8368284304	8368284304
keccak1600-avx2-rust	keccak1600-x86_64	fixed	shared	135	throughput	3	151898	30169034	150761708	429112206	8398396558	8398396558
keccak1600-avx2-rust	keccak1600-x86_64	fixed	shared	135	latency	3	146788	30167545	150704577	414970036	8428505041	8428505041
keccak1600-avx2-rust	keccak1600-x86_64	runtime	stack	135	throughput	3	142750	30108794	150574362	373291602	8458577454	8458577454
keccak1600-avx2-rust	keccak1600-x86_64	runtime	stack	135	latency	3	140350	30162144	150736419	367296304	8488682677	8488682677
keccak1600-avx2-rust	keccak1600-x86_64	fixed	stack	135	throughput	3	152744	30162135	150743834	389039329	8518788810	8518788810
keccak1600-avx2-rust	keccak1600-x86_64	fixed	stack	135	latency	3	146564	30127154	150552024	373591993	8548859603	8548859603
keccak1600-avx2-rust	keccak1600-x86_64	runtime	asm	135	throughput	3	146118	30890524	152769700	741403091	8579694046	8579694046
keccak1600-avx2-rust	keccak1600-x86_64	runtime	asm	135	latency	3	139737	30202044	149167911	709305369	8609836619	8609836619
keccak1600-avx2-rust	keccak1600-x86_64	fixed	asm	135	throughput	3	144036	29918595	147862602	724357400	8639720462	8639720462
keccak1600-avx2-rust	keccak1600-x86_64	fixed	asm	135	latency	3	141488	30270234	149161636	711826484	8669939146	8669939146
keccak1600-avx2-rust	keccak1600-x86_64	runtime	stack	135	throughput	4	141592	30230564	149350105	370263439	8700114870	8700114870
keccak1600-avx2-rust	keccak1600-x86_64	runtime	stack	135	latency	4	140453	30272255	151032468	367565856	8730326103	8730326103
keccak1600-avx2-rust	keccak1600-x86_64	fixed	stack	135	throughput	4	151898	30146404	150003980	386884558	8760419596	8760419596
keccak1600-avx2-rust	keccak1600-x86_64	fixed	stack	135	latency	4	146564	30141315	150556626	373591992	8790503699	8790503699
keccak1600-avx2-rust	keccak1600-x86_64	runtime	asm	135	throughput	4	142011	30347834	149817788	720564159	8820815402	8820815402
keccak1600-avx2-rust	keccak1600-x86_64	runtime	asm	135	latency	4	139029	30181014	148744676	705711559	8850943835	8850943835
keccak1600-avx2-rust	keccak1600-x86_64	fixed	asm	135	throughput	4	144144	30225815	148963078	724900528	8881114608	8881114608
keccak1600-avx2-rust	keccak1600-x86_64	fixed	asm	135	latency	4	143497	30508354	150446166	721933759	8911565921	8911565921
keccak1600-avx2-rust	keccak1600-x86_64	runtime	shared	135	throughput	4	149300	29922824	149256361	424609549	8941437444	8941437444
keccak1600-avx2-rust	keccak1600-x86_64	runtime	shared	135	latency	4	145564	30200114	150902997	414275497	8971585848	8971585848
keccak1600-avx2-rust	keccak1600-x86_64	fixed	shared	135	throughput	4	152139	30183595	150950851	429793023	9001735982	9001735982
keccak1600-avx2-rust	keccak1600-x86_64	fixed	shared	135	latency	4	146676	30206004	150586429	414653409	9031889866	9031889866
keccak1600-avx2-rust	keccak1600-x86_64	control	empty	135	throughput	0	2000000	2842489	14041172	30000321	9034716303	9034716303
keccak1600-avx2-rust	keccak1600-x86_64	control	empty	135	latency	0	2000000	2850508	14129908	34000320	9037569801	9037569801
keccak1600-avx2-rust	keccak1600-x86_64	runtime	shared	136	throughput	0	74824	30001524	149289959	422232188	9067516894	9067516894
keccak1600-avx2-rust	keccak1600-x86_64	runtime	shared	136	latency	0	73761	30149025	150012431	416381196	9097626827	9097626827
keccak1600-avx2-rust	keccak1600-x86_64	fixed	shared	136	throughput	0	75412	30138084	150102696	424117439	9127709420	9127709420
keccak1600-avx2-rust	keccak1600-x86_64	fixed	shared	136	latency	0	74505	30212524	150738461	419165484	9157856903	9157856903
keccak1600-avx2-rust	keccak1600-x86_64	runtime	stack	136	throughput	0	75859	30134255	150575776	404859837	9187933407	9187933407
keccak1600-avx2-rust	keccak1600-x86_64	runtime	stack	136	latency	0	74592	30194354	150752479	398247042	9218060441	9218060441
keccak1600-avx2-rust	keccak1600-x86_64	fixed	stack	136	throughput	0	76494	30219434	150947865	391267164	9248221484	9248221484
keccak1600-avx2-rust	keccak1600-x86_64	fixed	stack	136	latency	0	74912	30142194	150765709	383325063	9278327077	9278327077
keccak1600-avx2-rust	keccak1600-x86_64	runtime	asm	136	throughput	0	75087	30526085	151047137	750494919	9308795910	9308795910
keccak1600-avx2-rust	keccak1600-x86_64	runtime	asm	136	latency	0	74708	30521684	150784560	746856233	9339260052	9339260052
keccak1600-avx2-rust	keccak1600-x86_64	fixed	asm	136	throughput	0	75058	30362594	150079734	747052620	9369571275	9369571275
keccak1600-avx2-rust	keccak1600-x86_64	fixed	asm	136	latency	0	74621	30314664	149741589	742852416	9399828588	9399828588
keccak1600-avx2-rust	keccak1600-x86_64	runtime	stack	136	throughput	1	75117	29862615	149061273	400899784	9429641233	9429641233
keccak1600-avx2-rust	keccak1600-x86_64	runtime	stack	136	latency	1	74563	30159444	150761413	398092217	9459751916	9459751916
keccak1600-avx2-rust	keccak1600-x86_64	fixed	stack	136	throughput	1	76892	30327534	151674884	393302932	9490047029	9490047029
keccak1600-avx2-rust	keccak1600-x86_64	fixed	stack	136	latency	1	74766	30098565	150437474	382577978	9520094332	9520094332
keccak1600-avx2-rust	keccak1600-x86_64	runtime	asm	136	throughput	1	75709	30751723	152221187	756711808	9550795045	9550795045
keccak1600-avx2-rust	keccak1600-x86_64	runtime	asm	136	latency	1	74389	30374125	150257965	743667186	9581116748	9581116748
keccak1600-avx2-rust	keccak1600-x86_64	fixed	asm	136	throughput	1	74795	30245104	149663054	744434989	9611309041	9611309041
keccak1600-avx2-rust	keccak1600-x86_64	fixed	asm	136	latency	1	75087	30559884	151170391	747491435	9641814624	9641814624
keccak1600-avx2-rust	keccak1600-x86_64	runtime	shared	136	throughput	1	74824	29877165	149190598	422232189	9671650417	9671650417
keccak1600-avx2-rust	keccak1600-x86_64	runtime	shared	136	latency	1	74045	30139284	150588917	417984380	9701738080	9701738080
keccak1600-avx2-rust	keccak1600-x86_64	fixed	shared	136	throughput	1	75739	30207794	150704068	425956495	9731890673	9731890673
keccak1600-avx2-rust	keccak1600-x86_64	fixed	shared	136	latency	1	74245	30112705	150187254	417702727	9761953226	9761953226
keccak1600-avx2-rust	keccak1600-x86_64	runtime	asm	136	throughput	2	75117	30468993	150859510	750794768	9792372419	9792372419
keccak1600-avx2-rust	keccak1600-x86_64	runtime	asm	136	latency	2	74332	30362255	150168935	743097357	9822685102	9822685102
keccak1600-avx2-rust	keccak1600-x86_64	fixed	asm	136	throughput	2	75176	30306934	149886995	748227078	9852958885	9852958885
keccak1600-avx2-rust	keccak1600-x86_64	fixed	asm	136	latency	2	74650	30286074	149616782	743141104	9883192898	9883192898
keccak1600-avx2-rust	keccak1600-x86_64	runtime	shared	136	throughput	2	73761	29463345	147039810	416233679	9912604632	9912604632
keccak1600-avx2-rust	keccak1600-x86_64	runtime	shared	136	latency	2	74217	30190624	150925782	418955318	9942744925	9942744925
keccak1600-avx2-rust	keccak1600-x86_64	fixed	shared	136	throughput	2	75799	30167144	150815488	426293932	9972861278	9972861278
keccak1600-avx2-rust	keccak1600-x86_64	fixed	shared	136	latency	2	74505	30138645	150654086	419165486	10002949811	10002949811
keccak1600-avx2-rust	keccak1600-x86_64	runtime	stack	136	throughput	2	75979	30148524	150790631	405500278	10033062295	10033062295
keccak1600-avx2-rust	keccak1600-x86_64	runtime	stack	136	latency	2	74418	30109174	150497391	397318060	10063120788	10063120788
keccak1600-avx2-rust	keccak1600-x86_64	fixed	stack	136	throughput	2	76402	30168104	150763767	390796583	10093232761	10093232761
keccak1600-avx2-rust	keccak1600-x86_64	fixed	stack	136	latency	2	74795	30116865	150515442	382726371	10123293344	10123293344
keccak1600-avx2-rust	keccak1600-x86_64	runtime	shared	136	throughput	3	75679	30203004	150934384	427056957	10153438577	10153438577
keccak1600-avx2-rust	keccak1600-x86_64	runtime	shared	136	latency	3	73761	30020144	150026342	416381199	10183402870	10183402870
keccak1600-avx2-rust	keccak1600-x86_64	fixed	shared	136	throughput	3	75829	30161714	150874639	426462650	10213532504	10213532504
keccak1600-avx2-rust	keccak1600-x86_64	fixed	shared	136	latency	3	74563	30164395	150781959	419491792	10243646827	10243646827
keccak1600-avx2-rust	keccak1600-x86_64	runtime	stack	136	throughput	3	75889	30126014	150603993	405019946	10273723221	10273723221
keccak1600-avx2-rust	keccak1600-x86_64	runtime	stack	136	latency	3	74447	30106354	150500271	397472886	10303779714	10303779714
keccak1600-avx2-rust	keccak1600-x86_64	fixed	stack	136	throughput	3	76402	30161015	150727756	390796588	10333889127	10333889127
keccak1600-avx2-rust	keccak1600-x86_64	fixed	stack	136	latency	3	74941	30164534	150736250	383473452	10364002720	10364002720
keccak1600-avx2-rust	keccak1600-x86_64	runtime	asm	136	throughput	3	75679	30603874	151618462	756411960	10394572613	10394572613
keccak1600-avx2-rust	keccak1600-x86_64	runtime	asm	136	latency	3	74447	30414064	150351024	744247018	10424928686	10424928686
keccak1600-avx2-rust	keccak1600-x86_64	fixed	asm	136	throughput	3	74131	29993284	148238786	737826197	10454853999	10454853999
keccak1600-avx2-rust	keccak1600-x86_64	fixed	asm	136	latency	3	75029	30473245	150709297	746914047	10485259692	10485259692
keccak1600-avx2-rust	keccak1600-x86_64	runtime	stack	136	throughput	4	75205	29898374	149236646	401369441	10515093365	10515093365
keccak1600-avx2-rust	keccak1600-x86_64	runtime	stack	136	latency	4	74534	30162454	150668350	397937385	10545190679	10545190679
keccak1600-avx2-rust	keccak1600-x86_64	fixed	stack	136	throughput	4	76402	30169354	150713533	390796588	10575304832	10575304832
keccak1600-avx2-rust	keccak1600-x86_64	fixed	stack	136	latency	4	74795	30149995	150552662	382726371	10605386545	10605386545
keccak1600-avx2-rust	keccak1600-x86_64	runtime	asm	136	throughput	4	75205	30583584	151065561	751674330	10635900518	10635900518
keccak1600-avx2-rust	keccak1600-x86_64	runtime	asm	136	latency	4	74074	30298554	149242892	740518131	10666131101	10666131101
keccak1600-avx2-rust	keccak1600-x86_64	fixed	asm	136	throughput	4	74941	30415984	150079840	745888123	10696471146	10696471146
keccak1600-avx2-rust	keccak1600-x86_64	fixed	asm	136	latency	4	74708	30376104	149685638	743718492	10726775899	10726775899
keccak1600-avx2-rust	keccak1600-x86_64	runtime	shared	136	throughput	4	74824	29980115	149223962	422232185	10756709913	10756709913
keccak1600-avx2-rust	keccak1600-x86_64	runtime	shared	136	latency	4	73647	29978964	149758482	415737670	10786622606	10786622606
keccak1600-avx2-rust	keccak1600-x86_64	fixed	shared	136	throughput	4	75799	30182704	150767525	426293930	10816737519	10816737519
keccak1600-avx2-rust	keccak1600-x86_64	fixed	shared	136	latency	4	74563	30175804	150765694	419491796	10846849222	10846849222
keccak1600-avx2-rust	keccak1600-x86_64	control	empty	136	throughput	0	2000000	2418179	12099812	30000321	10849270700	10849270700
keccak1600-avx2-rust	keccak1600-x86_64	control	empty	136	latency	0	2000000	2811279	14003552	34000321	10852084908	10852084908
keccak1600-avx2-rust	keccak1600-x86_64	runtime	shared	137	throughput	0	75235	29966734	149618180	424852399	10881985381	10881985381
keccak1600-avx2-rust	keccak1600-x86_64	runtime	shared	137	latency	0	74074	30180024	150784353	418444384	10912101134	10912101134
keccak1600-avx2-rust	keccak1600-x86_64	fixed	shared	137	throughput	0	75739	30178254	150752230	426259449	10942214337	10942214337
keccak1600-avx2-rust	keccak1600-x86_64	fixed	shared	137	latency	0	74505	30156015	150658316	419463509	10972306250	10972306250
keccak1600-avx2-rust	keccak1600-x86_64	runtime	stack	137	throughput	0	75919	30142314	150590733	405407815	11002384584	11002384584
keccak1600-avx2-rust	keccak1600-x86_64	runtime	stack	137	latency	0	74592	30160144	150753094	398470818	11032500127	11032500127
keccak1600-avx2-rust	keccak1600-x86_64	fixed	stack	137	throughput	0	76372	30192664	150691092	390872254	11062625810	11062625810
keccak1600-avx2-rust	keccak1600-x86_64	fixed	stack	137	latency	0	74737	30248974	150628814	382653794	11092809913	11092809913
keccak1600-avx2-rust	keccak1600-x86_64	runtime	asm	137	throughput	0	75590	30697874	151264535	755749180	11123447366	11123447366
keccak1600-avx2-rust	keccak1600-x86_64	runtime	asm	137	latency	0	74303	30479894	149973936	743030358	11153860879	11153860879
keccak1600-avx2-rust	keccak1600-x86_64	fixed	asm	137	throughput	0	74824	30345795	149377085	744873276	11184146232	11184146232
keccak1600-avx2-rust	keccak1600-x86_64	fixed	asm	137	latency	0	74708	30446574	150045961	743867910	11214531585	11214531585
keccak1600-avx2-rust	keccak1600-x86_64	runtime	stack	137	throughput	1	75235	29913704	149293312	401755256	11244405259	11244405259
keccak1600-avx2-rust	keccak1600-x86_64	runtime	stack	137	latency	1	74418	30112534	150390398	397541310	11274444852	11274444852
keccak1600-avx2-rust	keccak1600-x86_64	fixed	stack	137	throughput	1	76372	30165974	150693836	390872253	11304546045	11304546045
keccak1600-avx2-rust	keccak1600-x86_64	fixed	stack	137	latency	1	74679	30136645	150465707	382356839	11334608948	11334608948
keccak1600-avx2-rust	keccak1600-x86_64	runtime	asm	137	throughput	1	75650	30692264	151714853	756349055	11365235811	11365235811
keccak1600-avx2-rust	keccak1600-x86_64	runtime	asm	137	latency	1	67226	27422285	135437802	672260346	11392615366	11392615366
keccak1600-avx2-rust	keccak1600-x86_64	fixed	asm	137	throughput	1	74679	30292554	149404937	743429801	11422843549	11422843549
keccak1600-avx2-rust	keccak1600-x86_64	fixed	asm	137	latency	1	74912	30532784	150607124	745899144	11453302562	11453302562
keccak1600-avx2-rust	keccak1600-x86_64	runtime	shared	137	throughput	1	74621	29764015	148452522	421385140	11483000506	11483000506
keccak1600-avx2-rust	keccak1600-x86_64	runtime	shared	137	latency	1	74045	30160404	150673659	418280561	11513093260	11513093260
keccak1600-avx2-rust	keccak1600-x86_64	fixed	shared	137	throughput	1	75679	30120494	150607257	425921767	11543169713	11543169713
keccak1600-avx2-rust	keccak1600-x86_64	fixed	shared	137	latency	1	74563	30175164	150758562	419790046	11573280186	11573280186
keccak1600-avx2-rust	keccak1600-x86_64	runtime	asm	137	throughput	2	75620	31474564	155431278	756049114	11604680808	11604680808
keccak1600-avx2-rust	keccak1600-x86_64	runtime	asm	137	latency	2	73874	30201144	149187863	738740352	11634804321	11634804321
keccak1600-avx2-rust	keccak1600-x86_64	fixed	asm	137	throughput	2	75442	30662594	151513233	751025466	11665395404	11665395404
keccak1600-avx2-rust	keccak1600-x86_64	fixed	asm	137	latency	2	75029	30355614	150088519	747064108	11695681027	11695681027
keccak1600-avx2-rust	keccak1600-x86_64	runtime	shared	137	throughput	2	74882	29916365	148909225	422859012	11725530340	11725530340
keccak1600-avx2-rust	keccak1600-x86_64	runtime	shared	137	latency	2	73676	30127614	150000768	416196071	11755611603	11755611603
keccak1600-avx2-rust	keccak1600-x86_64	fixed	shared	137	throughput	2	75769	30210724	150852871	426428289	11785748446	11785748446
keccak1600-avx2-rust	keccak1600-x86_64	fixed	shared	137	latency	2	67486	27328516	136461925	379946529	11813011322	11813011322
keccak1600-avx2-rust	keccak1600-x86_64	runtime	stack	137	throughput	2	75919	30157754	150611888	405407812	11843097205	11843097205
keccak1600-avx2-rust	keccak1600-x86_64	runtime	stack	137	latency	2	74592	30175764	150747367	398470819	11873207448	11873207448
keccak1600-avx2-rust	keccak1600-x86_64	fixed	stack	137	throughput	2	75829	29955034	149733184	388093172	11903122102	11903122102
keccak1600-avx2-rust	keccak1600-x86_64	fixed	stack	137	latency	2	74853	30199574	150840015	383247712	11933256175	11933256175
keccak1600-avx2-rust	keccak1600-x86_64	runtime	shared	137	throughput	3	75769	30195865	150796254	427867897	11963386078	11963386078
keccak1600-avx2-rust	keccak1600-x86_64	runtime	shared	137	latency	3	74131	30209314	150937530	418766376	11993529421	11993529421
keccak1600-avx2-rust	keccak1600-x86_64	fixed	shared	137	throughput	3	75859	30235234	151029990	426934803	12023703964	12023703964
keccak1600-avx2-rust	keccak1600-x86_64	fixed	shared	137	latency	3	74563	30172484	150778265	419790049	12053818677	12053818677
keccak1600-avx2-rust	keccak1600-x86_64	runtime	stack	137	throughput	3	75829	30107974	150560552	404927206	12083890410	12083890410
keccak1600-avx2-rust	keccak1600-x86_64	runtime	stack	137	latency	3	74592	30170685	150759887	398470819	12114003543	12114003543
keccak1600-avx2-rust	keccak1600-x86_64	fixed	stack	137	throughput	3	76372	30299735	150736683	390872250	12144233456	12144233456
keccak1600-avx2-rust	keccak1600-x86_64	fixed	stack	137	latency	3	73903	29839354	148924360	378383716	12174015670	12174015670
keccak1600-avx2-rust	keccak1600-x86_64	runtime	asm	137	throughput	3	75679	30799504	152036115	756638997	12204758432	12204758432
keccak1600-avx2-rust	keccak1600-x86_64	runtime	asm	137	latency	3	73338	30397614	149708542	733380355	12235057455	12235057455
keccak1600-avx2-rust	keccak1600-x86_64	fixed	asm	137	throughput	3	64085	26208046	129012971	637966523	12261210172	12261210172
keccak1600-avx2-rust	keccak1600-x86_64	fixed	asm	137	latency	3	71428	29159515	143477990	711208948	12290304106	12290304106
keccak1600-avx2-rust	keccak1600-x86_64	runtime	stack	137	throughput	4	74824	29851054	148547104	399560506	12320095589	12320095589
keccak1600-avx2-rust	keccak1600-x86_64	runtime	stack	137	latency	4	74621	30249214	150772582	398625730	12350307372	12350307372
keccak1600-avx2-rust	keccak1600-x86_64	fixed	stack	137	throughput	4	76433	30280804	150854385	391184442	12380533625	12380533625
keccak1600-avx2-rust	keccak1600-x86_64	fixed	stack	137	latency	4	74795	30219614	150716457	382950757	12410698139	12410698139
keccak1600-avx2-rust	keccak1600-x86_64	runtime	asm	137	throughput	4	75323	30675024	151249296	753079701	12441317101	12441317101
keccak1600-avx2-rust	keccak1600-x86_64	runtime	asm	137	latency	4	74389	30601624	150719200	743890354	12471862584	12471862584
keccak1600-avx2-rust	keccak1600-x86_64	fixed	asm	137	throughput	4	75087	30590494	150677403	747491438	12502393807	12502393807
keccak1600-avx2-rust	keccak1600-x86_64	fixed	asm	137	latency	4	74102	30276054	148987043	737833958	12532601950	12532601950
keccak1600-avx2-rust	keccak1600-x86_64	runtime	shared	137	throughput	4	74534	29737795	148284987	420893846	12562297093	12562297093
keccak1600-avx2-rust	keccak1600-x86_64	runtime	shared	137	latency	4	74016	30166504	150650871	418116739	12592393756	12592393756
keccak1600-avx2-rust	keccak1600-x86_64	fixed	shared	137	throughput	4	75650	30157214	150628590	425758552	12622484100	12622484100
keccak1600-avx2-rust	keccak1600-x86_64	fixed	shared	137	latency	4	74563	30188054	150778170	419790045	12652602403	12652602403
keccak1600-avx2-rust	keccak1600-x86_64	control	empty	137	throughput	0	2000000	2399309	12004637	30000322	12655004661	12655004661
keccak1600-avx2-rust	keccak1600-x86_64	control	empty	137	latency	0	2000000	3226218	16072746	34000321	12658233778	12658233778
keccak1600-avx2-rust	keccak1600-x86_64	runtime	shared	272	throughput	0	50196	30058544	149929397	422299304	12688227931	12688227931
keccak1600-avx2-rust	keccak1600-x86_64	runtime	shared	272	latency	0	49883	30208795	150929154	419765801	12718371224	12718371224
keccak1600-avx2-rust	keccak1600-x86_64	fixed	shared	272	throughput	0	50592	30271764	150760964	424669602	12748578108	12748578108
keccak1600-avx2-rust	keccak1600-x86_64	fixed	shared	272	latency	0	50026	30185094	150794687	420018657	12778700621	12778700621
keccak1600-avx2-rust	keccak1600-x86_64	runtime	stack	272	throughput	0	50646	30170224	150714600	408207117	12808811164	12808811164
keccak1600-avx2-rust	keccak1600-x86_64	runtime	stack	272	latency	0	50091	30132114	150653963	403833998	12838904297	12838904297
keccak1600-avx2-rust	keccak1600-x86_64	fixed	stack	272	throughput	0	50860	30177954	150776070	405608860	12869019740	12869019740
keccak1600-avx2-rust	keccak1600-x86_64	fixed	stack	272	latency	0	50248	30238134	151034212	400828649	12899197084	12899197084
keccak1600-avx2-rust	keccak1600-x86_64	runtime	asm	272	throughput	0	50874	30614104	151549707	756954605	12929751567	12929751567
keccak1600-avx2-rust	keccak1600-x86_64	runtime	asm	272	latency	0	50261	30379894	150128909	747934297	12960072510	12960072510
keccak1600-avx2-rust	keccak1600-x86_64	fixed	asm	272	throughput	0	50288	30229004	149514355	746123418	12990241943	12990241943
keccak1600-avx2-rust	keccak1600-x86_64	fixed	asm	272	latency	0	50380	30350654	150126314	747589175	13020554616	13020554616
keccak1600-avx2-rust	keccak1600-x86_64	runtime	stack	272	throughput	1	50143	29930295	149194550	404152947	13050412870	13050412870
keccak1600-avx2-rust	keccak1600-x86_64	runtime	stack	272	latency	1	50091	30260514	150676921	403834000	13080605224	13080605224
keccak1600-avx2-rust	keccak1600-x86_64	fixed	stack	272	throughput	1	50847	30281054	150734191	405505185	13110824997	13110824997
keccak1600-avx2-rust	keccak1600-x86_64	fixed	stack	272	latency	1	50235	30319174	150989974	400724949	13141079961	13141079961
keccak1600-avx2-rust	keccak1600-x86_64	runtime	asm	272	throughput	1	50753	30699034	151854940	755154244	13171718983	13171718983
keccak1600-avx2-rust	keccak1600-x86_64	runtime	asm	272	latency	1	50248	30277324	149709396	747740846	13201935946	13201935946
keccak1600-avx2-rust	keccak1600-x86_64	fixed	asm	272	throughput	1	50499	30446764	150590481	749254022	13232340229	13232340229
keccak1600-avx2-rust	keccak1600-x86_64	fixed	asm	272	latency	1	50367	30473964	150156415	747396270	13262753792	13262753792
keccak1600-avx2-rust	keccak1600-x86_64	runtime	shared	272	throughput	1	49689	29851804	148405344	418033912	13292535135	13292535135
keccak1600-avx2-rust	keccak1600-x86_64	runtime	shared	272	latency	1	49818	30277094	150737374	419218825	13322751258	13322751258
keccak1600-avx2-rust	keccak1600-x86_64	fixed	shared	272	throughput	1	50354	30160904	150071118	422671826	13352853621	13352853621
keccak1600-avx2-rust	keccak1600-x86_64	fixed	shared	272	latency	1	50013	30204334	150699053	419909504	13382997405	13382997405
keccak1600-avx2-rust	keccak1600-x86_64	runtime	asm	272	throughput	2	50874	30743334	151834033	756954602	13413699857	13413699857
keccak1600-avx2-rust	keccak1600-x86_64	runtime	asm	272	latency	2	50288	30515724	150311018	748336091	13444148690	13444148690
keccak1600-avx2-rust	keccak1600-x86_64	fixed	asm	272	throughput	2	50091	30380634	149552263	743200523	13474469153	13474469153
keccak1600-avx2-rust	keccak1600-x86_64	fixed	asm	272	latency	2	50130	30292914	149153821	743879423	13504699246	13504699246
keccak1600-avx2-rust	keccak1600-x86_64	runtime	shared	272	throughput	2	49740	29860204	148452262	418462980	13534498539	13534498539
keccak1600-avx2-rust	keccak1600-x86_64	runtime	shared	272	latency	2	49612	30143324	150092670	417485339	13564581342	13564581342
keccak1600-avx2-rust	keccak1600-x86_64	fixed	shared	272	throughput	2	50592	30143164	150737678	424669605	13594686366	13594686366
keccak1600-avx2-rust	keccak1600-x86_64	fixed	shared	272	latency	2	30759	18550911	92742134	258252900	13613214809	13613214809
keccak1600-avx2-rust	keccak1600-x86_64	runtime	stack	272	throughput	2	50646	30170124	150701391	408207113	13643324762	13643324762
keccak1600-avx2-rust	keccak1600-x86_64	runtime	stack	272	latency	2	49973	30083214	150246373	402882684	13673342835	13673342835
keccak1600-avx2-rust	keccak1600-x86_64	fixed	stack	272	throughput	2	50860	30174904	150775672	405608859	13703457668	13703457668
keccak1600-avx2-rust	keccak1600-x86_64	fixed	stack	272	latency	2	50143	30246274	150697274	399991068	13733644691	13733644691
keccak1600-avx2-rust	keccak1600-x86_64	runtime	shared	272	throughput	3	50209	30024174	149896129	422408670	13763621985	13763621985
keccak1600-avx2-rust	keccak1600-x86_64	runtime	shared	272	latency	3	49818	30165284	150723276	419218828	13793724888	13793724888
keccak1600-avx2-rust	keccak1600-x86_64	fixed	shared	272	throughput	3	50552	30151035	150647296	424333844	13823812561	13823812561
keccak1600-avx2-rust	keccak1600-x86_64	fixed	shared	272	latency	3	50052	30193004	150873020	420236952	13853946004	13853946004
keccak1600-avx2-rust	keccak1600-x86_64	runtime	stack	272	throughput	3	50659	30172784	150749626	408311901	13884060007	13884060007
keccak1600-avx2-rust	keccak1600-x86_64	runtime	stack	272	latency	3	50143	30163784	150750393	404253220	13914165510	13914165510
keccak1600-avx2-rust	keccak1600-x86_64	fixed	stack	272	throughput	3	50874	30162764	150807737	405720510	13944287513	13944287513
keccak1600-avx2-rust	keccak1600-x86_64	fixed	stack	272	latency	3	50248	30216374	151003184	400828650	13974446557	13974446557
keccak1600-avx2-rust	keccak1600-x86_64	runtime	asm	272	throughput	3	50914	30674414	151871575	757549763	14005062540	14005062540
keccak1600-avx2-rust	keccak1600-x86_64	runtime	asm	272	latency	3	50261	30326374	150039977	747934297	14035330223	14035330223
keccak1600-avx2-rust	keccak1600-x86_64	fixed	asm	272	throughput	3	50117	30328805	149647920	743586296	14065582646	14065582646
keccak1600-avx2-rust	keccak1600-x86_64	fixed	asm	272	latency	3	50354	30337134	149855253	747203363	14095855749	14095855749
keccak1600-avx2-rust	keccak1600-x86_64	runtime	stack	272	throughput	4	50169	29898264	149319613	404362498	14125712892	14125712892
keccak1600-avx2-rust	keccak1600-x86_64	runtime	stack	272	latency	4	50052	30119394	150451140	403519581	14155765466	14155765466
keccak1600-avx2-rust	keccak1600-x86_64	fixed	stack	272	throughput	4	50860	30185484	150770485	405608861	14185881729	14185881729
keccak1600-avx2-rust	keccak1600-x86_64	fixed	stack	272	latency	4	50196	30202824	150869804	400413845	14216018712	14216018712
keccak1600-avx2-rust	keccak1600-x86_64	runtime	asm	272	throughput	4	50632	30622744	151502743	753353883	14246576685	14246576685
keccak1600-avx2-rust	keccak1600-x86_64	runtime	asm	272	latency	4	50301	30399644	150124062	748529531	14276909348	14276909348
keccak1600-avx2-rust	keccak1600-x86_64	fixed	asm	272	throughput	4	50420	30390914	149947161	748081900	14307233161	14307233161
keccak1600-avx2-rust	keccak1600-x86_64	fixed	asm	272	latency	4	50104	30152504	149157797	743493608	14337343634	14337343634
keccak1600-avx2-rust	keccak1600-x86_64	runtime	shared	272	throughput	4	50013	29929854	149337934	420759718	14367211158	14367211158
keccak1600-avx2-rust	keccak1600-x86_64	runtime	shared	272	latency	4	49831	30177914	150764098	419328227	14397324572	14397324572
keccak1600-avx2-rust	keccak1600-x86_64	fixed	shared	272	throughput	4	50592	30193774	150805854	424669607	14427454575	14427454575
keccak1600-avx2-rust	keccak1600-x86_64	fixed	shared	272	latency	4	50000	30177734	150733092	419800360	14457561918	14457561918
keccak1600-avx2-rust	keccak1600-x86_64	control	empty	272	throughput	0	2000000	2826349	14090844	30000321	14460391326	14460391326
keccak1600-avx2-rust	keccak1600-x86_64	control	empty	272	latency	0	2000000	3208878	16002926	34000320	14463603203	14463603203
keccak1600-avx2-rust	keccak1600-x86_64	runtime	shared	532	throughput	0	37492	30053684	150016430	418261106	14493595326	14493595326
keccak1600-avx2-rust	keccak1600-x86_64	runtime	shared	532	latency	0	37202	30180124	150739387	415100272	14523708609	14523708609
keccak1600-avx2-rust	keccak1600-x86_64	fixed	shared	532	throughput	0	37982	30173224	150777377	423005887	14553822322	14553822322
keccak1600-avx2-rust	keccak1600-x86_64	fixed	shared	532	latency	0	37647	30157184	150766107	419350291	14583912145	14583912145
keccak1600-avx2-rust	keccak1600-x86_64	runtime	stack	532	throughput	0	38072	30132344	150743234	410378444	14614005308	14614005308
keccak1600-avx2-rust	keccak1600-x86_64	runtime	stack	532	latency	0	35004	28031226	140022343	377378480	14641974343	14641974343
keccak1600-avx2-rust	keccak1600-x86_64	fixed	stack	532	throughput	0	38080	30175754	150777989	393823722	14672090656	14672090656
keccak1600-avx2-rust	keccak1600-x86_64	fixed	stack	532	latency	0	37721	30214164	150897923	390186381	14702239880	14702239880
keccak1600-avx2-rust	keccak1600-x86_64	runtime	asm	532	throughput	0	38300	30667343	151641859	756770055	14732848803	14732848803
keccak1600-avx2-rust	keccak1600-x86_64	runtime	asm	532	latency	0	37839	30345364	150083639	747736830	14763157726	14763157726
keccak1600-avx2-rust	keccak1600-x86_64	fixed	asm	532	throughput	0	36315	29174275	144167092	716350037	14792276630	14792276630
keccak1600-avx2-rust	keccak1600-x86_64	fixed	asm	532	latency	0	35874	28793835	142418499	707722617	14821013654	14821013654
keccak1600-avx2-rust	keccak1600-x86_64	runtime	stack	532	throughput	1	37713	29928684	149333525	406508774	14850885498	14850885498
keccak1600-avx2-rust	keccak1600-x86_64	runtime	stack	532	latency	1	37706	30233044	150844106	406508738	14881063931	14881063931
keccak1600-avx2-rust	keccak1600-x86_64	fixed	stack	532	throughput	1	38102	30179874	150852627	394051242	14911204694	14911204694
keccak1600-avx2-rust	keccak1600-x86_64	fixed	stack	532	latency	1	37721	30160594	150744776	390186378	14941313577	14941313577
keccak1600-avx2-rust	keccak1600-x86_64	runtime	asm	532	throughput	1	38216	30659664	151640495	755110299	14971917010	14971917010
keccak1600-avx2-rust	keccak1600-x86_64	runtime	asm	532	latency	1	37839	30439984	150198401	747736838	15002300023	15002300023
keccak1600-avx2-rust	keccak1600-x86_64	fixed	asm	532	throughput	1	37997	30443034	150233667	749529182	15032687766	15032687766
keccak1600-avx2-rust	keccak1600-x86_64	fixed	asm	532	latency	1	37735	30352284	149465013	744436432	15062984749	15062984749
keccak1600-avx2-rust	keccak1600-x86_64	runtime	shared	532	throughput	1	37434	30064324	149447641	417614059	15092982633	15092982633
keccak1600-avx2-rust	keccak1600-x86_64	runtime	shared	532	latency	1	35222	28575805	142741135	393007432	15121523148	15121523148
keccak1600-avx2-rust	keccak1600-x86_64	fixed	shared	532	throughput	1	37772	30059854	149976975	420667121	15151526911	15151526911
keccak1600-avx2-rust	keccak1600-x86_64	fixed	shared	532	latency	1	37647	30187464	150760063	419350282	15181664034	15181664034
keccak1600-avx2-rust	keccak1600-x86_64	runtime	asm	532	throughput	2	38300	30756124	151922193	756770055	15212368998	15212368998
keccak1600-avx2-rust	keccak1600-x86_64	runtime	asm	532	latency	2	37862	30477804	150351862	748191342	15242792721	15242792721
keccak1600-avx2-rust	keccak1600-x86_64	fixed	asm	532	throughput	2	37997	30505604	150513154	749529185	15273238644	15273238644
keccak1600-avx2-rust	keccak1600-x86_64	fixed	asm	532	latency	2	37787	30326684	149501479	745462284	15303532737	15303532737
keccak1600-avx2-rust	keccak1600-x86_64	runtime	shared	532	throughput	2	37187	29933084	148949870	414858528	15333416891	15333416891
keccak1600-avx2-rust	keccak1600-x86_64	runtime	shared	532	latency	2	37245	30322724	150969356	415580070	15363687474	15363687474
keccak1600-avx2-rust	keccak1600-x86_64	fixed	shared	532	throughput	2	37997	30218454	150821942	423172947	15393847137	15393847137
keccak1600-avx2-rust	keccak1600-x86_64	fixed	shared	532	latency	2	37661	30177644	150809160	419506234	15423974030	15423974030
keccak1600-avx2-rust	keccak1600-x86_64	runtime	stack	532	throughput	2	38080	30176774	150732329	410464676	15454100183	15454100183
keccak1600-avx2-rust	keccak1600-x86_64	runtime	stack	532	latency	2	37639	30182414	150601885	405786418	15484243586	15484243586
keccak1600-avx2-rust	keccak1600-x86_64	fixed	stack	532	throughput	2	38102	30214384	150854315	394051244	15514406299	15514406299
keccak1600-avx2-rust	keccak1600-x86_64	fixed	stack	532	latency	2	37728	30225344	150771955	390258790	15544579792	15544579792
keccak1600-avx2-rust	keccak1600-x86_64	runtime	shared	532	throughput	3	37514	29967804	149793398	418506542	15574499946	15574499946
keccak1600-avx2-rust	keccak1600-x86_64	runtime	shared	532	latency	3	37216	30187374	150842983	415256493	15604632890	15604632890
keccak1600-avx2-rust	keccak1600-x86_64	fixed	shared	532	throughput	3	37982	30195984	150762123	423005893	15634780004	15634780004
keccak1600-avx2-rust	keccak1600-x86_64	fixed	shared	532	latency	3	37647	30150734	150749512	419350292	15664891097	15664891097
keccak1600-avx2-rust	keccak1600-x86_64	runtime	stack	532	throughput	3	37825	29968254	149796910	407716028	15694810580	15694810580
keccak1600-avx2-rust	keccak1600-x86_64	runtime	stack	532	latency	3	37676	30164634	150691509	406185320	15724922613	15724922613
keccak1600-avx2-rust	keccak1600-x86_64	fixed	stack	532	throughput	3	37892	30080584	150010384	391879424	15754953166	15754953166
keccak1600-avx2-rust	keccak1600-x86_64	fixed	stack	532	latency	3	37721	30213844	150772684	390186380	15785118569	15785118569
keccak1600-avx2-rust	keccak1600-x86_64	runtime	asm	532	throughput	3	35740	28774445	141844063	706187008	15813859044	15813859044
keccak1600-avx2-rust	keccak1600-x86_64	runtime	asm	532	latency	3	37310	30041174	148073123	737283266	15843848967	15843848967
keccak1600-avx2-rust	keccak1600-x86_64	fixed	asm	532	throughput	3	37780	30454084	149811996	745248632	15874252000	15874252000
keccak1600-avx2-rust	keccak1600-x86_64	fixed	asm	532	latency	3	37974	30577004	150630426	749151416	15904778303	15904778303
keccak1600-avx2-rust	keccak1600-x86_64	runtime	stack	532	throughput	4	37676	29945934	149272889	406109953	15934672877	15934672877
keccak1600-avx2-rust	keccak1600-x86_64	runtime	stack	532	latency	4	37647	30147334	150636464	405872657	15964770010	15964770010
keccak1600-avx2-rust	keccak1600-x86_64	fixed	stack	532	throughput	4	38057	30155114	150764282	393585847	15994892853	15994892853
keccak1600-avx2-rust	keccak1600-x86_64	fixed	stack	532	latency	4	37750	30203213	150910753	390486348	16025045136	16025045136
keccak1600-avx2-rust	keccak1600-x86_64	runtime	asm	532	throughput	4	38254	31905564	157735205	755861150	16056895348	16056895348
keccak1600-avx2-rust	keccak1600-x86_64	runtime	asm	532	latency	4	37669	30487564	150212712	744377460	16087327201	16087327201
keccak1600-avx2-rust	keccak1600-x86_64	fixed	asm	532	throughput	4	37997	30561884	150602563	749529178	16117832964	16117832964
keccak1600-avx2-rust	keccak1600-x86_64	fixed	asm	532	latency	4	36342	29293384	144181878	716955324	16147072868	16147072868
keccak1600-avx2-rust	keccak1600-x86_64	runtime	shared	532	throughput	4	36937	29678545	147580729	412069520	16176697362	16176697362
keccak1600-avx2-rust	keccak1600-x86_64	runtime	shared	532	latency	4	37001	30053834	150000470	412857513	16206715825	16206715825
keccak1600-avx2-rust	keccak1600-x86_64	fixed	shared	532	throughput	4	38034	30271254	150990407	423585010	16236932138	16236932138
keccak1600-avx2-rust	keccak1600-x86_64	fixed	shared	532	latency	4	37463	30066254	150004264	417300709	16266947851	16266947851
keccak1600-avx2-rust	keccak1600-x86_64	control	empty	532	throughput	0	2000000	2827468	14103760	30000319	16269778359	16269778359
keccak1600-avx2-rust	keccak1600-x86_64	control	empty	532	latency	0	2000000	3231418	16005944	34000323	16272995216	16272995216
keccak1600-avx2-rust	keccak1600-x86_64	runtime	shared	1024	throughput	0	18882	30122014	150076591	420162616	16303085009	16303085009
keccak1600-avx2-rust	keccak1600-x86_64	runtime	shared	1024	latency	0	18777	30092494	149916938	417863711	16333127002	16333127002
keccak1600-avx2-rust	keccak1600-x86_64	fixed	shared	1024	throughput	0	18884	30051225	150068860	419848325	16363129155	16363129155
keccak1600-avx2-rust	keccak1600-x86_64	fixed	shared	1024	latency	0	18906	30179954	150781907	420375270	16393260488	16393260488
keccak1600-avx2-rust	keccak1600-x86_64	runtime	stack	1024	throughput	0	19023	30162174	150758397	412247785	16423374351	16423374351
keccak1600-avx2-rust	keccak1600-x86_64	runtime	stack	1024	latency	0	18936	30237414	150765599	410400284	16453561854	16453561854
keccak1600-avx2-rust	keccak1600-x86_64	fixed	stack	1024	throughput	0	18983	30037904	150081333	392056249	16483568437	16483568437
keccak1600-avx2-rust	keccak1600-x86_64	fixed	stack	1024	latency	0	18985	30174914	150826507	392135532	16513693090	16513693090
keccak1600-avx2-rust	keccak1600-x86_64	runtime	asm	1024	throughput	0	18493	29566814	146124775	726682784	16543199104	16543199104
keccak1600-avx2-rust	keccak1600-x86_64	runtime	asm	1024	latency	0	19085	30604844	150920485	749983593	16573751827	16573751827
keccak1600-avx2-rust	keccak1600-x86_64	fixed	asm	1024	throughput	0	19100	30463054	150537938	749885447	16604165330	16604165330
keccak1600-avx2-rust	keccak1600-x86_64	fixed	asm	1024	latency	0	19089	30529534	150735464	749491753	16634643693	16634643693
keccak1600-avx2-rust	keccak1600-x86_64	runtime	stack	1024	throughput	1	18817	29946024	149159322	407783560	16664540066	16664540066
keccak1600-avx2-rust	keccak1600-x86_64	runtime	stack	1024	latency	1	18845	30017624	150032824	408428035	16694521900	16694521900
keccak1600-avx2-rust	keccak1600-x86_64	fixed	stack	1024	throughput	1	18396	29187964	145412903	379932935	16723661394	16723661394
keccak1600-avx2-rust	keccak1600-x86_64	fixed	stack	1024	latency	1	18834	29973234	149635420	389016623	16753585258	16753585258
keccak1600-avx2-rust	keccak1600-x86_64	runtime	asm	1024	throughput	1	19282	30786024	152321796	757686545	16784320570	16784320570
keccak1600-avx2-rust	keccak1600-x86_64	runtime	asm	1024	latency	1	19091	30481884	150812033	750219374	16814752403	16814752403
keccak1600-avx2-rust	keccak1600-x86_64	fixed	asm	1024	throughput	1	18543	29545994	146246253	728017074	16844266767	16844266767
keccak1600-avx2-rust	keccak1600-x86_64	fixed	asm	1024	latency	1	18933	30104734	149096845	743366731	16874340622	16874340622
keccak1600-avx2-rust	keccak1600-x86_64	runtime	shared	1024	throughput	1	18783	29904914	149290639	417959669	16904193306	16904193306
keccak1600-avx2-rust	keccak1600-x86_64	runtime	shared	1024	latency	1	18250	29174514	145755132	406135855	16933306500	16933306500
keccak1600-avx2-rust	keccak1600-x86_64	fixed	shared	1024	throughput	1	18983	30181884	150822954	422049392	16963429793	16963429793
keccak1600-avx2-rust	keccak1600-x86_64	fixed	shared	1024	latency	1	18918	30186404	150848094	420642084	16993558536	16993558536
keccak1600-avx2-rust	keccak1600-x86_64	runtime	asm	1024	throughput	2	19117	30543504	151275329	751202870	17024062109	17024062109
keccak1600-avx2-rust	keccak1600-x86_64	runtime	asm	1024	latency	2	19079	30337305	149954216	749747812	17054336032	17054336032
keccak1600-avx2-rust	keccak1600-x86_64	fixed	asm	1024	throughput	2	18860	30141004	148735297	740462815	17084412496	17084412496
keccak1600-avx2-rust	keccak1600-x86_64	fixed	asm	1024	latency	2	19045	30417134	150040514	747764188	17114761159	17114761159
keccak1600-avx2-rust	keccak1600-x86_64	runtime	shared	1024	throughput	2	18770	29983624	149184419	417670394	17144678603	17144678603
keccak1600-avx2-rust	keccak1600-x86_64	runtime	shared	1024	latency	2	18197	29089274	145318121	404956391	17173702818	17173702818
keccak1600-avx2-rust	keccak1600-x86_64	fixed	shared	1024	throughput	2	18914	30062125	150299730	420515314	17203722042	17203722042
keccak1600-avx2-rust	keccak1600-x86_64	fixed	shared	1024	latency	2	18914	30188443	150823576	420553141	17233845115	17233845115
keccak1600-avx2-rust	keccak1600-x86_64	runtime	stack	1024	throughput	2	19019	30165144	150737089	412161102	17263953828	17263953828
keccak1600-avx2-rust	keccak1600-x86_64	runtime	stack	1024	latency	2	18946	30181374	150817537	410617014	17294078191	17294078191
keccak1600-avx2-rust	keccak1600-x86_64	fixed	stack	1024	throughput	2	19036	30155234	150570491	393150866	17324171374	17324171374
keccak1600-avx2-rust	keccak1600-x86_64	fixed	stack	1024	latency	2	18985	30251084	150847304	392135530	17354365517	17354365517
keccak1600-avx2-rust	keccak1600-x86_64	runtime	shared	1024	throughput	3	18968	30203254	150738550	422076292	17384531570	17384531570
keccak1600-avx2-rust	keccak1600-x86_64	runtime	shared	1024	latency	3	18884	30236524	150800859	420244885	17414716333	17414716333
keccak1600-avx2-rust	keccak1600-x86_64	fixed	shared	1024	throughput	3	18985	30215303	150845869	422093857	17444872196	17444872196
keccak1600-avx2-rust	keccak1600-x86_64	fixed	shared	1024	latency	3	18912	30208154	150840609	420508678	17475028819	17475028819
keccak1600-avx2-rust	keccak1600-x86_64	runtime	stack	1024	throughput	3	19030	30223124	150776764	412399483	17505201392	17505201392
keccak1600-avx2-rust	keccak1600-x86_64	runtime	stack	1024	latency	3	18949	30302434	150862943	410682030	17535453035	17535453035
keccak1600-avx2-rust	keccak1600-x86_64	fixed	stack	1024	throughput	3	18977	30103294	150058846	391932332	17565505678	17565505678
keccak1600-avx2-rust	keccak1600-x86_64	fixed	stack	1024	latency	3	18961	30158404	150623165	391639808	17595631041	17595631041
keccak1600-avx2-rust	keccak1600-x86_64	runtime	asm	1024	throughput	3	19257	30895883	152557125	756704174	17626471513	17626471513
keccak1600-avx2-rust	keccak1600-x86_64	runtime	asm	1024	latency	3	18840	30118484	148447055	740355835	17656539306	17656539306
keccak1600-avx2-rust	keccak1600-x86_64	fixed	asm	1024	throughput	3	19004	30394614	149814626	746116399	17686876219	17686876219
keccak1600-avx2-rust	keccak1600-x86_64	fixed	asm	1024	latency	3	19085	30510724	150437759	749334711	17717335852	17717335852
keccak1600-avx2-rust	keccak1600-x86_64	runtime	stack	1024	throughput	4	18739	29830114	148492276	406093230	17747111865	17747111865
keccak1600-avx2-rust	keccak1600-x86_64	runtime	stack	1024	latency	4	18947	30169654	150817904	410638682	17777231708	17777231708
keccak1600-avx2-rust	keccak1600-x86_64	fixed	stack	1024	throughput	4	19077	30214894	150809549	393997631	17807414041	17807414041
keccak1600-avx2-rust	keccak1600-x86_64	fixed	stack	1024	latency	4	18972	30237303	150720695	391867016	17837602174	17837602174
keccak1600-avx2-rust	keccak1600-x86_64	runtime	asm	1024	throughput	4	19169	30508824	150865813	753246211	17868059147	17868059147
keccak1600-avx2-rust	keccak1600-x86_64	runtime	asm	1024	latency	4	18968	30189014	149215202	745385854	17898191820	17898191820
keccak1600-avx2-rust	keccak1600-x86_64	fixed	asm	1024	throughput	4	18856	30186384	149194524	740305771	17928324233	17928324233
keccak1600-avx2-rust	keccak1600-x86_64	fixed	asm	1024	latency	4	19077	30579873	150969233	749020608	17958848896	17958848896
keccak1600-avx2-rust	keccak1600-x86_64	runtime	shared	1024	throughput	4	18794	29942714	149349915	418204445	17988755749	17988755749
keccak1600-avx2-rust	keccak1600-x86_64	runtime	shared	1024	latency	4	18823	30129954	150314757	418887399	18018822452	18018822452
keccak1600-avx2-rust	keccak1600-x86_64	fixed	shared	1024	throughput	4	18983	30238444	150805995	422049393	18049004545	18049004545
keccak1600-avx2-rust	keccak1600-x86_64	fixed	shared	1024	latency	4	18207	29143654	145205823	404833001	18078085109	18078085109
keccak1600-avx2-rust	keccak1600-x86_64	control	empty	1024	throughput	0	2000000	2431419	12115921	30000319	18080519547	18080519547
keccak1600-avx2-rust	keccak1600-x86_64	control	empty	1024	latency	0	2000000	3222788	16002941	34000320	18083745344	18083745344
keccak1600-avx2-rust	keccak1600-x86_64	runtime	shared	4096	throughput	0	4854	29910464	149358961	417400669	18113599738	18113599738
keccak1600-avx2-rust	keccak1600-x86_64	runtime	shared	4096	latency	0	4895	30230974	150860159	420936096	18143776711	18143776711
keccak1600-avx2-rust	keccak1600-x86_64	fixed	shared	4096	throughput	0	4877	30067754	150115351	419285798	18173789105	18173789105
keccak1600-avx2-rust	keccak1600-x86_64	fixed	shared	4096	latency	0	4857	29965404	149614166	417576074	18203698478	18203698478
keccak1600-avx2-rust	keccak1600-x86_64	runtime	stack	4096	throughput	0	4912	30248584	150780587	414091781	18233891271	18233891271
keccak1600-avx2-rust	keccak1600-x86_64	runtime	stack	4096	latency	0	4862	29948654	149414957	409886407	18263784954	18263784954
keccak1600-avx2-rust	keccak1600-x86_64	fixed	stack	4096	throughput	0	4923	30220474	150820965	393490822	18293950897	18293950897
keccak1600-avx2-rust	keccak1600-x86_64	fixed	stack	4096	latency	0	4843	29721714	148538835	387106192	18323634281	18323634281
keccak1600-avx2-rust	keccak1600-x86_64	runtime	asm	4096	throughput	0	5003	31004673	153137168	758600244	18354581644	18354581644
keccak1600-avx2-rust	keccak1600-x86_64	runtime	asm	4096	latency	0	4904	30352134	149915932	743598782	18384876987	18384876987
keccak1600-avx2-rust	keccak1600-x86_64	fixed	asm	4096	throughput	0	4883	30093594	148301240	740214326	18414913610	18414913610
keccak1600-avx2-rust	keccak1600-x86_64	fixed	asm	4096	latency	0	4928	30318694	149499729	747045734	18445176193	18445176193
keccak1600-avx2-rust	keccak1600-x86_64	runtime	stack	4096	throughput	1	4792	29557804	147124959	403975531	18474676717	18474676717
keccak1600-avx2-rust	keccak1600-x86_64	runtime	stack	4096	latency	1	4899	30183474	150570743	413005652	18504801150	18504801150
keccak1600-avx2-rust	keccak1600-x86_64	fixed	stack	4096	throughput	1	4718	28901704	144535513	377105376	18533667666	18533667666
keccak1600-avx2-rust	keccak1600-x86_64	fixed	stack	4096	latency	1	4914	30144464	150691140	392781288	18563763599	18563763599
keccak1600-avx2-rust	keccak1600-x86_64	runtime	asm	4096	throughput	1	4881	30012314	148020120	740101502	18593725122	18593725122
keccak1600-avx2-rust	keccak1600-x86_64	runtime	asm	4096	latency	1	4949	30842834	152032954	750422178	18624517644	18624517644
keccak1600-avx2-rust	keccak1600-x86_64	fixed	asm	4096	throughput	1	4880	30085144	148238772	739759559	18654548477	18654548477
keccak1600-avx2-rust	keccak1600-x86_64	fixed	asm	4096	latency	1	4955	30477874	150537002	751138723	18684974400	18684974400
keccak1600-avx2-rust	keccak1600-x86_64	runtime	shared	4096	throughput	1	4856	30080674	149469354	417572652	18714989343	18714989343
keccak1600-avx2-rust	keccak1600-x86_64	runtime	shared	4096	latency	1	4811	29813184	148243473	413712673	18744748196	18744748196
keccak1600-avx2-rust	keccak1600-x86_64	fixed	shared	4096	throughput	1	4876	30178274	150124458	419199825	18774892269	18774892269
keccak1600-avx2-rust	keccak1600-x86_64	fixed	shared	4096	latency	1	4830	29944274	148808373	415254778	18804773892	18804773892
keccak1600-avx2-rust	keccak1600-x86_64	runtime	asm	4096	throughput	2	4978	30874343	152013298	754809511	18835586604	18835586604
keccak1600-avx2-rust	keccak1600-x86_64	runtime	asm	4096	latency	2	4878	30343574	149350869	739656372	18865870887	18865870887
keccak1600-avx2-rust	keccak1600-x86_64	fixed	asm	4096	throughput	2	4930	30338344	149343213	747339056	18896157580	18896157580
keccak1600-avx2-rust	keccak1600-x86_64	fixed	asm	4096	latency	2	4930	30530434	150508325	747348919	18926638484	18926638484
keccak1600-avx2-rust	keccak1600-x86_64	runtime	shared	4096	throughput	2	4825	29801065	148457797	414906929	18956386808	18956386808
keccak1600-avx2-rust	keccak1600-x86_64	runtime	shared	4096	latency	2	4825	29881634	148709655	414916577	18986210202	18986210202
keccak1600-avx2-rust	keccak1600-x86_64	fixed	shared	4096	throughput	2	4825	29870604	148535267	414815251	19016029786	19016029786
keccak1600-avx2-rust	keccak1600-x86_64	fixed	shared	4096	latency	2	4872	30195814	150065610	418865681	19046161919	19046161919
keccak1600-avx2-rust	keccak1600-x86_64	runtime	stack	4096	throughput	2	4890	30175574	150113550	412237139	19076266642	19076266642
keccak1600-avx2-rust	keccak1600-x86_64	runtime	stack	4096	latency	2	4797	29653304	147438307	404406647	19105846135	19105846135
keccak1600-avx2-rust	keccak1600-x86_64	fixed	stack	4096	throughput	2	4898	30242524	150078985	391492596	19136017768	19136017768
keccak1600-avx2-rust	keccak1600-x86_64	fixed	stack	4096	latency	2	4819	29812365	147805539	385187842	19165758152	19165758152
keccak1600-avx2-rust	keccak1600-x86_64	runtime	shared	4096	throughput	3	4878	30266724	150140127	419464449	19195959255	19195959255
keccak1600-avx2-rust	keccak1600-x86_64	runtime	shared	4096	latency	3	4813	29939734	148497990	413884663	19225849978	19225849978
keccak1600-avx2-rust	keccak1600-x86_64	fixed	shared	4096	throughput	3	4846	30104733	149290414	416620661	19255903011	19255903011
keccak1600-avx2-rust	keccak1600-x86_64	fixed	shared	4096	latency	3	4846	30206994	149343664	416630359	19286014884	19286014884
keccak1600-avx2-rust	keccak1600-x86_64	runtime	stack	4096	throughput	3	4815	29928684	147843591	405914481	19315862268	19315862268
keccak1600-avx2-rust	keccak1600-x86_64	runtime	stack	4096	latency	3	4859	30217924	149350084	409633483	19346002962	19346002962
keccak1600-avx2-rust	keccak1600-x86_64	fixed	stack	4096	throughput	3	4831	29973634	148057284	386137347	19375896005	19375896005
keccak1600-avx2-rust	keccak1600-x86_64	fixed	stack	4096	latency	3	4869	30342914	149392907	389184395	19406080918	19406080918
keccak1600-avx2-rust	keccak1600-x86_64	runtime	asm	4096	throughput	3	4954	30900904	151273158	751170421	19436905621	19436905621
keccak1600-avx2-rust	keccak1600-x86_64	runtime	asm	4096	latency	3	4645	29235865	143134786	704326349	19466093895	19466093895
keccak1600-avx2-rust	keccak1600-x86_64	fixed	asm	4096	throughput	3	4639	29067644	142364047	703226356	19495122169	19495122169
keccak1600-avx2-rust	keccak1600-x86_64	fixed	asm	4096	latency	3	4782	30054504	147038457	724913292	19525113362	19525113362
keccak1600-avx2-rust	keccak1600-x86_64	runtime	stack	4096	throughput	4	4771	29690845	146533002	402205195	19554721156	19554721156
keccak1600-avx2-rust	keccak1600-x86_64	runtime	stack	4096	latency	4	4790	29825504	147247816	403816517	19584454599	19584454599
keccak1600-avx2-rust	keccak1600-x86_64	fixed	stack	4096	throughput	4	4872	30225384	149333001	389414437	19614606802	19614606802
keccak1600-avx2-rust	keccak1600-x86_64	fixed	stack	4096	latency	4	4824	29921864	147978299	385587500	19644449056	19644449056
keccak1600-avx2-rust	keccak1600-x86_64	runtime	asm	4096	throughput	4	4953	30775844	151611439	751018793	19675183449	19675183449
keccak1600-avx2-rust	keccak1600-x86_64	runtime	asm	4096	latency	4	4614	28807004	141577208	699625789	19703948984	19703948984
keccak1600-avx2-rust	keccak1600-x86_64	fixed	asm	4096	throughput	4	4752	29489384	144744578	720356030	19733372519	19733372519
keccak1600-avx2-rust	keccak1600-x86_64	fixed	asm	4096	latency	4	4875	30398974	149432351	739011347	19763711092	19763711092
keccak1600-avx2-rust	keccak1600-x86_64	runtime	shared	4096	throughput	4	4774	29588434	146912924	410521387	19793240426	19793240426
keccak1600-avx2-rust	keccak1600-x86_64	runtime	shared	4096	latency	4	4804	29782244	148035715	413110729	19822966320	19822966320
keccak1600-avx2-rust	keccak1600-x86_64	fixed	shared	4096	throughput	4	4878	30182624	150148209	419371771	19853115424	19853115424
keccak1600-avx2-rust	keccak1600-x86_64	fixed	shared	4096	latency	4	4581	28363914	141112842	393847239	19881446079	19881446079
keccak1600-avx2-rust	keccak1600-x86_64	control	empty	4096	throughput	0	2000000	2419999	12045289	30000322	19883869527	19883869527
keccak1600-avx2-rust	keccak1600-x86_64	control	empty	4096	latency	0	2000000	2462229	12007938	34000320	19886316035	19886316035
keccak1600-avx2-rust	keccak1600-x86_64	runtime	shared	16384	throughput	0	1239	29940394	148786740	415388729	19916197858	19916197858
keccak1600-avx2-rust	keccak1600-x86_64	runtime	shared	16384	latency	0	1244	30079294	149471675	417067517	19946210312	19946210312
keccak1600-avx2-rust	keccak1600-x86_64	fixed	shared	16384	throughput	0	1245	30101924	149493553	417376645	19976229085	19976229085
keccak1600-avx2-rust	keccak1600-x86_64	fixed	shared	16384	latency	0	1244	30136374	149422465	417043885	20006290668	20006290668
keccak1600-avx2-rust	keccak1600-x86_64	runtime	stack	16384	throughput	0	1249	30226284	149653665	411383488	20036462951	20036462951
keccak1600-avx2-rust	keccak1600-x86_64	runtime	stack	16384	latency	0	1248	30120884	149595802	411056610	20066529284	20066529284
keccak1600-avx2-rust	keccak1600-x86_64	fixed	stack	16384	throughput	0	1250	30056464	149399699	390060356	20096529977	20096529977
keccak1600-avx2-rust	keccak1600-x86_64	fixed	stack	16384	latency	0	1250	30028264	149497861	390062860	20126500741	20126500741
keccak1600-avx2-rust	keccak1600-x86_64	runtime	asm	16384	throughput	0	1280	30857614	151953690	756719712	20157304743	20157304743
keccak1600-avx2-rust	keccak1600-x86_64	runtime	asm	16384	latency	0	1195	29257554	144018910	706471203	20186509917	20186509917
keccak1600-avx2-rust	keccak1600-x86_64	fixed	asm	16384	throughput	0	1234	29779854	146535199	729480690	20216237440	20216237440
keccak1600-avx2-rust	keccak1600-x86_64	fixed	asm	16384	latency	0	1262	30387094	149535644	746035438	20246568733	20246568733
keccak1600-avx2-rust	keccak1600-x86_64	runtime	stack	16384	throughput	1	1232	29702084	147623352	405784187	20276218046	20276218046
keccak1600-avx2-rust	keccak1600-x86_64	runtime	stack	16384	latency	1	1249	30076544	149708914	411385985	20306241839	20306241839
keccak1600-avx2-rust	keccak1600-x86_64	fixed	stack	16384	throughput	1	1252	30091683	149645337	390684450	20336282332	20336282332
keccak1600-avx2-rust	keccak1600-x86_64	fixed	stack	16384	latency	1	1251	30090874	149610370	390374904	20366317995	20366317995
keccak1600-avx2-rust	keccak1600-x86_64	runtime	asm	16384	throughput	1	1272	31198104	153557947	751990216	20397455088	20397455088
keccak1600-avx2-rust	keccak1600-x86_64	runtime	asm	16384	latency	1	1183	28938035	142328525	699376945	20426332852	20426332852
keccak1600-avx2-rust	keccak1600-x86_64	fixed	asm	16384	throughput	1	1260	30380674	149390160	744850613	20456652905	20456652905
keccak1600-avx2-rust	keccak1600-x86_64	fixed	asm	16384	latency	1	1252	30211744	148617022	740123909	20486797918	20486797918
keccak1600-avx2-rust	keccak1600-x86_64	runtime	shared	16384	throughput	1	1223	29499314	146853543	410024557	20516235713	20516235713
keccak1600-avx2-rust	keccak1600-x86_64	runtime	shared	16384	latency	1	1241	29990463	149050023	416061739	20546158556	20546158556
keccak1600-avx2-rust	keccak1600-x86_64	fixed	shared	16384	throughput	1	1246	30106174	149618458	417711887	20576201829	20576201829
keccak1600-avx2-rust	keccak1600-x86_64	fixed	shared	16384	latency	1	1246	30114514	149654717	417714381	20606251492	20606251492
keccak1600-avx2-rust	keccak1600-x86_64	runtime	asm	16384	throughput	2	1269	30788833	151423656	750216659	20636965184	20636965184
keccak1600-avx2-rust	keccak1600-x86_64	runtime	asm	16384	latency	2	1231	29649394	145791480	727754014	20666544198	20666544198
keccak1600-avx2-rust	keccak1600-x86_64	fixed	asm	16384	throughput	2	1267	30642743	150678084	748988669	20697120621	20697120621
keccak1600-avx2-rust	keccak1600-x86_64	fixed	asm	16384	latency	2	1248	30256584	148469413	737759298	20727310895	20727310895
keccak1600-avx2-rust	keccak1600-x86_64	runtime	shared	16384	throughput	2	1233	29790374	148047167	413377172	20757036688	20757036688
keccak1600-avx2-rust	keccak1600-x86_64	runtime	shared	16384	latency	2	1243	30038124	149290194	416732256	20787009181	20787009181
keccak1600-avx2-rust	keccak1600-x86_64	fixed	shared	16384	throughput	2	1244	30054783	149364867	417041404	20816990944	20816990944
keccak1600-avx2-rust	keccak1600-x86_64	fixed	shared	16384	latency	2	1243	30039734	149293339	416708651	20846960937	20846960937
keccak1600-avx2-rust	keccak1600-x86_64	runtime	stack	16384	throughput	2	1244	29995214	149067570	409736638	20876886871	20876886871
keccak1600-avx2-rust	keccak1600-x86_64	runtime	stack	16384	latency	2	1244	30001994	149110462	409739120	20906821655	20906821655
keccak1600-avx2-rust	keccak1600-x86_64	fixed	stack	16384	throughput	2	1242	29866474	148433019	387563976	20936617509	20936617509
keccak1600-avx2-rust	keccak1600-x86_64	fixed	stack	16384	latency	2	1249	30058974	149369031	389750805	20966608682	20966608682
keccak1600-avx2-rust	keccak1600-x86_64	runtime	shared	16384	throughput	3	1243	30070063	149256840	416729781	20996604385	20996604385
keccak1600-avx2-rust	keccak1600-x86_64	runtime	shared	16384	latency	3	1242	30021454	149173644	416396996	21026556369	21026556369
keccak1600-avx2-rust	keccak1600-x86_64	fixed	shared	16384	throughput	3	1243	30043954	149264951	416706158	21056529652	21056529652
keccak1600-avx2-rust	keccak1600-x86_64	fixed	shared	16384	latency	3	1242	30023744	149179163	416373399	21086487666	21086487666
keccak1600-avx2-rust	keccak1600-x86_64	runtime	stack	16384	throughput	3	1246	30032724	149293242	410395372	21116457629	21116457629
keccak1600-avx2-rust	keccak1600-x86_64	runtime	stack	16384	latency	3	1246	30071633	149357260	410397863	21146455983	21146455983
keccak1600-avx2-rust	keccak1600-x86_64	fixed	stack	16384	throughput	3	1247	29989913	149034253	389124218	21176377526	21176377526
keccak1600-avx2-rust	keccak1600-x86_64	fixed	stack	16384	latency	3	1251	30094374	149618026	390374907	21206413839	21206413839
keccak1600-avx2-rust	keccak1600-x86_64	runtime	asm	16384	throughput	3	1264	30621044	150757999	747260732	21236982622	21236982622
keccak1600-avx2-rust	keccak1600-x86_64	runtime	asm	16384	latency	3	1186	28685204	141016970	701150507	21265608037	21265608037
keccak1600-avx2-rust	keccak1600-x86_64	fixed	asm	16384	throughput	3	1251	30112164	148218859	739530258	21295661771	21295661771
keccak1600-avx2-rust	keccak1600-x86_64	fixed	asm	16384	latency	3	1231	29536264	145602582	727709695	21325143705	21325143705
keccak1600-avx2-rust	keccak1600-x86_64	runtime	stack	16384	throughput	4	1240	29751394	148577957	408419155	21354840629	21354840629
keccak1600-avx2-rust	keccak1600-x86_64	runtime	stack	16384	latency	4	1245	29946734	149225356	410068489	21384729693	21384729693
keccak1600-avx2-rust	keccak1600-x86_64	fixed	stack	16384	throughput	4	1255	30139284	149992686	391620596	21414811796	21414811796
keccak1600-avx2-rust	keccak1600-x86_64	fixed	stack	16384	latency	4	1252	30014793	149725513	390686959	21444770250	21444770250
keccak1600-avx2-rust	keccak1600-x86_64	runtime	asm	16384	throughput	4	1271	30518104	150779566	751399027	21475231533	21475231533
keccak1600-avx2-rust	keccak1600-x86_64	runtime	asm	16384	latency	4	1268	31181263	154095326	749628009	21506354325	21506354325
keccak1600-avx2-rust	keccak1600-x86_64	fixed	asm	16384	throughput	4	1268	30360084	150055080	749579823	21536652338	21536652338
keccak1600-avx2-rust	keccak1600-x86_64	fixed	asm	16384	latency	4	1226	29441814	145107134	724753928	21566037402	21566037402
keccak1600-avx2-rust	keccak1600-x86_64	runtime	shared	16384	throughput	4	1238	29891144	148649896	415053474	21595873325	21595873325
keccak1600-avx2-rust	keccak1600-x86_64	runtime	shared	16384	latency	4	1248	29992334	149900435	418408580	21625811418	21625811418
keccak1600-avx2-rust	keccak1600-x86_64	fixed	shared	16384	throughput	4	1249	30025744	150000956	418717610	21655780852	21655780852
keccak1600-avx2-rust	keccak1600-x86_64	fixed	shared	16384	latency	4	1249	30020544	150011412	418720108	21685745495	21685745495
keccak1600-avx2-rust	keccak1600-x86_64	control	empty	16384	throughput	0	2000000	2491769	12452200	30000320	21688240693	21688240693
keccak1600-avx2-rust	keccak1600-x86_64	control	empty	16384	latency	0	2000000	2416919	12029884	34000321	21690660741	21690660741
keccak1600-avx2-rust	keccak1600-x86_64	runtime	shared	131072	throughput	0	156	29839374	149219301	416576985	21720464594	21720464594
keccak1600-avx2-rust	keccak1600-x86_64	runtime	shared	131072	latency	0	156	29863904	149224654	416577293	21750273327	21750273327
keccak1600-avx2-rust	keccak1600-x86_64	fixed	shared	131072	throughput	0	156	29870104	149222561	416574017	21780086110	21780086110
keccak1600-avx2-rust	keccak1600-x86_64	fixed	shared	131072	latency	0	156	29854324	149215833	416574329	21809885074	21809885074
keccak1600-avx2-rust	keccak1600-x86_64	runtime	stack	131072	throughput	0	156	29840424	148952758	409478358	21839688038	21839688038
keccak1600-avx2-rust	keccak1600-x86_64	runtime	stack	131072	latency	0	156	29861424	148947243	409478671	21869492761	21869492761
keccak1600-avx2-rust	keccak1600-x86_64	fixed	stack	131072	throughput	0	156	29811864	148613616	387841622	21899245484	21899245484
keccak1600-avx2-rust	keccak1600-x86_64	fixed	stack	131072	latency	0	157	29971594	149557064	390328102	21929160317	21929160317
keccak1600-avx2-rust	keccak1600-x86_64	runtime	asm	131072	throughput	0	150	29086834	143661182	706260202	21958208322	21958208322
keccak1600-avx2-rust	keccak1600-x86_64	runtime	asm	131072	latency	0	155	29812124	147076321	729802514	21987965416	21987965416
keccak1600-avx2-rust	keccak1600-x86_64	fixed	asm	131072	throughput	0	157	30147214	148749190	739213971	22018056830	22018056830
keccak1600-avx2-rust	keccak1600-x86_64	fixed	asm	131072	latency	0	156	29912254	147727885	734505920	22047913043	22047913043
keccak1600-avx2-rust	keccak1600-x86_64	runtime	stack	131072	throughput	1	156	29799524	148932793	409478353	22077652976	22077652976
keccak1600-avx2-rust	keccak1600-x86_64	runtime	stack	131072	latency	1	157	29982574	149912065	412103524	22107598839	22107598839
keccak1600-avx2-rust	keccak1600-x86_64	fixed	stack	131072	throughput	1	157	29919764	149510774	390327789	22137461643	22137461643
keccak1600-avx2-rust	keccak1600-x86_64	fixed	stack	131072	latency	1	157	29942194	149534070	390328106	22167333226	22167333226
keccak1600-avx2-rust	keccak1600-x86_64	runtime	asm	131072	throughput	1	157	30208404	149307509	739218999	22197483269	22197483269
keccak1600-avx2-rust	keccak1600-x86_64	runtime	asm	131072	latency	1	157	30361753	149997750	739219312	22227788322	22227788322
keccak1600-avx2-rust	keccak1600-x86_64	fixed	asm	131072	throughput	1	156	30221134	149229004	734505606	22257951495	22257951495
keccak1600-avx2-rust	keccak1600-x86_64	fixed	asm	131072	latency	1	155	29751614	146349722	729797540	22287646529	22287646529
keccak1600-avx2-rust	keccak1600-x86_64	runtime	shared	131072	throughput	1	156	29873184	149230836	416576979	22317463692	22317463692
keccak1600-avx2-rust	keccak1600-x86_64	runtime	shared	131072	latency	1	156	29835543	149226975	416577295	22347261045	22347261045
keccak1600-avx2-rust	keccak1600-x86_64	fixed	shared	131072	throughput	1	156	29865344	149221765	416574018	22377070188	22377070188
keccak1600-avx2-rust	keccak1600-x86_64	fixed	shared	131072	latency	1	156	29870674	149225704	416574329	22406881452	22406881452
keccak1600-avx2-rust	keccak1600-x86_64	runtime	asm	131072	throughput	2	156	29827974	147366921	734510599	22436648326	22436648326
keccak1600-avx2-rust	keccak1600-x86_64	runtime	asm	131072	latency	2	155	29711094	146772943	729802509	22466320230	22466320230
keccak1600-avx2-rust	keccak1600-x86_64	fixed	asm	131072	throughput	2	157	30333843	149588404	739213977	22496590583	22496590583
keccak1600-avx2-rust	keccak1600-x86_64	fixed	asm	131072	latency	2	156	30019094	147867264	734505917	22526551967	22526551967
keccak1600-avx2-rust	keccak1600-x86_64	runtime	shared	131072	throughput	2	155	29812224	148267704	413906617	22556308690	22556308690
keccak1600-avx2-rust	keccak1600-x86_64	runtime	shared	131072	latency	2	156	29991244	149212441	416577295	22586263133	22586263133
keccak1600-avx2-rust	keccak1600-x86_64	fixed	shared	131072	throughput	2	156	29994754	149205674	416574024	22616195417	22616195417
keccak1600-avx2-rust	keccak1600-x86_64	fixed	shared	131072	latency	2	156	29934114	149221492	416574328	22646070340	22646070340
keccak1600-avx2-rust	keccak1600-x86_64	runtime	stack	131072	throughput	2	156	29917633	148954796	409478356	22675911313	22675911313
keccak1600-avx2-rust	keccak1600-x86_64	runtime	stack	131072	latency	2	157	29987334	149902749	412103534	22705855897	22705855897
keccak1600-avx2-rust	keccak1600-x86_64	fixed	stack	131072	throughput	2	157	29931653	149541140	390327788	22735728710	22735728710
keccak1600-avx2-rust	keccak1600-x86_64	fixed	stack	131072	latency	2	157	29924844	149495525	390328101	22765592593	22765592593
keccak1600-avx2-rust	keccak1600-x86_64	runtime	shared	131072	throughput	3	156	29954193	149224215	416576985	22795490496	22795490496
keccak1600-avx2-rust	keccak1600-x86_64	runtime	shared	131072	latency	3	155	29826224	148261763	413906926	22825273920	22825273920
keccak1600-avx2-rust	keccak1600-x86_64	fixed	shared	131072	throughput	3	155	29811913	148254626	413903675	22855026253	22855026253
keccak1600-avx2-rust	keccak1600-x86_64	fixed	shared	131072	latency	3	156	30136794	149288194	416574333	22885049806	22885049806
keccak1600-avx2-rust	keccak1600-x86_64	runtime	stack	131072	throughput	3	155	29850193	148023768	406853498	22914814950	22914814950
keccak1600-avx2-rust	keccak1600-x86_64	runtime	stack	131072	latency	3	155	29790774	148007703	406853807	22944563303	22944563303
keccak1600-avx2-rust	keccak1600-x86_64	fixed	stack	131072	throughput	3	156	29905854	148539231	387841622	22974393716	22974393716
keccak1600-avx2-rust	keccak1600-x86_64	fixed	stack	131072	latency	3	156	29908554	148591307	387841932	23004219510	23004219510
keccak1600-avx2-rust	keccak1600-x86_64	runtime	asm	131072	throughput	3	153	29485064	145124438	720385401	23033653074	23033653074
keccak1600-avx2-rust	keccak1600-x86_64	runtime	asm	131072	latency	3	155	29847884	146993088	729802504	23063466737	23063466737
keccak1600-avx2-rust	keccak1600-x86_64	fixed	asm	131072	throughput	3	155	29847684	147013759	729797233	23093256100	23093256100
keccak1600-avx2-rust	keccak1600-x86_64	fixed	asm	131072	latency	3	156	30068554	148030897	734505912	23123268503	23123268503
keccak1600-avx2-rust	keccak1600-x86_64	runtime	stack	131072	throughput	4	156	29938303	148964608	409478354	23153151817	23153151817
keccak1600-avx2-rust	keccak1600-x86_64	runtime	stack	131072	latency	4	155	29751514	148009039	406853800	23182862810	23182862810
keccak1600-avx2-rust	keccak1600-x86_64	fixed	stack	131072	throughput	4	156	29871103	148566427	387841629	23212677103	23212677103
keccak1600-avx2-rust	keccak1600-x86_64	fixed	stack	131072	latency	4	157	29927514	149521349	390328106	23242544406	23242544406
keccak1600-avx2-rust	keccak1600-x86_64	runtime	asm	131072	throughput	4	156	29873843	147227671	734510602	23272361630	23272361630
keccak1600-avx2-rust	keccak1600-x86_64	runtime	asm	131072	latency	4	155	29781224	146778839	729802503	23302101084	23302101084
keccak1600-avx2-rust	keccak1600-x86_64	fixed	asm	131072	throughput	4	156	30272343	148969157	734505600	23332308067	23332308067
keccak1600-avx2-rust	keccak1600-x86_64	fixed	asm	131072	latency	4	154	29600764	145721023	725089180	23361848711	23361848711
keccak1600-avx2-rust	keccak1600-x86_64	runtime	shared	131072	throughput	4	156	29946714	149214761	416576982	23391735014	23391735014
keccak1600-avx2-rust	keccak1600-x86_64	runtime	shared	131072	latency	4	156	29883904	149229485	416577291	23421581807	23421581807
keccak1600-avx2-rust	keccak1600-x86_64	fixed	shared	131072	throughput	4	156	29890954	149213960	416574015	23451409550	23451409550
keccak1600-avx2-rust	keccak1600-x86_64	fixed	shared	131072	latency	4	156	29863874	149226867	416574335	23481215814	23481215814
keccak1600-avx2-rust	keccak1600-x86_64	control	empty	131072	throughput	0	2000000	2846398	14198890	30000322	23484065611	23484065611
keccak1600-avx2-rust	keccak1600-x86_64	control	empty	131072	latency	0	2000000	2417799	12039197	34000320	23486486599	23486486599
