backend	asm_backend	shape	implementation	bytes	mode	repeat	iterations	ns	cycles	instructions	enabled	running
keccak1600-avx512vl-rust	keccak1600-avx512vl	runtime	shared	0	throughput	0	172972	30373696	152163129	559391788	30380453	30380453
keccak1600-avx512vl-rust	keccak1600-avx512vl	runtime	shared	0	latency	0	162574	30092726	150650703	525927234	60477196	60477196
keccak1600-avx512vl-rust	keccak1600-avx512vl	fixed	shared	0	throughput	0	175663	30116606	150134763	564756890	90597460	90597460
keccak1600-avx512vl-rust	keccak1600-avx512vl	fixed	shared	0	latency	0	164242	30106776	150093918	528202616	120708103	120708103
keccak1600-avx512vl-rust	keccak1600-avx512vl	runtime	stack	0	throughput	0	166089	30108856	150254525	483817607	150820426	150820426
keccak1600-avx512vl-rust	keccak1600-avx512vl	runtime	stack	0	latency	0	162162	30192156	150978927	472540429	181015679	181015679
keccak1600-avx512vl-rust	keccak1600-avx512vl	fixed	stack	0	throughput	0	173441	30147966	151689897	485288267	211166742	211166742
keccak1600-avx512vl-rust	keccak1600-avx512vl	fixed	stack	0	latency	0	168717	30336165	152091742	472239234	241506075	241506075
keccak1600-avx512vl-rust	keccak1600-avx512vl	runtime	asm	0	throughput	0	147126	30197136	151343383	328238465	271699328	271699328
keccak1600-avx512vl-rust	keccak1600-avx512vl	runtime	asm	0	latency	0	143605	30329896	151972298	320526710	302032961	302032961
keccak1600-avx512vl-rust	keccak1600-avx512vl	fixed	asm	0	throughput	0	146230	30041726	150713381	319805361	332078215	332078215
keccak1600-avx512vl-rust	keccak1600-avx512vl	fixed	asm	0	latency	0	144360	30041946	150344011	315860027	362123738	362123738
keccak1600-avx512vl-rust	keccak1600-avx512vl	runtime	stack	0	throughput	1	165660	30101966	149699803	482567934	392218901	392218901
keccak1600-avx512vl-rust	keccak1600-avx512vl	runtime	stack	0	latency	1	162436	30188816	151372180	473338858	422410954	422410954
keccak1600-avx512vl-rust	keccak1600-avx512vl	fixed	stack	0	throughput	1	171888	30288725	151758384	480942976	452702847	452702847
keccak1600-avx512vl-rust	keccak1600-avx512vl	fixed	stack	0	latency	1	167539	30404256	152303941	468942013	483110380	483110380
keccak1600-avx512vl-rust	keccak1600-avx512vl	runtime	asm	0	throughput	1	147013	30141846	151055070	327986356	513255613	513255613
keccak1600-avx512vl-rust	keccak1600-avx512vl	runtime	asm	0	latency	1	145896	30537636	153028918	325640232	543796706	543796706
keccak1600-avx512vl-rust	keccak1600-avx512vl	fixed	asm	0	throughput	1	146788	30033336	150626903	321025712	573833239	573833239
keccak1600-avx512vl-rust	keccak1600-avx512vl	fixed	asm	0	latency	1	144469	30202796	152631699	316098529	604300912	604300912
keccak1600-avx512vl-rust	keccak1600-avx512vl	runtime	shared	0	throughput	1	172817	30346995	151842288	558890536	634652635	634652635
keccak1600-avx512vl-rust	keccak1600-avx512vl	runtime	shared	0	latency	1	162849	30196796	150948747	526816869	664852768	664852768
keccak1600-avx512vl-rust	keccak1600-avx512vl	fixed	shared	0	throughput	1	176308	30189246	150487065	566830574	695045222	695045222
keccak1600-avx512vl-rust	keccak1600-avx512vl	fixed	shared	0	latency	1	164383	30062046	150014240	528656086	725110675	725110675
keccak1600-avx512vl-rust	keccak1600-avx512vl	runtime	asm	0	throughput	2	145234	29809736	149258400	324017411	754923728	754923728
keccak1600-avx512vl-rust	keccak1600-avx512vl	runtime	asm	0	latency	2	143605	30110686	150838695	320526714	785037781	785037781
keccak1600-avx512vl-rust	keccak1600-avx512vl	fixed	asm	0	throughput	2	147126	30200946	151324035	321764916	815241995	815241995
keccak1600-avx512vl-rust	keccak1600-avx512vl	fixed	asm	0	latency	2	144360	30090065	150690988	315860036	845335208	845335208
keccak1600-avx512vl-rust	keccak1600-avx512vl	runtime	shared	0	throughput	2	171888	30321916	151375818	555886147	875660401	875660401
keccak1600-avx512vl-rust	keccak1600-avx512vl	runtime	shared	0	latency	2	161752	30082226	149981145	523268070	905745784	905745784
keccak1600-avx512vl-rust	keccak1600-avx512vl	fixed	shared	0	throughput	2	176308	30187666	150443345	566830575	935936667	935936667
keccak1600-avx512vl-rust	keccak1600-avx512vl	fixed	shared	0	latency	2	164102	30051016	149746274	527752391	965990750	965990750
keccak1600-avx512vl-rust	keccak1600-avx512vl	runtime	stack	0	throughput	2	165374	29993086	149604890	481734811	995987204	995987204
keccak1600-avx512vl-rust	keccak1600-avx512vl	runtime	stack	0	latency	2	164524	30553645	152759351	479423291	1026544336	1026544336
keccak1600-avx512vl-rust	keccak1600-avx512vl	fixed	stack	0	throughput	2	171888	30147806	150330210	480942976	1056695690	1056695690
keccak1600-avx512vl-rust	keccak1600-avx512vl	fixed	stack	0	latency	2	163543	29514967	147566262	457757210	1086213893	1086213893
keccak1600-avx512vl-rust	keccak1600-avx512vl	runtime	shared	0	throughput	3	171581	30215585	150590499	554893315	1116433306	1116433306
keccak1600-avx512vl-rust	keccak1600-avx512vl	runtime	shared	0	latency	3	161888	30350446	151389483	523708036	1146787519	1146787519
keccak1600-avx512vl-rust	keccak1600-avx512vl	fixed	shared	0	throughput	3	175985	30122626	150139497	565792132	1176913463	1176913463
keccak1600-avx512vl-rust	keccak1600-avx512vl	fixed	shared	0	latency	3	164383	30127666	150117507	528656080	1207044536	1207044536
keccak1600-avx512vl-rust	keccak1600-avx512vl	runtime	stack	0	throughput	3	165090	29955356	149373489	480907525	1236998359	1236998359
keccak1600-avx512vl-rust	keccak1600-avx512vl	runtime	stack	0	latency	3	160401	30046786	149728525	467408862	1267048822	1267048822
keccak1600-avx512vl-rust	keccak1600-avx512vl	fixed	stack	0	throughput	3	172197	30223906	150626432	481807557	1297275996	1297275996
keccak1600-avx512vl-rust	keccak1600-avx512vl	fixed	stack	0	latency	3	167685	30297605	151106953	469350665	1327576870	1327576870
keccak1600-avx512vl-rust	keccak1600-avx512vl	runtime	asm	0	throughput	3	146230	30264566	151159601	326239485	1357844703	1357844703
keccak1600-avx512vl-rust	keccak1600-avx512vl	runtime	asm	0	latency	3	142116	29959116	149984754	317203262	1387807486	1387807486
keccak1600-avx512vl-rust	keccak1600-avx512vl	fixed	asm	0	throughput	3	147352	30189276	150961452	322259181	1418000289	1418000289
keccak1600-avx512vl-rust	keccak1600-avx512vl	fixed	asm	0	latency	3	143390	30136316	151078092	313737672	1448140212	1448140212
keccak1600-avx512vl-rust	keccak1600-avx512vl	runtime	stack	0	throughput	4	167832	30290095	151796990	488894972	1478433565	1478433565
keccak1600-avx512vl-rust	keccak1600-avx512vl	runtime	stack	0	latency	4	164524	30738586	153978145	479423291	1509175308	1509175308
keccak1600-avx512vl-rust	keccak1600-avx512vl	fixed	stack	0	throughput	4	172506	30170296	150896838	482672140	1539349011	1539349011
keccak1600-avx512vl-rust	keccak1600-avx512vl	fixed	stack	0	latency	4	167832	30239616	151312630	469762120	1569591894	1569591894
keccak1600-avx512vl-rust	keccak1600-avx512vl	runtime	asm	0	throughput	4	146007	30005006	150196806	325741971	1599600247	1599600247
keccak1600-avx512vl-rust	keccak1600-avx512vl	runtime	asm	0	latency	4	143605	30127835	150880590	320526716	1629724601	1629724601
keccak1600-avx512vl-rust	keccak1600-avx512vl	fixed	asm	0	throughput	4	147126	30234306	151390750	321764924	1659958444	1659958444
keccak1600-avx512vl-rust	keccak1600-avx512vl	fixed	asm	0	latency	4	144360	30182686	151118300	315860034	1690135177	1690135177
keccak1600-avx512vl-rust	keccak1600-avx512vl	runtime	shared	0	throughput	4	171581	30161476	150519717	554893309	1720299900	1720299900
keccak1600-avx512vl-rust	keccak1600-avx512vl	runtime	shared	0	latency	4	161888	30070566	149963079	523708032	1750373583	1750373583
keccak1600-avx512vl-rust	keccak1600-avx512vl	fixed	shared	0	throughput	4	175840	30075826	150079465	565325955	1780452566	1780452566
keccak1600-avx512vl-rust	keccak1600-avx512vl	fixed	shared	0	latency	4	164242	30070766	149845650	528202627	1810520050	1810520050
keccak1600-avx512vl-rust	keccak1600-avx512vl	control	empty	0	throughput	0	2000000	2415669	12026181	30000321	1812938868	1812938868
keccak1600-avx512vl-rust	keccak1600-avx512vl	control	empty	0	latency	0	2000000	12816024	64144489	32000337	1825757866	1825757866
keccak1600-avx512vl-rust	keccak1600-avx512vl	runtime	shared	20	throughput	0	170818	30322936	151396426	482219584	1856083869	1856083869
keccak1600-avx512vl-rust	keccak1600-avx512vl	runtime	shared	20	latency	0	163126	30607715	152994873	461157570	1886694652	1886694652
keccak1600-avx512vl-rust	keccak1600-avx512vl	fixed	shared	20	throughput	0	171735	30168526	150667934	481888778	1916866445	1916866445
keccak1600-avx512vl-rust	keccak1600-avx512vl	fixed	shared	20	latency	0	164383	30051676	150330327	461916598	1946921568	1946921568
keccak1600-avx512vl-rust	keccak1600-avx512vl	runtime	stack	20	throughput	0	165374	29989286	149833727	481404077	1976914712	1976914712
keccak1600-avx512vl-rust	keccak1600-avx512vl	runtime	stack	20	latency	0	163126	30301236	151139436	475512657	2007220505	2007220505
keccak1600-avx512vl-rust	keccak1600-avx512vl	fixed	stack	20	throughput	0	171735	30021406	149840776	481717038	2037245938	2037245938
keccak1600-avx512vl-rust	keccak1600-avx512vl	fixed	stack	20	latency	0	165374	30213555	150689955	464535941	2067465251	2067465251
keccak1600-avx512vl-rust	keccak1600-avx512vl	runtime	asm	20	throughput	0	145124	29769356	149055498	323481759	2097240564	2097240564
keccak1600-avx512vl-rust	keccak1600-avx512vl	runtime	asm	20	latency	0	143712	30085896	150691721	320909262	2127329788	2127329788
keccak1600-avx512vl-rust	keccak1600-avx512vl	fixed	asm	20	throughput	0	146453	29654836	148392153	320878889	2156987991	2156987991
keccak1600-avx512vl-rust	keccak1600-avx512vl	fixed	asm	20	latency	0	142538	29502576	147708792	312871279	2186488715	2186488715
keccak1600-avx512vl-rust	keccak1600-avx512vl	runtime	stack	20	throughput	1	166089	30167046	150566218	483485445	2216658928	2216658928
keccak1600-avx512vl-rust	keccak1600-avx512vl	runtime	stack	20	latency	1	161209	29914436	149478605	469924605	2246576692	2246576692
keccak1600-avx512vl-rust	keccak1600-avx512vl	fixed	stack	20	throughput	1	172661	30130646	150539007	484314476	2276710535	2276710535
keccak1600-avx512vl-rust	keccak1600-avx512vl	fixed	stack	20	latency	1	165090	30191776	150508579	463738180	2306905438	2306905438
keccak1600-avx512vl-rust	keccak1600-avx512vl	runtime	asm	20	throughput	1	145454	29822656	149280955	324217334	2336731211	2336731211
keccak1600-avx512vl-rust	keccak1600-avx512vl	runtime	asm	20	latency	1	143928	30099576	150818664	321391596	2366833955	2366833955
keccak1600-avx512vl-rust	keccak1600-avx512vl	fixed	asm	20	throughput	1	148148	29990915	150273500	324592639	2396828009	2396828009
keccak1600-avx512vl-rust	keccak1600-avx512vl	fixed	asm	20	latency	1	145564	30010416	150332254	319513352	2426841582	2426841582
keccak1600-avx512vl-rust	keccak1600-avx512vl	runtime	shared	20	throughput	1	170363	30172726	151096415	480935114	2457017595	2457017595
keccak1600-avx512vl-rust	keccak1600-avx512vl	runtime	shared	20	latency	1	162574	30144676	150758414	459597064	2487166058	2487166058
keccak1600-avx512vl-rust	keccak1600-avx512vl	fixed	shared	20	throughput	1	171888	30118415	150388152	482318092	2517288022	2517288022
keccak1600-avx512vl-rust	keccak1600-avx512vl	fixed	shared	20	latency	1	164242	30021076	150197463	461520391	2547312685	2547312685
keccak1600-avx512vl-rust	keccak1600-avx512vl	runtime	asm	20	throughput	2	144687	29844226	149290655	322507692	2577150018	2577150018
keccak1600-avx512vl-rust	keccak1600-avx512vl	runtime	asm	20	latency	2	142750	30026476	150532515	318761116	2607179702	2607179702
keccak1600-avx512vl-rust	keccak1600-avx512vl	fixed	asm	20	throughput	2	145124	29786306	149307856	317967047	2636969105	2636969105
keccak1600-avx512vl-rust	keccak1600-avx512vl	fixed	asm	20	latency	2	145015	29896946	149904441	318308294	2666869148	2666869148
keccak1600-avx512vl-rust	keccak1600-avx512vl	runtime	shared	20	throughput	2	169761	30032966	150455488	479235667	2696905912	2696905912
keccak1600-avx512vl-rust	keccak1600-avx512vl	runtime	shared	20	latency	2	162574	30088555	150691987	459597068	2726998835	2726998835
keccak1600-avx512vl-rust	keccak1600-avx512vl	fixed	shared	20	throughput	2	172351	30142616	150957346	483617275	2757144798	2757144798
keccak1600-avx512vl-rust	keccak1600-avx512vl	fixed	shared	20	latency	2	163822	30130626	150782420	460340190	2787278851	2787278851
keccak1600-avx512vl-rust	keccak1600-avx512vl	runtime	stack	20	throughput	2	165803	30084046	150453809	482652904	2817366215	2817366215
keccak1600-avx512vl-rust	keccak1600-avx512vl	runtime	stack	20	latency	2	161888	30327736	150078461	471903885	2847697289	2847697289
keccak1600-avx512vl-rust	keccak1600-avx512vl	fixed	stack	20	throughput	2	171581	29903395	149599795	481285067	2877604093	2877604093
keccak1600-avx512vl-rust	keccak1600-avx512vl	fixed	stack	20	latency	2	164383	30098676	150499722	461752213	2907706106	2907706106
keccak1600-avx512vl-rust	keccak1600-avx512vl	runtime	shared	20	throughput	3	170062	30241566	150748634	480085388	2937951069	2937951069
keccak1600-avx512vl-rust	keccak1600-avx512vl	runtime	shared	20	latency	3	162711	30422926	151919997	459984357	2968377412	2968377412
keccak1600-avx512vl-rust	keccak1600-avx512vl	fixed	shared	20	throughput	3	171443	30048377	149838201	481069425	2998429295	2998429295
keccak1600-avx512vl-rust	keccak1600-avx512vl	fixed	shared	20	latency	3	163404	29974505	149654116	459165605	3028407829	3028407829
keccak1600-avx512vl-rust	keccak1600-avx512vl	runtime	stack	20	throughput	3	166233	30256916	150863133	483904621	3058668422	3058668422
keccak1600-avx512vl-rust	keccak1600-avx512vl	runtime	stack	20	latency	3	158677	29434646	147080944	462543819	3088107396	3088107396
keccak1600-avx512vl-rust	keccak1600-avx512vl	fixed	stack	20	throughput	3	172506	30175146	150439348	483879690	3118286279	3118286279
keccak1600-avx512vl-rust	keccak1600-avx512vl	fixed	stack	20	latency	3	165232	30148416	150547100	464137051	3148438232	3148438232
keccak1600-avx512vl-rust	keccak1600-avx512vl	runtime	asm	20	throughput	3	146676	30124695	150830694	326941171	3178566295	3178566295
keccak1600-avx512vl-rust	keccak1600-avx512vl	runtime	asm	20	latency	3	143390	30479576	150497642	320190239	3209042928	3209042928
keccak1600-avx512vl-rust	keccak1600-avx512vl	fixed	asm	20	throughput	3	147692	29855386	149585165	323593541	3238901491	3238901491
keccak1600-avx512vl-rust	keccak1600-avx512vl	fixed	asm	20	latency	3	145675	30048106	150517206	319756998	3268953245	3268953245
keccak1600-avx512vl-rust	keccak1600-avx512vl	runtime	stack	20	throughput	4	165374	30108525	150339527	481404081	3299065058	3299065058
keccak1600-avx512vl-rust	keccak1600-avx512vl	runtime	stack	20	latency	4	161752	30004746	149948737	471507449	3329073011	3329073011
keccak1600-avx512vl-rust	keccak1600-avx512vl	fixed	stack	20	throughput	4	172661	30104556	150630005	484314476	3359180704	3359180704
keccak1600-avx512vl-rust	keccak1600-avx512vl	fixed	stack	20	latency	4	165660	30277536	151021035	465339313	3389461377	3389461377
keccak1600-avx512vl-rust	keccak1600-avx512vl	runtime	asm	20	throughput	4	118591	24277238	121637254	264339701	3413741716	3413741716
keccak1600-avx512vl-rust	keccak1600-avx512vl	runtime	asm	20	latency	4	143712	30287736	151596867	320909268	3444032509	3444032509
keccak1600-avx512vl-rust	keccak1600-avx512vl	fixed	asm	20	throughput	4	148491	29943516	150002908	325344151	3473979272	3473979272
keccak1600-avx512vl-rust	keccak1600-avx512vl	fixed	asm	20	latency	4	145675	30124986	150881170	319756998	3504107355	3504107355
keccak1600-avx512vl-rust	keccak1600-avx512vl	runtime	shared	20	throughput	4	170062	30094705	150725576	480085389	3534205178	3534205178
keccak1600-avx512vl-rust	keccak1600-avx512vl	runtime	shared	20	latency	4	162711	30246656	151160140	459984369	3564455032	3564455032
keccak1600-avx512vl-rust	keccak1600-avx512vl	fixed	shared	20	throughput	4	171735	30107686	150183118	481888782	3594560135	3594560135
keccak1600-avx512vl-rust	keccak1600-avx512vl	fixed	shared	20	latency	4	163543	29949385	149526889	459556203	3624512688	3624512688
keccak1600-avx512vl-rust	keccak1600-avx512vl	control	empty	20	throughput	0	2000000	2801589	14003413	30000320	3627317306	3627317306
keccak1600-avx512vl-rust	keccak1600-avx512vl	control	empty	20	latency	0	2000000	2846929	14149779	38000319	3630167153	3630167153
keccak1600-avx512vl-rust	keccak1600-avx512vl	runtime	shared	32	throughput	0	169911	29953346	149377313	479489214	3660123486	3660123486
keccak1600-avx512vl-rust	keccak1600-avx512vl	runtime	shared	32	latency	0	162574	30146135	150489922	459109346	3690272730	3690272730
keccak1600-avx512vl-rust	keccak1600-avx512vl	fixed	shared	32	throughput	0	172506	30214716	150712745	483534688	3720490573	3720490573
keccak1600-avx512vl-rust	keccak1600-avx512vl	fixed	shared	32	latency	0	163962	29972286	149879279	459913785	3750466136	3750466136
keccak1600-avx512vl-rust	keccak1600-avx512vl	runtime	stack	32	throughput	0	166089	30141916	150450269	483153268	3780611359	3780611359
keccak1600-avx512vl-rust	keccak1600-avx512vl	runtime	stack	32	latency	0	163126	29976335	149546746	474860150	3810591182	3810591182
keccak1600-avx512vl-rust	keccak1600-avx512vl	fixed	stack	32	throughput	0	173128	30149616	150820964	485105017	3840744276	3840744276
keccak1600-avx512vl-rust	keccak1600-avx512vl	fixed	stack	32	latency	0	164665	30126776	150427755	461721027	3870874429	3870874429
keccak1600-avx512vl-rust	keccak1600-avx512vl	runtime	asm	32	throughput	0	144905	29940576	149189800	322703799	3900818392	3900818392
keccak1600-avx512vl-rust	keccak1600-avx512vl	runtime	asm	32	latency	0	143928	30275255	150790652	320815874	3931091005	3931091005
keccak1600-avx512vl-rust	keccak1600-avx512vl	fixed	asm	32	throughput	0	148377	30443406	151616064	324797615	3961537768	3961537768
keccak1600-avx512vl-rust	keccak1600-avx512vl	fixed	asm	32	latency	0	144687	30294076	150771387	317009580	3991835351	3991835351
keccak1600-avx512vl-rust	keccak1600-avx512vl	runtime	stack	32	throughput	1	165660	30158795	150111866	481905307	4021997624	4021997624
keccak1600-avx512vl-rust	keccak1600-avx512vl	runtime	stack	32	latency	1	162574	30288326	150195962	473253281	4052292177	4052292177
keccak1600-avx512vl-rust	keccak1600-avx512vl	fixed	stack	32	throughput	1	171581	30190526	149734429	480770334	4082485840	4082485840
keccak1600-avx512vl-rust	keccak1600-avx512vl	fixed	stack	32	latency	1	163126	30083365	149132144	457405674	4112567464	4112567464
keccak1600-avx512vl-rust	keccak1600-avx512vl	runtime	asm	32	throughput	1	146453	30250416	149984037	326151192	4142821457	4142821457
keccak1600-avx512vl-rust	keccak1600-avx512vl	runtime	asm	32	latency	1	142538	29981456	148717197	317717570	4172806240	4172806240
keccak1600-avx512vl-rust	keccak1600-avx512vl	fixed	asm	32	throughput	1	144144	29879496	148194179	315531583	4202689074	4202689074
keccak1600-avx512vl-rust	keccak1600-avx512vl	fixed	asm	32	latency	1	143283	29981375	148624333	313933424	4232666908	4232666908
keccak1600-avx512vl-rust	keccak1600-avx512vl	runtime	shared	32	throughput	1	169761	30027506	148936635	479065908	4262697601	4262697601
keccak1600-avx512vl-rust	keccak1600-avx512vl	runtime	shared	32	latency	1	161480	30125306	149422147	456019891	4292826164	4292826164
keccak1600-avx512vl-rust	keccak1600-avx512vl	fixed	shared	32	throughput	1	171122	30124276	149365306	479655330	4322953627	4322953627
keccak1600-avx512vl-rust	keccak1600-avx512vl	fixed	shared	32	latency	1	163543	30201755	149514664	458738483	4353158531	4353158531
keccak1600-avx512vl-rust	keccak1600-avx512vl	runtime	asm	32	throughput	2	142750	29629276	146761441	317904626	4382790924	4382790924
keccak1600-avx512vl-rust	keccak1600-avx512vl	runtime	asm	32	latency	2	142857	30282456	150227662	318428624	4413076617	4413076617
keccak1600-avx512vl-rust	keccak1600-avx512vl	fixed	asm	32	throughput	2	146453	30089896	149208337	320585985	4443169630	4443169630
keccak1600-avx512vl-rust	keccak1600-avx512vl	fixed	asm	32	latency	2	143176	29938755	148314302	313698988	4473111884	4473111884
keccak1600-avx512vl-rust	keccak1600-avx512vl	runtime	shared	32	throughput	2	170062	30350016	150449966	479915332	4503465707	4503465707
keccak1600-avx512vl-rust	keccak1600-avx512vl	runtime	shared	32	latency	2	161073	30067966	149149137	454870518	4533536870	4533536870
keccak1600-avx512vl-rust	keccak1600-avx512vl	fixed	shared	32	throughput	2	171428	30183075	149696627	480513054	4563723183	4563723183
keccak1600-avx512vl-rust	keccak1600-avx512vl	fixed	shared	32	latency	2	163404	30114806	149369835	458348591	4593841356	4593841356
keccak1600-avx512vl-rust	keccak1600-avx512vl	runtime	stack	32	throughput	2	164102	30213806	149760597	477373086	4624058439	4624058439
keccak1600-avx512vl-rust	keccak1600-avx512vl	runtime	stack	32	latency	2	161616	29906895	148072089	470464548	4653968463	4653968463
keccak1600-avx512vl-rust	keccak1600-avx512vl	fixed	stack	32	throughput	2	170970	30065076	149122728	479058310	4684036826	4684036826
keccak1600-avx512vl-rust	keccak1600-avx512vl	fixed	stack	32	latency	2	162849	30010716	148859590	456628961	4714051939	4714051939
keccak1600-avx512vl-rust	keccak1600-avx512vl	runtime	shared	32	throughput	3	169911	30109716	149329317	479489203	4744168763	4744168763
keccak1600-avx512vl-rust	keccak1600-avx512vl	runtime	shared	32	latency	3	160669	30030625	148882473	453729626	4774202766	4774202766
keccak1600-avx512vl-rust	keccak1600-avx512vl	fixed	shared	32	throughput	3	170515	30027296	148866026	477953913	4804233339	4804233339
keccak1600-avx512vl-rust	keccak1600-avx512vl	fixed	shared	32	latency	3	162988	30039206	148997890	457181708	4834275842	4834275842
keccak1600-avx512vl-rust	keccak1600-avx512vl	runtime	stack	32	throughput	3	164524	30012125	148870694	478600686	4864291146	4864291146
keccak1600-avx512vl-rust	keccak1600-avx512vl	runtime	stack	32	latency	3	163126	30223816	149897590	474860158	4894518699	4894518699
keccak1600-avx512vl-rust	keccak1600-avx512vl	fixed	stack	32	throughput	3	171581	30209866	149686465	480770330	4924732132	4924732132
keccak1600-avx512vl-rust	keccak1600-avx512vl	fixed	stack	32	latency	3	163265	30104156	149182501	457795425	4954839985	4954839985
keccak1600-avx512vl-rust	keccak1600-avx512vl	runtime	asm	32	throughput	3	144360	29844185	147975556	321490087	4984690048	4984690048
keccak1600-avx512vl-rust	keccak1600-avx512vl	runtime	asm	32	latency	3	142538	30019146	148882141	317717567	5014716252	5014716252
keccak1600-avx512vl-rust	keccak1600-avx512vl	fixed	asm	32	throughput	3	147126	30259706	150071656	322059178	5044983805	5044983805
keccak1600-avx512vl-rust	keccak1600-avx512vl	fixed	asm	32	latency	3	144144	30312965	150335627	315819869	5075301878	5075301878
keccak1600-avx512vl-rust	keccak1600-avx512vl	runtime	stack	32	throughput	4	164806	30261776	150071149	479421017	5105567491	5105567491
keccak1600-avx512vl-rust	keccak1600-avx512vl	runtime	stack	32	latency	4	162711	30062096	149056345	473652090	5135633224	5135633224
keccak1600-avx512vl-rust	keccak1600-avx512vl	fixed	stack	32	throughput	4	170970	30072995	149099236	479058299	5165709567	5165709567
keccak1600-avx512vl-rust	keccak1600-avx512vl	fixed	stack	32	latency	4	163265	30098666	149169317	457795423	5195806131	5195806131
keccak1600-avx512vl-rust	keccak1600-avx512vl	runtime	asm	32	throughput	4	144252	29873356	147972842	321249566	5225682894	5225682894
keccak1600-avx512vl-rust	keccak1600-avx512vl	runtime	asm	32	latency	4	142963	30173985	149337331	318664889	5255860367	5255860367
keccak1600-avx512vl-rust	keccak1600-avx512vl	fixed	asm	32	throughput	4	146453	30119146	149087710	320585984	5285983540	5285983540
keccak1600-avx512vl-rust	keccak1600-avx512vl	fixed	asm	32	latency	4	144144	30121646	149232230	315819876	5316108513	5316108513
keccak1600-avx512vl-rust	keccak1600-avx512vl	runtime	shared	32	throughput	4	169461	30038506	148991359	478219311	5346150337	5346150337
keccak1600-avx512vl-rust	keccak1600-avx512vl	runtime	shared	32	latency	4	160804	30038315	148890239	454110862	5376186220	5376186220
keccak1600-avx512vl-rust	keccak1600-avx512vl	fixed	shared	32	throughput	4	169911	29924566	148396303	476260902	5406113963	5406113963
keccak1600-avx512vl-rust	keccak1600-avx512vl	fixed	shared	32	latency	4	162988	30047706	149003864	457181713	5436164857	5436164857
keccak1600-avx512vl-rust	keccak1600-avx512vl	control	empty	32	throughput	0	2000000	2841148	14090671	30000321	5439009344	5439009344
keccak1600-avx512vl-rust	keccak1600-avx512vl	control	empty	32	latency	0	2000000	2822319	14011621	34000320	5441834772	5441834772
keccak1600-avx512vl-rust	keccak1600-avx512vl	runtime	shared	64	throughput	0	166956	30044375	149010052	471484113	5471882225	5471882225
keccak1600-avx512vl-rust	keccak1600-avx512vl	runtime	shared	64	latency	0	160000	30105276	149306941	452160369	5501990738	5501990738
keccak1600-avx512vl-rust	keccak1600-avx512vl	fixed	shared	64	throughput	0	168568	29771386	148331385	472496471	5531765902	5531765902
keccak1600-avx512vl-rust	keccak1600-avx512vl	fixed	shared	64	latency	0	164383	30243796	151238339	461094688	5562013945	5562013945
keccak1600-avx512vl-rust	keccak1600-avx512vl	runtime	stack	64	throughput	0	166089	30149385	150585249	483153269	5592166858	5592166858
keccak1600-avx512vl-rust	keccak1600-avx512vl	runtime	stack	64	latency	0	161752	30276326	151116896	470860441	5622446321	5622446321
keccak1600-avx512vl-rust	keccak1600-avx512vl	fixed	stack	64	throughput	0	170515	30029065	150071321	477783404	5652474454	5652474454
keccak1600-avx512vl-rust	keccak1600-avx512vl	fixed	stack	64	latency	0	162711	30005396	149695005	456242015	5682477377	5682477377
keccak1600-avx512vl-rust	keccak1600-avx512vl	runtime	asm	64	throughput	0	146453	30532346	152925469	326151201	5713012940	5713012940
keccak1600-avx512vl-rust	keccak1600-avx512vl	runtime	asm	64	latency	0	142857	30100865	150653723	318428619	5743117103	5743117103
keccak1600-avx512vl-rust	keccak1600-avx512vl	fixed	asm	64	throughput	0	148262	30299456	151692538	324545884	5773420226	5773420226
keccak1600-avx512vl-rust	keccak1600-avx512vl	fixed	asm	64	latency	0	144360	30107996	150767181	316293125	5803531750	5803531750
keccak1600-avx512vl-rust	keccak1600-avx512vl	runtime	stack	64	throughput	1	165946	30258955	150964229	482737287	5833788693	5833788693
keccak1600-avx512vl-rust	keccak1600-avx512vl	runtime	stack	64	latency	1	160938	30174706	150367976	468490889	5863966696	5863966696
keccak1600-avx512vl-rust	keccak1600-avx512vl	fixed	stack	64	throughput	1	170515	30248475	150772554	477783399	5894218489	5894218489
keccak1600-avx512vl-rust	keccak1600-avx512vl	fixed	stack	64	latency	1	163126	30090546	150080415	457405677	5924312212	5924312212
keccak1600-avx512vl-rust	keccak1600-avx512vl	runtime	asm	64	throughput	1	145454	29919156	149872713	323926427	5954234546	5954234546
keccak1600-avx512vl-rust	keccak1600-avx512vl	runtime	asm	64	latency	1	142750	30401125	152269809	318190120	5984638849	5984638849
keccak1600-avx512vl-rust	keccak1600-avx512vl	fixed	asm	64	throughput	1	147806	30350416	151883298	323547707	6014992512	6014992512
keccak1600-avx512vl-rust	keccak1600-avx512vl	fixed	asm	64	latency	1	143928	30081325	150692496	315346617	6045076996	6045076996
keccak1600-avx512vl-rust	keccak1600-avx512vl	runtime	shared	64	throughput	1	169312	30581226	152508561	478137458	6075661438	6075661438
keccak1600-avx512vl-rust	keccak1600-avx512vl	runtime	shared	64	latency	1	160938	30032296	150125101	454811158	6105697052	6105697052
keccak1600-avx512vl-rust	keccak1600-avx512vl	fixed	shared	64	throughput	1	172197	30437315	151617847	482668559	6136137815	6136137815
keccak1600-avx512vl-rust	keccak1600-avx512vl	fixed	shared	64	latency	1	163682	30488665	150598159	459128380	6166630577	6166630577
keccak1600-avx512vl-rust	keccak1600-avx512vl	runtime	asm	64	throughput	2	142327	29453146	146894406	316962596	6196087931	6196087931
keccak1600-avx512vl-rust	keccak1600-avx512vl	runtime	asm	64	latency	2	142857	30200956	150582527	318428622	6226283924	6226283924
keccak1600-avx512vl-rust	keccak1600-avx512vl	fixed	asm	64	throughput	2	146901	29921596	149631760	321566656	6256209168	6256209168
keccak1600-avx512vl-rust	keccak1600-avx512vl	fixed	asm	64	latency	2	144144	30059395	150261527	315819872	6286271991	6286271991
keccak1600-avx512vl-rust	keccak1600-avx512vl	runtime	shared	64	throughput	2	168865	30223106	150701963	476875131	6316498894	6316498894
keccak1600-avx512vl-rust	keccak1600-avx512vl	runtime	shared	64	latency	2	160669	30283195	150942764	454050964	6346786187	6346786187
keccak1600-avx512vl-rust	keccak1600-avx512vl	fixed	shared	64	throughput	2	170363	30376486	151374749	477527856	6377165800	6377165800
keccak1600-avx512vl-rust	keccak1600-avx512vl	fixed	shared	64	latency	2	162711	30026246	149698620	456404726	6407195193	6407195193
keccak1600-avx512vl-rust	keccak1600-avx512vl	runtime	stack	64	throughput	2	166233	30240185	150722944	483572169	6437438456	6437438456
keccak1600-avx512vl-rust	keccak1600-avx512vl	runtime	stack	64	latency	2	160669	30219136	150557964	467707824	6467660730	6467660730
keccak1600-avx512vl-rust	keccak1600-avx512vl	fixed	stack	64	throughput	2	170212	30034055	149791558	476934391	6497698223	6497698223
keccak1600-avx512vl-rust	keccak1600-avx512vl	fixed	stack	64	latency	2	162711	29978426	149695138	456242015	6527680266	6527680266
keccak1600-avx512vl-rust	keccak1600-avx512vl	runtime	shared	64	throughput	3	169312	30570365	152448064	478137458	6558253769	6558253769
keccak1600-avx512vl-rust	keccak1600-avx512vl	runtime	shared	64	latency	3	160401	30076576	149803900	453293598	6588324732	6588324732
keccak1600-avx512vl-rust	keccak1600-avx512vl	fixed	shared	64	throughput	3	170212	30067376	149808811	477104607	6618395235	6618395235
keccak1600-avx512vl-rust	keccak1600-avx512vl	fixed	shared	64	latency	3	163001	30266526	149972203	457218175	6648664888	6648664888
keccak1600-avx512vl-rust	keccak1600-avx512vl	runtime	stack	64	throughput	3	166089	30217416	150915682	483153270	6678885682	6678885682
keccak1600-avx512vl-rust	keccak1600-avx512vl	runtime	stack	64	latency	3	160669	30398885	151549938	467707829	6709287734	6709287734
keccak1600-avx512vl-rust	keccak1600-avx512vl	fixed	stack	64	throughput	3	170666	30105676	150268449	478206502	6739396528	6739396528
keccak1600-avx512vl-rust	keccak1600-avx512vl	fixed	stack	64	latency	3	163682	30185075	150585464	458964700	6769584691	6769584691
keccak1600-avx512vl-rust	keccak1600-avx512vl	runtime	asm	64	throughput	3	144144	29807176	149146998	321009054	6799395194	6799395194
keccak1600-avx512vl-rust	keccak1600-avx512vl	runtime	asm	64	latency	3	142116	29903996	149728340	316776931	6829303008	6829303008
keccak1600-avx512vl-rust	keccak1600-avx512vl	fixed	asm	64	throughput	3	147352	30193935	151086773	322553903	6859493431	6859493431
keccak1600-avx512vl-rust	keccak1600-avx512vl	fixed	asm	64	latency	3	144578	30229776	151376537	316770761	6889726684	6889726684
keccak1600-avx512vl-rust	keccak1600-avx512vl	runtime	stack	64	throughput	4	166811	30301615	151038624	485253559	6920031747	6920031747
keccak1600-avx512vl-rust	keccak1600-avx512vl	runtime	stack	64	latency	4	161073	30271546	150866925	468883867	6950306620	6950306620
keccak1600-avx512vl-rust	keccak1600-avx512vl	fixed	stack	64	throughput	4	170363	30064485	149959898	477357495	6980374403	6980374403
keccak1600-avx512vl-rust	keccak1600-avx512vl	fixed	stack	64	latency	4	163126	30288336	151583000	457405672	7010666156	7010666156
keccak1600-avx512vl-rust	keccak1600-avx512vl	runtime	asm	64	throughput	4	145124	29846466	149395425	323191509	7040515910	7040515910
keccak1600-avx512vl-rust	keccak1600-avx512vl	runtime	asm	64	latency	4	141906	29895205	149751627	316308838	7070414763	7070414763
keccak1600-avx512vl-rust	keccak1600-avx512vl	fixed	asm	64	throughput	4	146453	30257466	151485382	320585988	7100676486	7100676486
keccak1600-avx512vl-rust	keccak1600-avx512vl	fixed	asm	64	latency	4	143820	30064106	150549771	315109988	7130743869	7130743869
keccak1600-avx512vl-rust	keccak1600-avx512vl	runtime	shared	64	throughput	4	169611	30314365	151306924	478981835	7161061472	7161061472
keccak1600-avx512vl-rust	keccak1600-avx512vl	runtime	shared	64	latency	4	160938	30062596	150180418	454811160	7191127326	7191127326
keccak1600-avx512vl-rust	keccak1600-avx512vl	fixed	shared	64	throughput	4	171275	30462375	151981363	480084187	7221592898	7221592898
keccak1600-avx512vl-rust	keccak1600-avx512vl	fixed	shared	64	latency	4	163822	30175986	150728059	459521085	7251767382	7251767382
keccak1600-avx512vl-rust	keccak1600-avx512vl	control	empty	64	throughput	0	2000000	2799868	14016372	30000318	7254570399	7254570399
keccak1600-avx512vl-rust	keccak1600-avx512vl	control	empty	64	latency	0	2000000	2819409	14004066	34000322	7257392787	7257392787
keccak1600-avx512vl-rust	keccak1600-avx512vl	runtime	shared	135	throughput	0	172197	29782306	148371541	556024466	7287195560	7287195560
keccak1600-avx512vl-rust	keccak1600-avx512vl	runtime	shared	135	latency	0	165803	30154455	150294891	535709845	7317353253	7317353253
keccak1600-avx512vl-rust	keccak1600-avx512vl	fixed	shared	135	throughput	0	177121	30509426	152068645	568558764	7347865796	7347865796
keccak1600-avx512vl-rust	keccak1600-avx512vl	fixed	shared	135	latency	0	167685	30234445	150698669	538604574	7378103509	7378103509
keccak1600-avx512vl-rust	keccak1600-avx512vl	runtime	stack	135	throughput	0	162436	30099936	150053338	474151039	7408206872	7408206872
keccak1600-avx512vl-rust	keccak1600-avx512vl	runtime	stack	135	latency	0	158940	30113825	150117195	464264096	7438323956	7438323956
keccak1600-avx512vl-rust	keccak1600-avx512vl	fixed	stack	135	throughput	0	172043	30141546	150295696	483613229	7468468599	7468468599
keccak1600-avx512vl-rust	keccak1600-avx512vl	fixed	stack	135	latency	0	163822	30065965	150055508	460831645	7498537752	7498537752
keccak1600-avx512vl-rust	keccak1600-avx512vl	runtime	asm	135	throughput	0	145454	30031076	150438124	325380951	7528572145	7528572145
keccak1600-avx512vl-rust	keccak1600-avx512vl	runtime	asm	135	latency	0	141592	30058576	150424890	317024844	7558628468	7558628468
keccak1600-avx512vl-rust	keccak1600-avx512vl	fixed	asm	135	throughput	0	148952	30448515	152265511	326205237	7589080131	7589080131
keccak1600-avx512vl-rust	keccak1600-avx512vl	fixed	asm	135	latency	0	143712	30478975	152587087	315017062	7619562274	7619562274
keccak1600-avx512vl-rust	keccak1600-avx512vl	runtime	stack	135	throughput	1	162574	30054386	150052483	474553863	7649619708	7649619708
keccak1600-avx512vl-rust	keccak1600-avx512vl	runtime	stack	135	latency	1	158415	30049975	149849695	462730572	7679672822	7679672822
keccak1600-avx512vl-rust	keccak1600-avx512vl	fixed	stack	135	throughput	1	171735	30090856	149965673	482747437	7709766755	7709766755
keccak1600-avx512vl-rust	keccak1600-avx512vl	fixed	stack	135	latency	1	163822	30061806	150070902	460831644	7739831608	7739831608
keccak1600-avx512vl-rust	keccak1600-avx512vl	runtime	asm	135	throughput	1	145896	30193395	151256974	326369707	7770028261	7770028261
keccak1600-avx512vl-rust	keccak1600-avx512vl	runtime	asm	135	latency	1	141384	29939706	149975521	316559133	7799971175	7799971175
keccak1600-avx512vl-rust	keccak1600-avx512vl	fixed	asm	135	throughput	1	149765	30382225	152183187	327985704	7830356878	7830356878
keccak1600-avx512vl-rust	keccak1600-avx512vl	fixed	asm	135	latency	1	142538	30229426	151401125	312443651	7860589631	7860589631
keccak1600-avx512vl-rust	keccak1600-avx512vl	runtime	shared	135	throughput	1	174070	30221715	150625171	562072387	7890809414	7890809414
keccak1600-avx512vl-rust	keccak1600-avx512vl	runtime	shared	135	latency	1	165517	30158236	150342643	534785779	7920970787	7920970787
keccak1600-avx512vl-rust	keccak1600-avx512vl	fixed	shared	135	throughput	1	175502	29906055	148996887	563361772	7950875500	7950875500
keccak1600-avx512vl-rust	keccak1600-avx512vl	fixed	shared	135	latency	1	167393	30036456	149676826	537666674	7980915234	7980915234
keccak1600-avx512vl-rust	keccak1600-avx512vl	runtime	asm	135	throughput	2	143497	29936035	149746981	321003145	8010854417	8010854417
keccak1600-avx512vl-rust	keccak1600-avx512vl	runtime	asm	135	latency	2	141906	30073636	150607961	317727890	8040931260	8040931260
keccak1600-avx512vl-rust	keccak1600-avx512vl	fixed	asm	135	throughput	2	146230	29685906	148685918	320244055	8070620444	8070620444
keccak1600-avx512vl-rust	keccak1600-avx512vl	fixed	asm	135	latency	2	144036	30171195	151125674	315727264	8100796177	8100796177
keccak1600-avx512vl-rust	keccak1600-avx512vl	runtime	shared	135	throughput	2	162162	28009097	140103631	523621446	8128809792	8128809792
keccak1600-avx512vl-rust	keccak1600-avx512vl	runtime	shared	135	latency	2	166089	30272135	151618157	536633909	8159085685	8159085685
keccak1600-avx512vl-rust	keccak1600-avx512vl	fixed	shared	135	throughput	2	177777	30221376	150995130	570664519	8189304738	8189304738
keccak1600-avx512vl-rust	keccak1600-avx512vl	fixed	shared	135	latency	2	167685	30053505	149955198	538604569	8219361601	8219361601
keccak1600-avx512vl-rust	keccak1600-avx512vl	runtime	stack	135	throughput	2	162988	30203106	150715028	475762318	8249568555	8249568555
keccak1600-avx512vl-rust	keccak1600-avx512vl	runtime	stack	135	latency	2	159072	30046135	150195588	464649661	8279618479	8279618479
keccak1600-avx512vl-rust	keccak1600-avx512vl	fixed	stack	135	throughput	2	173441	30538796	152585066	487543001	8310160822	8310160822
keccak1600-avx512vl-rust	keccak1600-avx512vl	fixed	stack	135	latency	2	164102	30229545	151337608	461619279	8340393835	8340393835
keccak1600-avx512vl-rust	keccak1600-avx512vl	runtime	shared	135	throughput	3	175182	30289396	150919737	565663029	8370686708	8370686708
keccak1600-avx512vl-rust	keccak1600-avx512vl	runtime	shared	135	latency	3	165232	30130585	150186856	533864949	8400820811	8400820811
keccak1600-avx512vl-rust	keccak1600-avx512vl	fixed	shared	135	throughput	3	177449	30257286	150844768	569611644	8431081514	8431081514
keccak1600-avx512vl-rust	keccak1600-avx512vl	fixed	shared	135	latency	3	167979	30155835	150413717	539548904	8461240477	8461240477
keccak1600-avx512vl-rust	keccak1600-avx512vl	runtime	stack	135	throughput	3	162436	30100886	150067260	474151040	8491344600	8491344600
keccak1600-avx512vl-rust	keccak1600-avx512vl	runtime	stack	135	latency	3	158808	30124275	150514383	463878525	8521472084	8521472084
keccak1600-avx512vl-rust	keccak1600-avx512vl	fixed	stack	135	throughput	3	172506	30151106	150532388	484914723	8551626568	8551626568
keccak1600-avx512vl-rust	keccak1600-avx512vl	fixed	stack	135	latency	3	164524	30331695	151152278	462806367	8581961541	8581961541
keccak1600-avx512vl-rust	keccak1600-avx512vl	runtime	asm	135	throughput	3	144036	29933536	148853208	322208885	8611898474	8611898474
keccak1600-avx512vl-rust	keccak1600-avx512vl	runtime	asm	135	latency	3	141176	30053515	149754929	316093415	8641955277	8641955277
keccak1600-avx512vl-rust	keccak1600-avx512vl	fixed	asm	135	throughput	3	145785	30308325	150424798	319269507	8672266930	8672266930
keccak1600-avx512vl-rust	keccak1600-avx512vl	fixed	asm	135	latency	3	141697	30045806	149016588	310600178	8702315944	8702315944
keccak1600-avx512vl-rust	keccak1600-avx512vl	runtime	stack	135	throughput	4	161344	30172285	149724301	470963491	8732491397	8732491397
keccak1600-avx512vl-rust	keccak1600-avx512vl	runtime	stack	135	latency	4	158808	30129506	149580093	463878523	8762624130	8762624130
keccak1600-avx512vl-rust	keccak1600-avx512vl	fixed	stack	135	throughput	4	171581	30135396	149506897	482314549	8792762713	8792762713
keccak1600-avx512vl-rust	keccak1600-avx512vl	fixed	stack	135	latency	4	163822	30225885	150052604	460831641	8822991866	8822991866
keccak1600-avx512vl-rust	keccak1600-avx512vl	runtime	asm	135	throughput	4	144578	30210305	149832281	323421336	8853205399	8853205399
keccak1600-avx512vl-rust	keccak1600-avx512vl	runtime	asm	135	latency	4	141072	30173306	149641225	315860563	8883381902	8883381902
keccak1600-avx512vl-rust	keccak1600-avx512vl	fixed	asm	135	throughput	4	145896	29972896	148650867	319512596	8913358006	8913358006
keccak1600-avx512vl-rust	keccak1600-avx512vl	fixed	asm	135	latency	4	142222	30248485	150008357	311750982	8943609579	8943609579
keccak1600-avx512vl-rust	keccak1600-avx512vl	runtime	shared	135	throughput	4	172817	30117636	149369284	558026447	8973730532	8973730532
keccak1600-avx512vl-rust	keccak1600-avx512vl	runtime	shared	135	latency	4	164538	30079876	149131137	531622632	9003813695	9003813695
keccak1600-avx512vl-rust	keccak1600-avx512vl	fixed	shared	135	throughput	4	176146	30207685	149832393	565429014	9034024538	9034024538
keccak1600-avx512vl-rust	keccak1600-avx512vl	fixed	shared	135	latency	4	166811	29960756	149220017	535797288	9063988422	9063988422
keccak1600-avx512vl-rust	keccak1600-avx512vl	control	empty	135	throughput	0	2000000	2277339	11353467	30000320	9066268910	9066268910
keccak1600-avx512vl-rust	keccak1600-avx512vl	control	empty	135	latency	0	2000000	2967448	14792690	34000322	9069239357	9069239357
keccak1600-avx512vl-rust	keccak1600-avx512vl	runtime	shared	136	throughput	0	87631	30126646	150136960	558998504	9099369430	9099369430
keccak1600-avx512vl-rust	keccak1600-avx512vl	runtime	shared	136	latency	0	85333	30150985	150298257	544510224	9129524083	9129524083
keccak1600-avx512vl-rust	keccak1600-avx512vl	fixed	shared	136	throughput	0	88154	30147886	150297871	560659790	9159675306	9159675306
keccak1600-avx512vl-rust	keccak1600-avx512vl	fixed	shared	136	latency	0	85790	30283545	150972277	545796336	9189962079	9189962079
keccak1600-avx512vl-rust	keccak1600-avx512vl	runtime	stack	136	throughput	0	88520	30266586	150792386	512088555	9220226593	9220226593
keccak1600-avx512vl-rust	keccak1600-avx512vl	runtime	stack	136	latency	0	86330	30362475	151365268	499592065	9250592496	9250592496
keccak1600-avx512vl-rust	keccak1600-avx512vl	fixed	stack	136	throughput	0	85333	30143295	150309155	477011825	9280739110	9280739110
keccak1600-avx512vl-rust	keccak1600-avx512vl	fixed	stack	136	latency	0	83297	30105126	150072491	465797178	9310847423	9310847423
keccak1600-avx512vl-rust	keccak1600-avx512vl	runtime	asm	136	throughput	0	76069	30190185	150298941	328846635	9341040916	9341040916
keccak1600-avx512vl-rust	keccak1600-avx512vl	runtime	asm	136	latency	0	75709	29959976	149744389	327441774	9371004379	9371004379
keccak1600-avx512vl-rust	keccak1600-avx512vl	fixed	asm	136	throughput	0	77294	30294065	151989196	330895966	9401301862	9401301862
keccak1600-avx512vl-rust	keccak1600-avx512vl	fixed	asm	136	latency	0	75859	30050416	150676569	324904450	9431355516	9431355516
keccak1600-avx512vl-rust	keccak1600-avx512vl	runtime	stack	136	throughput	1	89053	30434575	152304679	515171951	9461795479	9461795479
keccak1600-avx512vl-rust	keccak1600-avx512vl	runtime	stack	136	latency	1	86838	30147456	150976699	502531856	9491948863	9491948863
keccak1600-avx512vl-rust	keccak1600-avx512vl	fixed	stack	136	throughput	1	85637	30126695	150790697	478711178	9522079616	9522079616
keccak1600-avx512vl-rust	keccak1600-avx512vl	fixed	stack	136	latency	1	83514	30041485	150479206	467010640	9552125019	9552125019
keccak1600-avx512vl-rust	keccak1600-avx512vl	runtime	asm	136	throughput	1	76341	30115226	150924312	330022497	9582243732	9582243732
keccak1600-avx512vl-rust	keccak1600-avx512vl	runtime	asm	136	latency	1	75264	30017345	150723401	325517147	9612264615	9612264615
keccak1600-avx512vl-rust	keccak1600-avx512vl	fixed	asm	136	throughput	1	77607	30433876	152864780	332235921	9642701688	9642701688
keccak1600-avx512vl-rust	keccak1600-avx512vl	fixed	asm	136	latency	1	75679	29753685	149566705	324133511	9672454292	9672454292
keccak1600-avx512vl-rust	keccak1600-avx512vl	runtime	shared	136	throughput	1	88560	30294816	151705399	564924596	9702752515	9702752515
keccak1600-avx512vl-rust	keccak1600-avx512vl	runtime	shared	136	latency	1	85790	30448945	152547495	547426345	9733204758	9733204758
keccak1600-avx512vl-rust	keccak1600-avx512vl	fixed	shared	136	throughput	1	88724	30199255	151276564	564284988	9763407111	9763407111
keccak1600-avx512vl-rust	keccak1600-avx512vl	fixed	shared	136	latency	1	86214	30139476	150835535	548493826	9793549754	9793549754
keccak1600-avx512vl-rust	keccak1600-avx512vl	runtime	asm	136	throughput	2	75949	30075065	150591012	328327883	9823628147	9823628147
keccak1600-avx512vl-rust	keccak1600-avx512vl	runtime	asm	136	latency	2	76372	30130316	150922612	330309249	9853761880	9853761880
keccak1600-avx512vl-rust	keccak1600-avx512vl	fixed	asm	136	throughput	2	78591	30868775	154706213	336448418	9884634873	9884634873
keccak1600-avx512vl-rust	keccak1600-avx512vl	fixed	asm	136	latency	2	76009	30052475	151070278	325546890	9914691456	9914691456
keccak1600-avx512vl-rust	keccak1600-avx512vl	runtime	shared	136	throughput	2	88520	30272855	151634756	564669428	9944968379	9944968379
keccak1600-avx512vl-rust	keccak1600-avx512vl	runtime	shared	136	latency	2	85714	30535906	152620794	546941382	9975508162	9975508162
keccak1600-avx512vl-rust	keccak1600-avx512vl	fixed	shared	136	throughput	2	88724	30404245	152259749	564284982	10005916975	10005916975
keccak1600-avx512vl-rust	keccak1600-avx512vl	fixed	shared	136	latency	2	86292	30147576	150977363	548990049	10036068298	10036068298
keccak1600-avx512vl-rust	keccak1600-avx512vl	runtime	stack	136	throughput	2	88642	30138345	150827402	512794321	10066210691	10066210691
keccak1600-avx512vl-rust	keccak1600-avx512vl	runtime	stack	136	latency	2	86799	30153545	150811375	502306161	10096368414	10096368414
keccak1600-avx512vl-rust	keccak1600-avx512vl	fixed	stack	136	throughput	2	85637	30104346	150752970	478711174	10126477118	10126477118
keccak1600-avx512vl-rust	keccak1600-avx512vl	fixed	stack	136	latency	2	83660	30169415	151131157	467827071	10156650772	10156650772
keccak1600-avx512vl-rust	keccak1600-avx512vl	runtime	shared	136	throughput	3	72180	24735388	123722011	460436566	10181381530	10181381530
keccak1600-avx512vl-rust	keccak1600-avx512vl	runtime	shared	136	latency	3	85714	30258976	151072846	546941386	10211643773	10211643773
keccak1600-avx512vl-rust	keccak1600-avx512vl	fixed	shared	136	throughput	3	88113	30159675	150496339	560399028	10241809526	10241809526
keccak1600-avx512vl-rust	keccak1600-avx512vl	fixed	shared	136	latency	3	85752	30117716	150105219	545554569	10271934039	10271934039
keccak1600-avx512vl-rust	keccak1600-avx512vl	runtime	stack	136	throughput	3	88194	30293295	151606248	510202637	10302232252	10302232252
keccak1600-avx512vl-rust	keccak1600-avx512vl	runtime	stack	136	latency	3	86877	30149975	151016723	502757547	10332386515	10332386515
keccak1600-avx512vl-rust	keccak1600-avx512vl	fixed	stack	136	throughput	3	85599	30134096	150694861	478498763	10362516788	10362516788
keccak1600-avx512vl-rust	keccak1600-avx512vl	fixed	stack	136	latency	3	83733	30160185	150827634	468235286	10392680171	10392680171
keccak1600-avx512vl-rust	keccak1600-avx512vl	runtime	asm	136	throughput	3	68181	26939617	134819668	294746808	10419623217	10419623217
keccak1600-avx512vl-rust	keccak1600-avx512vl	runtime	asm	136	latency	3	75859	30159226	151001029	328090525	10449790491	10449790491
keccak1600-avx512vl-rust	keccak1600-avx512vl	fixed	asm	136	throughput	3	76707	29943536	150194512	328383013	10479738534	10479738534
keccak1600-avx512vl-rust	keccak1600-avx512vl	fixed	asm	136	latency	3	76190	30271755	151634348	326322112	10510014207	10510014207
keccak1600-avx512vl-rust	keccak1600-avx512vl	runtime	stack	136	throughput	4	88560	30136985	150843716	512319957	10540155060	10540155060
keccak1600-avx512vl-rust	keccak1600-avx512vl	runtime	stack	136	latency	4	86799	30167636	150927910	502306164	10570326383	10570326383
keccak1600-avx512vl-rust	keccak1600-avx512vl	fixed	stack	136	throughput	4	85676	30135915	150900128	478929195	10600465626	10600465626
keccak1600-avx512vl-rust	keccak1600-avx512vl	fixed	stack	136	latency	4	83842	30281526	151118311	468844817	10630751409	10630751409
keccak1600-avx512vl-rust	keccak1600-avx512vl	runtime	asm	136	throughput	4	76281	30158645	150770847	329763114	10660915063	10660915063
keccak1600-avx512vl-rust	keccak1600-avx512vl	runtime	asm	136	latency	4	75323	29850466	149528647	325772329	10690769236	10690769236
keccak1600-avx512vl-rust	keccak1600-avx512vl	fixed	asm	136	throughput	4	76311	29911705	149798670	326687744	10720684349	10720684349
keccak1600-avx512vl-rust	keccak1600-avx512vl	fixed	asm	136	latency	4	75829	29974866	150144772	324775962	10750662443	10750662443
keccak1600-avx512vl-rust	keccak1600-avx512vl	runtime	shared	136	throughput	4	88113	30267475	150899203	562073175	10780933056	10780933056
keccak1600-avx512vl-rust	keccak1600-avx512vl	runtime	shared	136	latency	4	85409	30226265	150668136	544995178	10811162539	10811162539
keccak1600-avx512vl-rust	keccak1600-avx512vl	fixed	shared	136	throughput	4	75739	25869878	129093609	481700383	10837035636	10837035636
keccak1600-avx512vl-rust	keccak1600-avx512vl	fixed	shared	136	latency	4	85829	30223035	150635925	546044449	10867262349	10867262349
keccak1600-avx512vl-rust	keccak1600-avx512vl	control	empty	136	throughput	0	2000000	2408469	12007808	30000319	10869674207	10869674207
keccak1600-avx512vl-rust	keccak1600-avx512vl	control	empty	136	latency	0	2000000	2439079	12116896	34000321	10872116314	10872116314
keccak1600-avx512vl-rust	keccak1600-avx512vl	runtime	shared	137	throughput	0	87312	29798495	148413375	557312842	10901918218	10901918218
keccak1600-avx512vl-rust	keccak1600-avx512vl	runtime	shared	137	latency	0	84993	30065476	149819035	542680650	10931987511	10931987511
keccak1600-avx512vl-rust	keccak1600-avx512vl	fixed	shared	137	throughput	0	83044	28968506	144321815	528492359	10960960235	10960960235
keccak1600-avx512vl-rust	keccak1600-avx512vl	fixed	shared	137	latency	0	74102	26181507	130639809	471733672	10987146332	10987146332
keccak1600-avx512vl-rust	keccak1600-avx512vl	runtime	stack	137	throughput	0	88275	30088895	150004265	510936051	11017239795	11017239795
keccak1600-avx512vl-rust	keccak1600-avx512vl	runtime	stack	137	latency	0	86330	30104906	150040450	499851051	11047348508	11047348508
keccak1600-avx512vl-rust	keccak1600-avx512vl	fixed	stack	137	throughput	0	85181	30114935	150100253	476417686	11077467452	11077467452
keccak1600-avx512vl-rust	keccak1600-avx512vl	fixed	stack	137	latency	0	82973	30018675	149581077	464234283	11107490635	11107490635
keccak1600-avx512vl-rust	keccak1600-avx512vl	runtime	asm	137	throughput	0	76160	30386016	151694366	329468511	11137881658	11137881658
keccak1600-avx512vl-rust	keccak1600-avx512vl	runtime	asm	137	latency	0	76311	30291705	151519832	330274357	11168177011	11168177011
keccak1600-avx512vl-rust	keccak1600-avx512vl	fixed	asm	137	throughput	0	77077	30407225	152198573	330121142	11198581634	11198581634
keccak1600-avx512vl-rust	keccak1600-avx512vl	fixed	asm	137	latency	0	75949	30070646	150551028	325441814	11228655677	11228655677
keccak1600-avx512vl-rust	keccak1600-avx512vl	runtime	stack	137	throughput	1	88971	30314795	151053458	514964492	11258973910	11258973910
keccak1600-avx512vl-rust	keccak1600-avx512vl	runtime	stack	137	latency	1	86137	30040485	149775000	498733575	11289017823	11289017823
keccak1600-avx512vl-rust	keccak1600-avx512vl	fixed	stack	137	throughput	1	85181	30102756	150097565	476417690	11319123896	11319123896
keccak1600-avx512vl-rust	keccak1600-avx512vl	fixed	stack	137	latency	1	83152	30309155	151187694	465235794	11349436139	11349436139
keccak1600-avx512vl-rust	keccak1600-avx512vl	runtime	asm	137	throughput	1	76281	30137786	150613998	329991965	11379577033	11379577033
keccak1600-avx512vl-rust	keccak1600-avx512vl	runtime	asm	137	latency	1	74592	29548635	147952406	322834528	11409129126	11409129126
keccak1600-avx512vl-rust	keccak1600-avx512vl	fixed	asm	137	throughput	1	76585	30219315	151319945	328013906	11439351509	11439351509
keccak1600-avx512vl-rust	keccak1600-avx512vl	fixed	asm	137	latency	1	73535	29134936	145910932	315097827	11468489613	11468489613
keccak1600-avx512vl-rust	keccak1600-avx512vl	runtime	shared	137	throughput	1	87591	30026746	149623735	559093702	11498519857	11498519857
keccak1600-avx512vl-rust	keccak1600-avx512vl	runtime	shared	137	latency	1	85257	30167635	150325331	544366293	11528690910	11528690910
keccak1600-avx512vl-rust	keccak1600-avx512vl	fixed	shared	137	throughput	1	87431	30021185	149599676	556411237	11558715433	11558715433
keccak1600-avx512vl-rust	keccak1600-avx512vl	fixed	shared	137	latency	1	85637	30155936	150244935	545165491	11588874986	11588874986
keccak1600-avx512vl-rust	keccak1600-avx512vl	runtime	asm	137	throughput	2	76190	30061535	150443930	329598294	11618942499	11618942499
keccak1600-avx512vl-rust	keccak1600-avx512vl	runtime	asm	137	latency	2	75264	29835116	149434324	325742947	11648782933	11648782933
keccak1600-avx512vl-rust	keccak1600-avx512vl	fixed	asm	137	throughput	2	76402	30054375	150408975	327230121	11678840616	11678840616
keccak1600-avx512vl-rust	keccak1600-avx512vl	fixed	asm	137	latency	2	76372	30141645	150810290	327254375	11708978689	11708978689
keccak1600-avx512vl-rust	keccak1600-avx512vl	runtime	shared	137	throughput	2	88560	30407356	151743518	565278836	11739389252	11739389252
keccak1600-avx512vl-rust	keccak1600-avx512vl	runtime	shared	137	latency	2	85144	30097505	150028268	543644796	11769489985	11769489985
keccak1600-avx512vl-rust	keccak1600-avx512vl	fixed	shared	137	throughput	2	88520	30359875	151317340	563341635	11799852978	11799852978
keccak1600-avx512vl-rust	keccak1600-avx512vl	fixed	shared	137	latency	2	85790	30167706	150365644	546139499	11830024021	11830024021
keccak1600-avx512vl-rust	keccak1600-avx512vl	runtime	stack	137	throughput	2	89136	30395555	151471404	515919521	11860422644	11860422644
keccak1600-avx512vl-rust	keccak1600-avx512vl	runtime	stack	137	latency	2	86292	30065965	149876280	499631034	11890491708	11890491708
keccak1600-avx512vl-rust	keccak1600-avx512vl	fixed	stack	137	throughput	2	85295	30376365	151574545	477055291	11920871171	11920871171
keccak1600-avx512vl-rust	keccak1600-avx512vl	fixed	stack	137	latency	2	83623	30184375	150741853	467871041	11951058864	11951058864
keccak1600-avx512vl-rust	keccak1600-avx512vl	runtime	shared	137	throughput	3	88073	30033336	149695903	562170308	11981089967	11981089967
keccak1600-avx512vl-rust	keccak1600-avx512vl	runtime	shared	137	latency	3	85219	30138145	150190076	544123664	12011231650	12011231650
keccak1600-avx512vl-rust	keccak1600-avx512vl	fixed	shared	137	throughput	3	87671	30138105	150173987	557938592	12041373043	12041373043
keccak1600-avx512vl-rust	keccak1600-avx512vl	fixed	shared	137	latency	3	85637	30124436	150110616	545165492	12071500966	12071500966
keccak1600-avx512vl-rust	keccak1600-avx512vl	runtime	stack	137	throughput	3	88316	30091545	149930448	511173353	12101595950	12101595950
keccak1600-avx512vl-rust	keccak1600-avx512vl	runtime	stack	137	latency	3	78017	27196897	135549047	451718772	12128796315	12128796315
keccak1600-avx512vl-rust	keccak1600-avx512vl	fixed	stack	137	throughput	3	85447	30197965	150547325	477905424	12158997649	12158997649
keccak1600-avx512vl-rust	keccak1600-avx512vl	fixed	stack	137	latency	3	83405	30115176	150363440	466651331	12189116183	12189116183
keccak1600-avx512vl-rust	keccak1600-avx512vl	runtime	asm	137	throughput	3	76861	30319565	151589440	332501041	12219434566	12219434566
keccak1600-avx512vl-rust	keccak1600-avx512vl	runtime	asm	137	latency	3	66574	26479037	132188434	288132617	12245916712	12245916712
keccak1600-avx512vl-rust	keccak1600-avx512vl	fixed	asm	137	throughput	3	76646	30030745	150440915	328275169	12275950595	12275950595
keccak1600-avx512vl-rust	keccak1600-avx512vl	fixed	asm	137	latency	3	76341	30060976	150587706	327121541	12306014769	12306014769
keccak1600-avx512vl-rust	keccak1600-avx512vl	runtime	stack	137	throughput	4	89136	30322195	151297520	515919525	12336340092	12336340092
keccak1600-avx512vl-rust	keccak1600-avx512vl	runtime	stack	137	latency	4	86292	30057505	149921111	499631034	12366400695	12366400695
keccak1600-avx512vl-rust	keccak1600-avx512vl	fixed	stack	137	throughput	4	84993	30302056	151087653	475366202	12396705888	12396705888
keccak1600-avx512vl-rust	keccak1600-avx512vl	fixed	stack	137	latency	4	83261	30021925	150037832	465845647	12426731011	12426731011
keccak1600-avx512vl-rust	keccak1600-avx512vl	runtime	asm	137	throughput	4	76220	30304175	151505987	329728068	12457038544	12457038544
keccak1600-avx512vl-rust	keccak1600-avx512vl	runtime	asm	137	latency	4	74245	29534756	147757801	321332709	12486576708	12486576708
keccak1600-avx512vl-rust	keccak1600-avx512vl	fixed	asm	137	throughput	4	76707	30172115	151118687	328536429	12516752271	12516752271
keccak1600-avx512vl-rust	keccak1600-avx512vl	fixed	asm	137	latency	4	76433	30163305	151074420	327515750	12546918924	12546918924
keccak1600-avx512vl-rust	keccak1600-avx512vl	runtime	shared	137	throughput	4	87074	29845786	148974252	555793697	12576768417	12576768417
keccak1600-avx512vl-rust	keccak1600-avx512vl	runtime	shared	137	latency	4	85257	30088245	150304461	544366293	12606860551	12606860551
keccak1600-avx512vl-rust	keccak1600-avx512vl	fixed	shared	137	throughput	4	87871	30193025	150662584	559211399	12637057244	12637057244
keccak1600-avx512vl-rust	keccak1600-avx512vl	fixed	shared	137	latency	4	86098	30260036	150960186	548100224	12667320427	12667320427
keccak1600-avx512vl-rust	keccak1600-avx512vl	control	empty	137	throughput	0	2000000	2403429	12002914	30000319	12669726885	12669726885
keccak1600-avx512vl-rust	keccak1600-avx512vl	control	empty	137	latency	0	2000000	2825108	14080624	34000321	12672554972	12672554972
keccak1600-avx512vl-rust	keccak1600-avx512vl	runtime	shared	272	throughput	0	58181	30105125	150283781	554116199	12702663295	12702663295
keccak1600-avx512vl-rust	keccak1600-avx512vl	runtime	shared	272	latency	0	57588	30154486	150799188	548583639	12732823589	12732823589
keccak1600-avx512vl-rust	keccak1600-avx512vl	fixed	shared	272	throughput	0	59076	30259975	151219249	561517730	12763071373	12763071373
keccak1600-avx512vl-rust	keccak1600-avx512vl	fixed	shared	272	latency	0	57347	29894285	149315283	545198281	12792929917	12792929917
keccak1600-avx512vl-rust	keccak1600-avx512vl	runtime	stack	272	throughput	0	59516	30212425	150853096	515170849	12823107460	12823107460
keccak1600-avx512vl-rust	keccak1600-avx512vl	runtime	stack	272	latency	0	58340	30193206	150248984	505108072	12853264793	12853264793
keccak1600-avx512vl-rust	keccak1600-avx512vl	fixed	stack	272	throughput	0	55267	30040765	149528769	464795815	12883281846	12883281846
keccak1600-avx512vl-rust	keccak1600-avx512vl	fixed	stack	272	latency	0	54669	30096185	150026517	459875987	12913343299	12913343299
keccak1600-avx512vl-rust	keccak1600-avx512vl	runtime	asm	272	throughput	0	51682	30268986	151386747	328904609	12943578353	12943578353
keccak1600-avx512vl-rust	keccak1600-avx512vl	runtime	asm	272	latency	0	51502	30139885	150739230	327862087	12973683407	12973683407
keccak1600-avx512vl-rust	keccak1600-avx512vl	fixed	asm	272	throughput	0	52159	30182725	150947860	329749559	13003830770	13003830770
keccak1600-avx512vl-rust	keccak1600-avx512vl	fixed	asm	272	latency	0	51502	30140195	150509031	325699009	13033951983	13033951983
keccak1600-avx512vl-rust	keccak1600-avx512vl	runtime	stack	272	throughput	1	59497	30410575	151769681	515006386	13064340376	13064340376
keccak1600-avx512vl-rust	keccak1600-avx512vl	runtime	stack	272	latency	1	39056	20183251	100606240	338147184	13084513718	13084513718
keccak1600-avx512vl-rust	keccak1600-avx512vl	fixed	stack	272	throughput	1	55443	30043155	149976798	466275977	13114520111	13114520111
keccak1600-avx512vl-rust	keccak1600-avx512vl	fixed	stack	272	latency	1	54951	30212505	150741823	462248164	13144697084	13144697084
keccak1600-avx512vl-rust	keccak1600-avx512vl	runtime	asm	272	throughput	1	51529	30079016	150277640	327930913	13174735307	13174735307
keccak1600-avx512vl-rust	keccak1600-avx512vl	runtime	asm	272	latency	1	51628	30180836	150932055	328664208	13204880650	13204880650
keccak1600-avx512vl-rust	keccak1600-avx512vl	fixed	asm	272	throughput	1	52344	30342895	151807719	330919127	13235188763	13235188763
keccak1600-avx512vl-rust	keccak1600-avx512vl	fixed	asm	272	latency	1	51419	29881255	149511493	325174113	13265047578	13265047578
keccak1600-avx512vl-rust	keccak1600-avx512vl	runtime	shared	272	throughput	1	58500	30313646	150923300	557154359	13295326661	13295326661
keccak1600-avx512vl-rust	keccak1600-avx512vl	runtime	shared	272	latency	1	57588	30186445	150278916	548583642	13325479164	13325479164
keccak1600-avx512vl-rust	keccak1600-avx512vl	fixed	shared	272	throughput	1	57571	29765455	148113624	547212710	13355209987	13355209987
keccak1600-avx512vl-rust	keccak1600-avx512vl	fixed	shared	272	latency	1	57692	30174926	150173760	548478199	13385350140	13385350140
keccak1600-avx512vl-rust	keccak1600-avx512vl	runtime	asm	272	throughput	2	51391	30049505	149963567	327052680	13415364604	13415364604
keccak1600-avx512vl-rust	keccak1600-avx512vl	runtime	asm	272	latency	2	51724	30518605	152297056	329275337	13445861406	13445861406
keccak1600-avx512vl-rust	keccak1600-avx512vl	fixed	asm	272	throughput	2	51948	30250005	150862209	328415610	13476077250	13476077250
keccak1600-avx512vl-rust	keccak1600-avx512vl	fixed	asm	272	latency	2	51654	30187335	150639212	326660255	13506230004	13506230004
keccak1600-avx512vl-rust	keccak1600-avx512vl	runtime	shared	272	throughput	2	58465	30246695	150829376	556821016	13536441987	13536441987
keccak1600-avx512vl-rust	keccak1600-avx512vl	runtime	shared	272	latency	2	57831	30265616	151023418	550898461	13566670500	13566670500
keccak1600-avx512vl-rust	keccak1600-avx512vl	fixed	shared	272	throughput	2	59022	30463145	150981871	561004469	13597098003	13597098003
keccak1600-avx512vl-rust	keccak1600-avx512vl	fixed	shared	272	latency	2	57988	30201675	150986789	551292272	13627275086	13627275086
keccak1600-avx512vl-rust	keccak1600-avx512vl	runtime	stack	272	throughput	2	59497	30363655	151780761	515006381	13657597499	13657597499
keccak1600-avx512vl-rust	keccak1600-avx512vl	runtime	stack	272	latency	2	58394	30323385	151580346	505575600	13687879733	13687879733
keccak1600-avx512vl-rust	keccak1600-avx512vl	fixed	stack	272	throughput	2	55652	30103115	150500460	468033669	13717946156	13717946156
keccak1600-avx512vl-rust	keccak1600-avx512vl	fixed	stack	272	latency	2	50248	27720187	138421269	422686524	13745629381	13745629381
keccak1600-avx512vl-rust	keccak1600-avx512vl	runtime	shared	272	throughput	3	58465	30355285	151050966	556821009	13775960634	13775960634
keccak1600-avx512vl-rust	keccak1600-avx512vl	runtime	shared	272	latency	3	56470	29637835	147468863	537933564	13805561108	13805561108
keccak1600-avx512vl-rust	keccak1600-avx512vl	fixed	shared	272	throughput	3	58697	30570326	152068841	557915334	13836093280	13836093280
keccak1600-avx512vl-rust	keccak1600-avx512vl	fixed	shared	272	latency	3	57623	30311846	150807691	547822212	13866368833	13866368833
keccak1600-avx512vl-rust	keccak1600-avx512vl	runtime	stack	272	throughput	3	59204	30115095	150066943	512470170	13896445277	13896445277
keccak1600-avx512vl-rust	keccak1600-avx512vl	runtime	stack	272	latency	3	59405	30729125	153046295	514328835	13927132339	13927132339
keccak1600-avx512vl-rust	keccak1600-avx512vl	fixed	stack	272	throughput	3	55732	30215425	150745111	468706471	13957321092	13957321092
keccak1600-avx512vl-rust	keccak1600-avx512vl	fixed	stack	272	latency	3	54967	30511375	151945169	462382755	13987795085	13987795085
keccak1600-avx512vl-rust	keccak1600-avx512vl	runtime	asm	272	throughput	3	51419	30070205	150132884	327230869	14017826808	14017826808
keccak1600-avx512vl-rust	keccak1600-avx512vl	runtime	asm	272	latency	3	51213	30539685	152709439	326022313	14048330081	14048330081
keccak1600-avx512vl-rust	keccak1600-avx512vl	fixed	asm	272	throughput	3	52416	30514085	152564793	331374305	14078800615	14078800615
keccak1600-avx512vl-rust	keccak1600-avx512vl	fixed	asm	272	latency	3	51543	30131876	150600890	325958289	14108889548	14108889548
keccak1600-avx512vl-rust	keccak1600-avx512vl	runtime	stack	272	throughput	4	59332	30174385	150555512	513578146	14139026321	14139026321
keccak1600-avx512vl-rust	keccak1600-avx512vl	runtime	stack	272	latency	4	58305	30130315	150257593	504805046	14169133064	14169133064
keccak1600-avx512vl-rust	keccak1600-avx512vl	fixed	stack	272	throughput	4	55427	30097355	149942002	466141426	14199188297	14199188297
keccak1600-avx512vl-rust	keccak1600-avx512vl	fixed	stack	272	latency	4	54716	30103946	150388417	460271350	14229254451	14229254451
keccak1600-avx512vl-rust	keccak1600-avx512vl	runtime	asm	272	throughput	4	51877	30350795	151857530	330145587	14259569834	14259569834
keccak1600-avx512vl-rust	keccak1600-avx512vl	runtime	asm	272	latency	4	51710	30325025	151650244	329186222	14289857717	14289857717
keccak1600-avx512vl-rust	keccak1600-avx512vl	fixed	asm	272	throughput	4	52173	30165865	150891261	329838061	14319986310	14319986310
keccak1600-avx512vl-rust	keccak1600-avx512vl	fixed	asm	272	latency	4	51391	29956666	149900080	324997041	14349919693	14349919693
keccak1600-avx512vl-rust	keccak1600-avx512vl	runtime	shared	272	throughput	4	58447	30259755	150796271	556649587	14380143336	14380143336
keccak1600-avx512vl-rust	keccak1600-avx512vl	runtime	shared	272	latency	4	57590	30720755	152886048	548602699	14410828269	14410828269
keccak1600-avx512vl-rust	keccak1600-avx512vl	fixed	shared	272	throughput	4	58697	30182626	150182128	557915347	14440974292	14440974292
keccak1600-avx512vl-rust	keccak1600-avx512vl	fixed	shared	272	latency	4	57692	30200215	150262984	548478201	14471136875	14471136875
keccak1600-avx512vl-rust	keccak1600-avx512vl	control	empty	272	throughput	0	2000000	2407409	12002811	30000319	14473547323	14473547323
keccak1600-avx512vl-rust	keccak1600-avx512vl	control	empty	272	latency	0	2000000	3071328	15219106	34000320	14476621610	14476621610
keccak1600-avx512vl-rust	keccak1600-avx512vl	runtime	shared	532	throughput	0	43735	30079115	149558646	553597991	14506663693	14506663693
keccak1600-avx512vl-rust	keccak1600-avx512vl	runtime	shared	532	latency	0	43448	30212596	150374494	550052037	14536839406	14536839406
keccak1600-avx512vl-rust	keccak1600-avx512vl	fixed	shared	532	throughput	0	44341	30274105	150895521	560426254	14567072719	14567072719
keccak1600-avx512vl-rust	keccak1600-avx512vl	fixed	shared	532	latency	0	43567	30196785	150260099	550730802	14597231512	14597231512
keccak1600-avx512vl-rust	keccak1600-avx512vl	runtime	stack	532	throughput	0	44372	30110525	149855527	511298912	14627317666	14627317666
keccak1600-avx512vl-rust	keccak1600-avx512vl	runtime	stack	532	latency	0	44168	30597425	152375598	509036556	14657878889	14657878889
keccak1600-avx512vl-rust	keccak1600-avx512vl	fixed	stack	532	throughput	0	43478	30088315	149740756	499388671	14687929862	14687929862
keccak1600-avx512vl-rust	keccak1600-avx512vl	fixed	stack	532	latency	0	42943	30260095	150640535	493329541	14718152995	14718152995
keccak1600-avx512vl-rust	keccak1600-avx512vl	runtime	asm	532	throughput	0	38787	29885636	149380140	325849948	14748002159	14748002159
keccak1600-avx512vl-rust	keccak1600-avx512vl	runtime	asm	532	latency	0	39087	30183395	150868324	328448422	14778149632	14778149632
keccak1600-avx512vl-rust	keccak1600-avx512vl	fixed	asm	532	throughput	0	39167	30056955	150407036	327671480	14808183165	14808183165
keccak1600-avx512vl-rust	keccak1600-avx512vl	fixed	asm	532	latency	0	39279	30203425	151065618	328687031	14838350188	14838350188
keccak1600-avx512vl-rust	keccak1600-avx512vl	runtime	stack	532	throughput	1	44713	30272345	151071569	515228260	14868585521	14868585521
keccak1600-avx512vl-rust	keccak1600-avx512vl	runtime	stack	532	latency	1	44127	30403975	151686807	508564028	14898952944	14898952944
keccak1600-avx512vl-rust	keccak1600-avx512vl	fixed	stack	532	throughput	1	43765	30466485	151955382	502685150	14929381677	14929381677
keccak1600-avx512vl-rust	keccak1600-avx512vl	fixed	stack	532	latency	1	43010	30114216	150157341	494099241	14959456290	14959456290
keccak1600-avx512vl-rust	keccak1600-avx512vl	runtime	asm	532	throughput	1	39151	30277135	151164847	328907912	14989695553	14989695553
keccak1600-avx512vl-rust	keccak1600-avx512vl	runtime	asm	532	latency	1	38875	30014446	150187784	326666979	15019686186	15019686186
keccak1600-avx512vl-rust	keccak1600-avx512vl	fixed	asm	532	throughput	1	39111	29971355	149833925	327202985	15049616431	15049616431
keccak1600-avx512vl-rust	keccak1600-avx512vl	fixed	asm	532	latency	1	38968	30116285	150568120	326084585	15079694444	15079694444
keccak1600-avx512vl-rust	keccak1600-avx512vl	runtime	shared	532	throughput	1	44158	30227355	150926478	558952325	15109882087	15109882087
keccak1600-avx512vl-rust	keccak1600-avx512vl	runtime	shared	532	latency	1	43429	30127646	150156879	549811494	15139971720	15139971720
keccak1600-avx512vl-rust	keccak1600-avx512vl	fixed	shared	532	throughput	1	44352	30315875	150914758	560565284	15170251673	15170251673
keccak1600-avx512vl-rust	keccak1600-avx512vl	fixed	shared	532	latency	1	43507	30134105	150001629	549972343	15200361106	15200361106
keccak1600-avx512vl-rust	keccak1600-avx512vl	runtime	asm	532	throughput	2	39040	30108995	150451339	327975399	15230428619	15230428619
keccak1600-avx512vl-rust	keccak1600-avx512vl	runtime	asm	532	latency	2	39183	30183005	150936446	329255107	15260575592	15260575592
keccak1600-avx512vl-rust	keccak1600-avx512vl	fixed	asm	532	throughput	2	39538	30260066	151345801	330775266	15290795875	15290795875
keccak1600-avx512vl-rust	keccak1600-avx512vl	fixed	asm	532	latency	2	39303	30262244	151328841	328887865	15321019769	15321019769
keccak1600-avx512vl-rust	keccak1600-avx512vl	runtime	shared	532	throughput	2	44188	30362506	151077984	559332061	15351338372	15351338372
keccak1600-avx512vl-rust	keccak1600-avx512vl	runtime	shared	532	latency	2	43438	30136975	150182899	549925440	15381451045	15381451045
keccak1600-avx512vl-rust	keccak1600-avx512vl	fixed	shared	532	throughput	2	44158	30202815	150274009	558113323	15411616979	15411616979
keccak1600-avx512vl-rust	keccak1600-avx512vl	fixed	shared	532	latency	2	43567	30185365	150260974	550730807	15441765532	15441765532
keccak1600-avx512vl-rust	keccak1600-avx512vl	runtime	stack	532	throughput	2	44526	30403675	151443826	513073453	15472131985	15472131985
keccak1600-avx512vl-rust	keccak1600-avx512vl	runtime	stack	532	latency	2	43905	30166225	150090899	506005487	15502260888	15502260888
keccak1600-avx512vl-rust	keccak1600-avx512vl	fixed	stack	532	throughput	2	43488	30139275	149964674	499503530	15532363501	15532363501
keccak1600-avx512vl-rust	keccak1600-avx512vl	fixed	stack	532	latency	2	42991	30142345	150081844	493880970	15562483004	15562483004
keccak1600-avx512vl-rust	keccak1600-avx512vl	runtime	shared	532	throughput	3	44178	30338475	151045925	559205485	15592784677	15592784677
keccak1600-avx512vl-rust	keccak1600-avx512vl	runtime	shared	532	latency	3	43370	30142186	149989242	549064560	15622889950	15622889950
keccak1600-avx512vl-rust	keccak1600-avx512vl	fixed	shared	532	throughput	3	44158	30489754	151703942	558113321	15653338173	15653338173
keccak1600-avx512vl-rust	keccak1600-avx512vl	fixed	shared	532	latency	3	43606	30615716	152362037	551223809	15683915856	15683915856
keccak1600-avx512vl-rust	keccak1600-avx512vl	runtime	stack	532	throughput	3	44725	30319415	150992052	515366533	15714195279	15714195279
keccak1600-avx512vl-rust	keccak1600-avx512vl	runtime	stack	532	latency	3	44148	30229896	150911641	508806057	15744385953	15744385953
keccak1600-avx512vl-rust	keccak1600-avx512vl	fixed	stack	532	throughput	3	40328	27817197	139060154	463207760	15772175879	15772175879
keccak1600-avx512vl-rust	keccak1600-avx512vl	fixed	stack	532	latency	3	43214	30361275	151826785	496442790	15802499642	15802499642
keccak1600-avx512vl-rust	keccak1600-avx512vl	runtime	asm	532	throughput	3	39295	30194155	151028616	330117655	15832657675	15832657675
keccak1600-avx512vl-rust	keccak1600-avx512vl	runtime	asm	532	latency	3	38992	30235565	151220307	327650131	15862856008	15862856008
keccak1600-avx512vl-rust	keccak1600-avx512vl	fixed	asm	532	throughput	3	39239	30416175	150483446	328273832	15893234211	15893234211
keccak1600-avx512vl-rust	keccak1600-avx512vl	fixed	asm	532	latency	3	39167	30150795	150685042	327749816	15923361364	15923361364
keccak1600-avx512vl-rust	keccak1600-avx512vl	runtime	stack	532	throughput	4	44703	30290725	150921251	515113030	15953616277	15953616277
keccak1600-avx512vl-rust	keccak1600-avx512vl	runtime	stack	532	latency	4	43956	30253315	150489022	506593259	15983830390	15983830390
keccak1600-avx512vl-rust	keccak1600-avx512vl	fixed	stack	532	throughput	4	43507	30444445	151493247	499721759	16014238393	16014238393
keccak1600-avx512vl-rust	keccak1600-avx512vl	fixed	stack	532	latency	4	42933	30110145	149904389	493214661	16044311206	16044311206
keccak1600-avx512vl-rust	keccak1600-avx512vl	runtime	asm	532	throughput	4	39425	30335605	151508764	331209779	16074603769	16074603769
keccak1600-avx512vl-rust	keccak1600-avx512vl	runtime	asm	532	latency	4	38937	30048856	150116829	327187971	16104622692	16104622692
keccak1600-avx512vl-rust	keccak1600-avx512vl	fixed	asm	532	throughput	4	39595	30336845	151669848	331252129	16134914775	16134914775
keccak1600-avx512vl-rust	keccak1600-avx512vl	fixed	asm	532	latency	4	38945	29939235	149697672	325892120	16164815808	16164815808
keccak1600-avx512vl-rust	keccak1600-avx512vl	runtime	shared	532	throughput	4	44178	30339335	150996513	559205487	16195111911	16195111911
keccak1600-avx512vl-rust	keccak1600-avx512vl	runtime	shared	532	latency	4	43438	30218075	150307959	549925432	16225292974	16225292974
keccak1600-avx512vl-rust	keccak1600-avx512vl	fixed	shared	532	throughput	4	44137	30417735	151629452	557847902	16255671717	16255671717
keccak1600-avx512vl-rust	keccak1600-avx512vl	fixed	shared	532	latency	4	43795	30348505	151075248	553612955	16285995190	16285995190
keccak1600-avx512vl-rust	keccak1600-avx512vl	control	empty	532	throughput	0	2000000	2036429	10053400	30000320	16288021308	16288021308
keccak1600-avx512vl-rust	keccak1600-avx512vl	control	empty	532	latency	0	2000000	2822269	14002827	34000320	16290846476	16290846476
keccak1600-avx512vl-rust	keccak1600-avx512vl	runtime	shared	1024	throughput	0	21805	29981485	149103293	550380360	16320791439	16320791439
keccak1600-avx512vl-rust	keccak1600-avx512vl	runtime	shared	1024	latency	0	21895	30548555	151998747	552695840	16351298062	16351298062
keccak1600-avx512vl-rust	keccak1600-avx512vl	fixed	shared	1024	throughput	0	22046	30196875	150313364	556044569	16381471375	16381471375
keccak1600-avx512vl-rust	keccak1600-avx512vl	fixed	shared	1024	latency	0	18465	25552117	127172581	465761510	16407000552	16407000552
keccak1600-avx512vl-rust	keccak1600-avx512vl	runtime	stack	1024	throughput	0	22307	30461825	151554582	513217506	16437425415	16437425415
keccak1600-avx512vl-rust	keccak1600-avx512vl	runtime	stack	1024	latency	0	22278	30496745	151882154	512594854	16467865548	16467865548
keccak1600-avx512vl-rust	keccak1600-avx512vl	fixed	stack	1024	throughput	0	22010	30455705	151790008	501916387	16498256591	16498256591
keccak1600-avx512vl-rust	keccak1600-avx512vl	fixed	stack	1024	latency	0	21036	29051995	144832929	479747363	16527266765	16527266765
keccak1600-avx512vl-rust	keccak1600-avx512vl	runtime	asm	1024	throughput	0	19670	30323155	151446468	325833901	16557532858	16557532858
keccak1600-avx512vl-rust	keccak1600-avx512vl	runtime	asm	1024	latency	0	19708	30112576	150448175	326502787	16587589112	16587589112
keccak1600-avx512vl-rust	keccak1600-avx512vl	fixed	asm	1024	throughput	0	19931	30260355	151172574	329479711	16617793695	16617793695
keccak1600-avx512vl-rust	keccak1600-avx512vl	fixed	asm	1024	latency	0	19801	30573955	152767717	327370279	16648311238	16648311238
keccak1600-avx512vl-rust	keccak1600-avx512vl	runtime	stack	1024	throughput	1	22390	30238995	150730691	515127081	16678496501	16678496501
keccak1600-avx512vl-rust	keccak1600-avx512vl	runtime	stack	1024	latency	1	21621	29468256	146403242	497477935	16707932135	16707932135
keccak1600-avx512vl-rust	keccak1600-avx512vl	fixed	stack	1024	throughput	1	21820	29980705	149054694	497583631	16737860448	16737860448
keccak1600-avx512vl-rust	keccak1600-avx512vl	fixed	stack	1024	latency	1	21312	29505815	146685248	486041820	16767309862	16767309862
keccak1600-avx512vl-rust	keccak1600-avx512vl	runtime	asm	1024	throughput	1	19785	30380505	151688599	327738880	16797634065	16797634065
keccak1600-avx512vl-rust	keccak1600-avx512vl	runtime	asm	1024	latency	1	19769	30278175	151066131	327513373	16827853948	16827853948
keccak1600-avx512vl-rust	keccak1600-avx512vl	fixed	asm	1024	throughput	1	19886	30191755	150833824	328735813	16858008882	16858008882
keccak1600-avx512vl-rust	keccak1600-avx512vl	fixed	asm	1024	latency	1	19879	30217855	150944161	328659864	16888168076	16888168076
keccak1600-avx512vl-rust	keccak1600-avx512vl	runtime	shared	1024	throughput	1	22122	30414835	151334661	558381753	16918525219	16918525219
keccak1600-avx512vl-rust	keccak1600-avx512vl	runtime	shared	1024	latency	1	21985	30359975	151015903	554967711	16948827142	16948827142
keccak1600-avx512vl-rust	keccak1600-avx512vl	fixed	shared	1024	throughput	1	22063	30243685	150354230	556473337	16979013146	16979013146
keccak1600-avx512vl-rust	keccak1600-avx512vl	fixed	shared	1024	latency	1	21917	30231385	150287354	552834756	17009189649	17009189649
keccak1600-avx512vl-rust	keccak1600-avx512vl	runtime	asm	1024	throughput	2	19670	30070025	150129437	325833901	17039202112	17039202112
keccak1600-avx512vl-rust	keccak1600-avx512vl	runtime	asm	1024	latency	2	19702	30143605	150604828	326403395	17069301685	17069301685
keccak1600-avx512vl-rust	keccak1600-avx512vl	fixed	asm	1024	throughput	2	19950	30260375	151169518	329793800	17099503578	17099503578
keccak1600-avx512vl-rust	keccak1600-avx512vl	fixed	asm	1024	latency	2	19797	30104465	150409464	327304151	17129551172	17129551172
keccak1600-avx512vl-rust	keccak1600-avx512vl	runtime	shared	1024	throughput	2	21300	29311856	145823042	537633643	17158807286	17158807286
keccak1600-avx512vl-rust	keccak1600-avx512vl	runtime	shared	1024	latency	2	21890	30249295	150365952	552569622	17188997299	17188997299
keccak1600-avx512vl-rust	keccak1600-avx512vl	fixed	shared	1024	throughput	2	22041	30169335	150132968	555918453	17219123192	17219123192
keccak1600-avx512vl-rust	keccak1600-avx512vl	fixed	shared	1024	latency	2	22038	30268665	151140786	555886866	17249336085	17249336085
keccak1600-avx512vl-rust	keccak1600-avx512vl	runtime	stack	1024	throughput	2	22427	30311075	151063298	515978340	17279589948	17279589948
keccak1600-avx512vl-rust	keccak1600-avx512vl	runtime	stack	1024	latency	2	22302	30357115	151012383	513147071	17309892311	17309892311
keccak1600-avx512vl-rust	keccak1600-avx512vl	fixed	stack	1024	throughput	2	21865	30072835	149625639	498609810	17339908184	17339908184
keccak1600-avx512vl-rust	keccak1600-avx512vl	fixed	stack	1024	latency	2	21900	30329635	150756820	499451752	17370169787	17370169787
keccak1600-avx512vl-rust	keccak1600-avx512vl	runtime	shared	1024	throughput	3	22005	30573355	151937770	555428549	17400674481	17400674481
keccak1600-avx512vl-rust	keccak1600-avx512vl	runtime	shared	1024	latency	3	21988	30362194	150977394	555043439	17430989474	17430989474
keccak1600-avx512vl-rust	keccak1600-avx512vl	fixed	shared	1024	throughput	3	22051	30215116	150205810	556170676	17461139117	17461139117
keccak1600-avx512vl-rust	keccak1600-avx512vl	fixed	shared	1024	latency	3	21908	30259765	150318662	552607746	17491326750	17491326750
keccak1600-avx512vl-rust	keccak1600-avx512vl	runtime	stack	1024	throughput	3	21122	28991816	144106383	485954197	17520254324	17520254324
keccak1600-avx512vl-rust	keccak1600-avx512vl	runtime	stack	1024	latency	3	22152	30194685	149992011	509695721	17550378927	17550378927
keccak1600-avx512vl-rust	keccak1600-avx512vl	fixed	stack	1024	throughput	3	21940	30177585	149955073	500320107	17580490770	17580490770
keccak1600-avx512vl-rust	keccak1600-avx512vl	fixed	stack	1024	latency	3	21783	30149805	149949778	496783444	17610597543	17610597543
keccak1600-avx512vl-rust	keccak1600-avx512vl	runtime	asm	1024	throughput	3	18853	28850156	143822105	312300290	17639379367	17639379367
keccak1600-avx512vl-rust	keccak1600-avx512vl	runtime	asm	1024	latency	3	19581	30468294	151999862	324398778	17669783800	17669783800
keccak1600-avx512vl-rust	keccak1600-avx512vl	fixed	asm	1024	throughput	3	19873	30608565	152850537	328520913	17700327883	17700327883
keccak1600-avx512vl-rust	keccak1600-avx512vl	fixed	asm	1024	latency	3	20022	30725975	153447017	331024077	17730986305	17730986305
keccak1600-avx512vl-rust	keccak1600-avx512vl	runtime	stack	1024	throughput	4	22408	30426415	151354173	515541208	17761344978	17761344978
keccak1600-avx512vl-rust	keccak1600-avx512vl	runtime	stack	1024	latency	4	22170	30111675	150086815	510109877	17791413811	17791413811
keccak1600-avx512vl-rust	keccak1600-avx512vl	fixed	stack	1024	throughput	4	22005	30223815	150851539	501802375	17821569095	17821569095
keccak1600-avx512vl-rust	keccak1600-avx512vl	fixed	stack	1024	latency	4	21818	30174865	150280950	497581665	17851677588	17851677588
keccak1600-avx512vl-rust	keccak1600-avx512vl	runtime	asm	1024	throughput	4	19613	29970165	149663700	324889702	17881580462	17881580462
keccak1600-avx512vl-rust	keccak1600-avx512vl	runtime	asm	1024	latency	4	19873	30431485	152113090	329236348	17911949454	17911949454
keccak1600-avx512vl-rust	keccak1600-avx512vl	fixed	asm	1024	throughput	4	19884	30136945	150549641	328702761	17942024158	17942024158
keccak1600-avx512vl-rust	keccak1600-avx512vl	fixed	asm	1024	latency	4	19935	30484425	151610926	329585711	17972448101	17972448101
keccak1600-avx512vl-rust	keccak1600-avx512vl	runtime	shared	1024	throughput	4	22008	30455505	150788404	555504285	18003105944	18003105944
keccak1600-avx512vl-rust	keccak1600-avx512vl	runtime	shared	1024	latency	4	21781	30259955	149587924	549818137	18033299737	18033299737
keccak1600-avx512vl-rust	keccak1600-avx512vl	fixed	shared	1024	throughput	4	21970	30285615	149743095	554127691	18063522790	18063522790
keccak1600-avx512vl-rust	keccak1600-avx512vl	fixed	shared	1024	latency	4	21808	30244065	149508973	550085345	18093698873	18093698873
keccak1600-avx512vl-rust	keccak1600-avx512vl	control	empty	1024	throughput	0	2000000	2425889	12004860	30000318	18096127981	18096127981
keccak1600-avx512vl-rust	keccak1600-avx512vl	control	empty	1024	latency	0	2000000	3288898	16092597	34000322	18099396788	18099396788
keccak1600-avx512vl-rust	keccak1600-avx512vl	runtime	shared	4096	throughput	0	5574	29716925	146999070	543944714	18129071882	18129071882
keccak1600-avx512vl-rust	keccak1600-avx512vl	runtime	shared	4096	latency	0	5678	30247455	150248925	554105018	18159253316	18159253316
keccak1600-avx512vl-rust	keccak1600-avx512vl	fixed	shared	4096	throughput	0	5583	29665995	147375025	544716913	18188849560	18188849560
keccak1600-avx512vl-rust	keccak1600-avx512vl	fixed	shared	4096	latency	0	5555	29702106	146935214	541996145	18218468104	18218468104
keccak1600-avx512vl-rust	keccak1600-avx512vl	runtime	stack	4096	throughput	0	5705	29879515	148507134	507984964	18248284687	18248284687
keccak1600-avx512vl-rust	keccak1600-avx512vl	runtime	stack	4096	latency	0	5664	29939405	148801860	504345564	18278158780	18278158780
keccak1600-avx512vl-rust	keccak1600-avx512vl	fixed	stack	4096	throughput	0	5736	30452215	151534480	506351489	18308567433	18308567433
keccak1600-avx512vl-rust	keccak1600-avx512vl	fixed	stack	4096	latency	0	5724	30319885	150696470	505303628	18339049396	18339049396
keccak1600-avx512vl-rust	keccak1600-avx512vl	runtime	asm	4096	throughput	0	5164	30047256	149980929	327965999	18369028419	18369028419
keccak1600-avx512vl-rust	keccak1600-avx512vl	runtime	asm	4096	latency	0	5159	30405475	151422406	327658758	18399373762	18399373762
keccak1600-avx512vl-rust	keccak1600-avx512vl	fixed	asm	4096	throughput	0	5142	29934095	149471670	326368240	18429251435	18429251435
keccak1600-avx512vl-rust	keccak1600-avx512vl	fixed	asm	4096	latency	0	5196	30287725	151105933	329806065	18459482868	18459482868
keccak1600-avx512vl-rust	keccak1600-avx512vl	runtime	stack	4096	throughput	1	5720	29932185	148944736	509320593	18489360221	18489360221
keccak1600-avx512vl-rust	keccak1600-avx512vl	runtime	stack	4096	latency	1	5763	30200096	150199357	513160922	18519505034	18519505034
keccak1600-avx512vl-rust	keccak1600-avx512vl	fixed	stack	4096	throughput	1	5735	30202675	150234420	506263219	18549660617	18549660617
keccak1600-avx512vl-rust	keccak1600-avx512vl	fixed	stack	4096	latency	1	5658	29839065	148390717	499477278	18579444901	18579444901
keccak1600-avx512vl-rust	keccak1600-avx512vl	runtime	asm	4096	throughput	1	5119	29897055	149124155	325108046	18609281285	18609281285
keccak1600-avx512vl-rust	keccak1600-avx512vl	runtime	asm	4096	latency	1	5159	30065025	150158032	327658765	18639284148	18639284148
keccak1600-avx512vl-rust	keccak1600-avx512vl	fixed	asm	4096	throughput	1	5142	29902125	149381016	326368238	18669119801	18669119801
keccak1600-avx512vl-rust	keccak1600-avx512vl	fixed	asm	4096	latency	1	5189	30169085	150741290	329361751	18699218914	18699218914
keccak1600-avx512vl-rust	keccak1600-avx512vl	runtime	shared	4096	throughput	1	5659	29987725	149281671	552239526	18729137467	18729137467
keccak1600-avx512vl-rust	keccak1600-avx512vl	runtime	shared	4096	latency	1	5681	30171655	150249512	554397786	18759265590	18759265590
keccak1600-avx512vl-rust	keccak1600-avx512vl	fixed	shared	4096	throughput	1	5660	30081685	149477977	552229574	18789279564	18789279564
keccak1600-avx512vl-rust	keccak1600-avx512vl	fixed	shared	4096	latency	1	5681	30228845	150256197	554289846	18819442327	18819442327
keccak1600-avx512vl-rust	keccak1600-avx512vl	runtime	asm	4096	throughput	2	5165	30061875	150050110	328029501	18849437950	18849437950
keccak1600-avx512vl-rust	keccak1600-avx512vl	runtime	asm	4096	latency	2	5119	29865135	149080521	325118278	18879233993	18879233993
keccak1600-avx512vl-rust	keccak1600-avx512vl	fixed	asm	4096	throughput	2	5186	30226276	150641852	329160958	18909394816	18909394816
keccak1600-avx512vl-rust	keccak1600-avx512vl	fixed	asm	4096	latency	2	5129	30537495	152326299	325553364	18939859418	18939859418
keccak1600-avx512vl-rust	keccak1600-avx512vl	runtime	shared	4096	throughput	2	5660	30037365	149263873	552337113	18969830991	18969830991
keccak1600-avx512vl-rust	keccak1600-avx512vl	runtime	shared	4096	latency	2	5680	30228815	150327454	554300187	19000014954	19000014954
keccak1600-avx512vl-rust	keccak1600-avx512vl	fixed	shared	4096	throughput	2	5642	29994775	149037399	550473367	19029941168	19029941168
keccak1600-avx512vl-rust	keccak1600-avx512vl	fixed	shared	4096	latency	2	5682	30237875	150260509	554387408	19060112341	19060112341
keccak1600-avx512vl-rust	keccak1600-avx512vl	runtime	stack	4096	throughput	2	5701	30007395	149061054	507628795	19090052695	19090052695
keccak1600-avx512vl-rust	keccak1600-avx512vl	runtime	stack	4096	latency	2	5743	30123495	149695018	511380041	19120106439	19120106439
keccak1600-avx512vl-rust	keccak1600-avx512vl	fixed	stack	4096	throughput	2	5614	29557275	146986231	495581817	19149596313	19149596313
keccak1600-avx512vl-rust	keccak1600-avx512vl	fixed	stack	4096	latency	2	5517	29087236	144694937	487030080	19178635627	19178635627
keccak1600-avx512vl-rust	keccak1600-avx512vl	runtime	shared	4096	throughput	3	5481	29066596	144557839	534869223	19207634441	19207634441
keccak1600-avx512vl-rust	keccak1600-avx512vl	runtime	shared	4096	latency	3	5628	30169485	150189025	549225616	19237737724	19237737724
keccak1600-avx512vl-rust	keccak1600-avx512vl	fixed	shared	4096	throughput	3	5718	30395265	151769379	557888463	19268065327	19268065327
keccak1600-avx512vl-rust	keccak1600-avx512vl	fixed	shared	4096	latency	3	5711	30375255	151013563	557216920	19298371860	19298371860
keccak1600-avx512vl-rust	keccak1600-avx512vl	runtime	stack	4096	throughput	3	5766	30281935	150509547	513416526	19328584453	19328584453
keccak1600-avx512vl-rust	keccak1600-avx512vl	runtime	stack	4096	latency	3	5694	29850726	148458752	507016889	19358370387	19358370387
keccak1600-avx512vl-rust	keccak1600-avx512vl	fixed	stack	4096	throughput	3	5735	30251025	150526890	506263212	19388572060	19388572060
keccak1600-avx512vl-rust	keccak1600-avx512vl	fixed	stack	4096	latency	3	5658	29870585	148559663	499477281	19418376714	19418376714
keccak1600-avx512vl-rust	keccak1600-avx512vl	runtime	asm	4096	throughput	3	5156	30018005	149794806	327457916	19448327619	19448327619
keccak1600-avx512vl-rust	keccak1600-avx512vl	runtime	asm	4096	latency	3	5138	29927115	149516226	326325013	19478188423	19478188423
keccak1600-avx512vl-rust	keccak1600-avx512vl	fixed	asm	4096	throughput	3	5170	30081865	150275318	328145429	19508205346	19508205346
keccak1600-avx512vl-rust	keccak1600-avx512vl	fixed	asm	4096	latency	3	5137	29899966	149290959	326061159	19538031299	19538031299
keccak1600-avx512vl-rust	keccak1600-avx512vl	runtime	stack	4096	throughput	4	5795	30271485	150906952	515998745	19568238962	19568238962
keccak1600-avx512vl-rust	keccak1600-avx512vl	runtime	stack	4096	latency	4	5622	29897705	148765978	500605724	19598095165	19598095165
keccak1600-avx512vl-rust	keccak1600-avx512vl	fixed	stack	4096	throughput	4	5736	30226295	150247742	506351492	19628253868	19628253868
keccak1600-avx512vl-rust	keccak1600-avx512vl	fixed	stack	4096	latency	4	5697	30074585	149449905	502920125	19658260522	19658260522
keccak1600-avx512vl-rust	keccak1600-avx512vl	runtime	asm	4096	throughput	4	5165	30069625	150111486	328029505	19688265295	19688265295
keccak1600-avx512vl-rust	keccak1600-avx512vl	runtime	asm	4096	latency	4	5141	30224155	151003749	326515546	19718423938	19718423938
keccak1600-avx512vl-rust	keccak1600-avx512vl	fixed	asm	4096	throughput	4	5198	30483515	152278020	329922610	19748841161	19748841161
keccak1600-avx512vl-rust	keccak1600-avx512vl	fixed	asm	4096	latency	4	5191	30227355	150843842	329488698	19779002814	19779002814
keccak1600-avx512vl-rust	keccak1600-avx512vl	runtime	shared	4096	throughput	4	5727	30369275	151099385	558875376	19809304907	19809304907
keccak1600-avx512vl-rust	keccak1600-avx512vl	runtime	shared	4096	latency	4	5618	29872845	148606523	548249739	19839133691	19839133691
keccak1600-avx512vl-rust	keccak1600-avx512vl	fixed	shared	4096	throughput	4	5695	30258515	150381368	555644421	19869326264	19869326264
keccak1600-avx512vl-rust	keccak1600-avx512vl	fixed	shared	4096	latency	4	5624	30135235	149760891	548728411	19899390237	19899390237
keccak1600-avx512vl-rust	keccak1600-avx512vl	control	empty	4096	throughput	0	2000000	2406459	12002232	30000319	19901799965	19901799965
keccak1600-avx512vl-rust	keccak1600-avx512vl	control	empty	4096	latency	0	2000000	2873279	14093909	34000323	19904652263	19904652263
keccak1600-avx512vl-rust	keccak1600-avx512vl	runtime	shared	16384	throughput	0	1445	30129535	149721120	550004927	19934714256	19934714256
keccak1600-avx512vl-rust	keccak1600-avx512vl	runtime	shared	16384	latency	0	1450	30082035	149506052	551910961	19964727749	19964727749
keccak1600-avx512vl-rust	keccak1600-avx512vl	fixed	shared	16384	throughput	0	1449	30029635	149279145	551499902	19994689632	19994689632
keccak1600-avx512vl-rust	keccak1600-avx512vl	fixed	shared	16384	latency	0	1444	29944795	148826456	549599753	20024567796	20024567796
keccak1600-avx512vl-rust	keccak1600-avx512vl	runtime	stack	16384	throughput	0	1474	30163775	149974794	512112177	20054665620	20054665620
keccak1600-avx512vl-rust	keccak1600-avx512vl	runtime	stack	16384	latency	0	1466	30046015	149615908	509335669	20084667373	20084667373
keccak1600-avx512vl-rust	keccak1600-avx512vl	fixed	stack	16384	throughput	0	1461	30192775	150273471	507770910	20114817496	20114817496
keccak1600-avx512vl-rust	keccak1600-avx512vl	fixed	stack	16384	latency	0	1459	30062055	149537078	507078729	20144834599	20144834599
keccak1600-avx512vl-rust	keccak1600-avx512vl	runtime	asm	16384	throughput	0	1296	29582605	147810875	320368964	20174367933	20174367933
keccak1600-avx512vl-rust	keccak1600-avx512vl	runtime	asm	16384	latency	0	1299	29781405	148883348	321113141	20204107117	20204107117
keccak1600-avx512vl-rust	keccak1600-avx512vl	fixed	asm	16384	throughput	0	1305	29708695	148344303	322545453	20233770332	20233770332
keccak1600-avx512vl-rust	keccak1600-avx512vl	fixed	asm	16384	latency	0	1302	29517145	147477210	321806574	20263245826	20263245826
keccak1600-avx512vl-rust	keccak1600-avx512vl	runtime	stack	16384	throughput	1	1472	30040395	149466235	511417314	20293220460	20293220460
keccak1600-avx512vl-rust	keccak1600-avx512vl	runtime	stack	16384	latency	1	1477	30152275	149992054	513157412	20323307883	20323307883
keccak1600-avx512vl-rust	keccak1600-avx512vl	fixed	stack	16384	throughput	1	1454	29996895	148973030	505338056	20353232976	20353232976
keccak1600-avx512vl-rust	keccak1600-avx512vl	fixed	stack	16384	latency	1	1457	30058475	149345142	506383614	20383225639	20383225639
keccak1600-avx512vl-rust	keccak1600-avx512vl	runtime	asm	16384	throughput	1	1315	29829535	148851560	325065727	20412990923	20412990923
keccak1600-avx512vl-rust	keccak1600-avx512vl	runtime	asm	16384	latency	1	1325	30042545	150031514	327540351	20442970466	20442970466
keccak1600-avx512vl-rust	keccak1600-avx512vl	fixed	asm	16384	throughput	1	1331	30427925	151960183	328971647	20473331519	20473331519
keccak1600-avx512vl-rust	keccak1600-avx512vl	fixed	asm	16384	latency	1	1327	30068515	150187298	327985657	20503334232	20503334232
keccak1600-avx512vl-rust	keccak1600-avx512vl	runtime	shared	16384	throughput	1	1462	30634645	152301773	556475572	20533903465	20533903465
keccak1600-avx512vl-rust	keccak1600-avx512vl	runtime	shared	16384	latency	1	1438	29830135	148219290	547343421	20563666729	20563666729
keccak1600-avx512vl-rust	keccak1600-avx512vl	fixed	shared	16384	throughput	1	1455	30143405	149950773	553783542	20593743432	20593743432
keccak1600-avx512vl-rust	keccak1600-avx512vl	fixed	shared	16384	latency	1	1454	30154945	149873164	553405846	20623829145	20623829145
keccak1600-avx512vl-rust	keccak1600-avx512vl	runtime	asm	16384	throughput	2	1325	30058404	149917538	327537704	20653818219	20653818219
keccak1600-avx512vl-rust	keccak1600-avx512vl	runtime	asm	16384	latency	2	1320	30099825	150286370	326304355	20683850072	20683850072
keccak1600-avx512vl-rust	keccak1600-avx512vl	fixed	asm	16384	throughput	2	1325	29991905	149844332	327488683	20713776705	20713776705
keccak1600-avx512vl-rust	keccak1600-avx512vl	fixed	asm	16384	latency	2	1328	30061925	150188795	328232818	20743774689	20743774689
keccak1600-avx512vl-rust	keccak1600-avx512vl	runtime	shared	16384	throughput	2	1458	30248395	150541828	554953069	20773956352	20773956352
keccak1600-avx512vl-rust	keccak1600-avx512vl	runtime	shared	16384	latency	2	1454	30447675	149940243	553433468	20804337685	20804337685
keccak1600-avx512vl-rust	keccak1600-avx512vl	fixed	shared	16384	throughput	2	1462	30298175	150606561	556447796	20834570838	20834570838
keccak1600-avx512vl-rust	keccak1600-avx512vl	fixed	shared	16384	latency	2	1421	29503065	146625743	540845747	20864008012	20864008012
keccak1600-avx512vl-rust	keccak1600-avx512vl	runtime	stack	16384	throughput	2	1475	30140745	149765644	512459607	20894054075	20894054075
keccak1600-avx512vl-rust	keccak1600-avx512vl	runtime	stack	16384	latency	2	1468	30165075	150211469	510030525	20924142588	20924142588
keccak1600-avx512vl-rust	keccak1600-avx512vl	fixed	stack	16384	throughput	2	1461	30097064	149635724	507770905	20954172131	20954172131
keccak1600-avx512vl-rust	keccak1600-avx512vl	fixed	stack	16384	latency	2	1458	30063975	149377147	506731170	20984166205	20984166205
keccak1600-avx512vl-rust	keccak1600-avx512vl	runtime	shared	16384	throughput	3	1452	30381555	150763882	552669302	21014484138	21014484138
keccak1600-avx512vl-rust	keccak1600-avx512vl	runtime	shared	16384	latency	3	1427	29652935	147252041	543156515	21044073571	21044073571
keccak1600-avx512vl-rust	keccak1600-avx512vl	fixed	shared	16384	throughput	3	1455	30406955	151141168	553783539	21074411454	21074411454
keccak1600-avx512vl-rust	keccak1600-avx512vl	fixed	shared	16384	latency	3	1461	30266875	150561888	556070107	21104619217	21104619217
keccak1600-avx512vl-rust	keccak1600-avx512vl	runtime	stack	16384	throughput	3	1466	29891855	148854026	509332736	21134458440	21134458440
keccak1600-avx512vl-rust	keccak1600-avx512vl	runtime	stack	16384	latency	3	1474	30096855	149688924	512115126	21164497863	21164497863
keccak1600-avx512vl-rust	keccak1600-avx512vl	fixed	stack	16384	throughput	3	1451	29887246	148631994	504295407	21194330217	21194330217
keccak1600-avx512vl-rust	keccak1600-avx512vl	fixed	stack	16384	latency	3	1458	30052245	149459364	506731173	21224319091	21224319091
keccak1600-avx512vl-rust	keccak1600-avx512vl	runtime	asm	16384	throughput	3	1319	29913555	149226539	326054514	21254171894	21254171894
keccak1600-avx512vl-rust	keccak1600-avx512vl	runtime	asm	16384	latency	3	1321	29970395	149456042	326551554	21284080247	21284080247
keccak1600-avx512vl-rust	keccak1600-avx512vl	fixed	asm	16384	throughput	3	1321	29967985	149576867	326500036	21313990720	21313990720
keccak1600-avx512vl-rust	keccak1600-avx512vl	fixed	asm	16384	latency	3	1331	30119575	150548689	328974310	21344053163	21344053163
keccak1600-avx512vl-rust	keccak1600-avx512vl	runtime	stack	16384	throughput	4	1479	30045305	150114481	513849326	21374044256	21374044256
keccak1600-avx512vl-rust	keccak1600-avx512vl	runtime	stack	16384	latency	4	1474	30228735	150612441	512115119	21404216800	21404216800
keccak1600-avx512vl-rust	keccak1600-avx512vl	fixed	stack	16384	throughput	4	1468	30262225	150408319	510203752	21434421223	21434421223
keccak1600-avx512vl-rust	keccak1600-avx512vl	fixed	stack	16384	latency	4	1459	30077615	149514892	507078721	21464442746	21464442746
keccak1600-avx512vl-rust	keccak1600-avx512vl	runtime	asm	16384	throughput	4	1322	30240075	150725004	326796106	21494626299	21494626299
keccak1600-avx512vl-rust	keccak1600-avx512vl	runtime	asm	16384	latency	4	1324	30058655	149870165	327293152	21524627182	21524627182
keccak1600-avx512vl-rust	keccak1600-avx512vl	fixed	asm	16384	throughput	4	1318	29830635	149108708	325758551	21554417115	21554417115
keccak1600-avx512vl-rust	keccak1600-avx512vl	fixed	asm	16384	latency	4	1326	30136175	150698832	327738494	21584517388	21584517388
keccak1600-avx512vl-rust	keccak1600-avx512vl	runtime	shared	16384	throughput	4	1445	29874655	148802537	550004925	21614355522	21614355522
keccak1600-avx512vl-rust	keccak1600-avx512vl	runtime	shared	16384	latency	4	1429	29600895	147300459	543917767	21643919406	21643919406
keccak1600-avx512vl-rust	keccak1600-avx512vl	fixed	shared	16384	throughput	4	1428	29561975	147107668	543507153	21673443790	21673443790
keccak1600-avx512vl-rust	keccak1600-avx512vl	fixed	shared	16384	latency	4	1451	30091315	149621900	552264017	21703478923	21703478923
keccak1600-avx512vl-rust	keccak1600-avx512vl	control	empty	16384	throughput	0	2000000	2442009	12037530	30000320	21705904971	21705904971
keccak1600-avx512vl-rust	keccak1600-avx512vl	control	empty	16384	latency	0	2000000	2422869	12007972	34000319	21708330759	21708330759
keccak1600-avx512vl-rust	keccak1600-avx512vl	runtime	shared	131072	throughput	0	181	29889255	148623666	548766474	21738167522	21738167522
keccak1600-avx512vl-rust	keccak1600-avx512vl	runtime	shared	131072	latency	0	181	29876965	148598225	548766835	21767993046	21767993046
keccak1600-avx512vl-rust	keccak1600-avx512vl	fixed	shared	131072	throughput	0	180	29713465	147758445	545731197	21797655890	21797655890
keccak1600-avx512vl-rust	keccak1600-avx512vl	fixed	shared	131072	latency	0	181	29868285	148544051	548763397	21827473203	21827473203
keccak1600-avx512vl-rust	keccak1600-avx512vl	runtime	stack	131072	throughput	0	184	29915235	148785102	509254030	21857338106	21857338106
keccak1600-avx512vl-rust	keccak1600-avx512vl	runtime	stack	131072	latency	0	184	29925646	148772069	509254392	21887213090	21887213090
keccak1600-avx512vl-rust	keccak1600-avx512vl	fixed	stack	131072	throughput	0	185	30094345	149651337	507923955	21917255834	21917255834
keccak1600-avx512vl-rust	keccak1600-avx512vl	fixed	stack	131072	latency	0	185	29913345	148657633	507924333	21947110787	21947110787
keccak1600-avx512vl-rust	keccak1600-avx512vl	runtime	asm	131072	throughput	0	165	29920295	148773293	324680921	21976979750	21976979750
keccak1600-avx512vl-rust	keccak1600-avx512vl	runtime	asm	131072	latency	0	166	29940605	149515007	326649011	22006887003	22006887003
keccak1600-avx512vl-rust	keccak1600-avx512vl	fixed	asm	131072	throughput	0	166	29954365	149510846	326643036	22036790536	22036790536
keccak1600-avx512vl-rust	keccak1600-avx512vl	fixed	asm	131072	latency	0	166	30173045	150472160	326643364	22066912219	22066912219
keccak1600-avx512vl-rust	keccak1600-avx512vl	runtime	stack	131072	throughput	1	184	29937745	148844077	509254023	22096797822	22096797822
keccak1600-avx512vl-rust	keccak1600-avx512vl	runtime	stack	131072	latency	1	184	29928895	148790349	509254390	22126675965	22126675965
keccak1600-avx512vl-rust	keccak1600-avx512vl	fixed	stack	131072	throughput	1	185	30095645	149610100	507923954	22156717539	22156717539
keccak1600-avx512vl-rust	keccak1600-avx512vl	fixed	stack	131072	latency	1	185	29925705	148774029	507924326	22186590842	22186590842
keccak1600-avx512vl-rust	keccak1600-avx512vl	runtime	asm	131072	throughput	1	165	29866265	148715714	324680914	22216390585	22216390585
keccak1600-avx512vl-rust	keccak1600-avx512vl	runtime	asm	131072	latency	1	166	29953545	149587199	326649007	22246282199	22246282199
keccak1600-avx512vl-rust	keccak1600-avx512vl	fixed	asm	131072	throughput	1	165	29754115	148629581	324675314	22275994762	22275994762
keccak1600-avx512vl-rust	keccak1600-avx512vl	fixed	asm	131072	latency	1	166	29936955	149579208	326643370	22305870286	22305870286
keccak1600-avx512vl-rust	keccak1600-avx512vl	runtime	shared	131072	throughput	1	182	30143105	150014472	551798324	22335958530	22335958530
keccak1600-avx512vl-rust	keccak1600-avx512vl	runtime	shared	131072	latency	1	181	29875205	148558815	548766831	22365777424	22365777424
keccak1600-avx512vl-rust	keccak1600-avx512vl	fixed	shared	131072	throughput	1	181	29871224	148567640	548763031	22395596558	22395596558
keccak1600-avx512vl-rust	keccak1600-avx512vl	fixed	shared	131072	latency	1	181	29991455	148992018	548763392	22425525361	22425525361
keccak1600-avx512vl-rust	keccak1600-avx512vl	runtime	asm	131072	throughput	2	162	29409506	146993197	318777632	22454873765	22454873765
keccak1600-avx512vl-rust	keccak1600-avx512vl	runtime	asm	131072	latency	2	162	29194776	145970618	318777954	22484010359	22484010359
keccak1600-avx512vl-rust	keccak1600-avx512vl	fixed	asm	131072	throughput	2	164	29849965	148898105	322707580	22513808002	22513808002
keccak1600-avx512vl-rust	keccak1600-avx512vl	fixed	asm	131072	latency	2	166	29921905	149506595	326643369	22543679856	22543679856
keccak1600-avx512vl-rust	keccak1600-avx512vl	runtime	shared	131072	throughput	2	176	29005745	144430590	533607181	22572652800	22572652800
keccak1600-avx512vl-rust	keccak1600-avx512vl	runtime	shared	131072	latency	2	181	30058615	149627687	548766828	22602678923	22602678923
keccak1600-avx512vl-rust	keccak1600-avx512vl	fixed	shared	131072	throughput	2	181	29860185	148539615	548763031	22632506056	22632506056
keccak1600-avx512vl-rust	keccak1600-avx512vl	fixed	shared	131072	latency	2	181	30097235	149707384	548763388	22662568799	22662568799
keccak1600-avx512vl-rust	keccak1600-avx512vl	runtime	stack	131072	throughput	2	180	29272466	145557035	498183287	22691799843	22691799843
keccak1600-avx512vl-rust	keccak1600-avx512vl	runtime	stack	131072	latency	2	184	29932545	148927086	509254395	22721698996	22721698996
keccak1600-avx512vl-rust	keccak1600-avx512vl	fixed	stack	131072	throughput	2	181	29357646	146126547	496941827	22751023579	22751023579
keccak1600-avx512vl-rust	keccak1600-avx512vl	fixed	stack	131072	latency	2	185	29871005	148642064	507924330	22780861432	22780861432
keccak1600-avx512vl-rust	keccak1600-avx512vl	runtime	shared	131072	throughput	3	181	29874875	148583905	548766472	22810685785	22810685785
keccak1600-avx512vl-rust	keccak1600-avx512vl	runtime	shared	131072	latency	3	181	30338275	150894643	548766833	22840974168	22840974168
keccak1600-avx512vl-rust	keccak1600-avx512vl	fixed	shared	131072	throughput	3	181	29886295	148555674	548763038	22870803401	22870803401
keccak1600-avx512vl-rust	keccak1600-avx512vl	fixed	shared	131072	latency	3	181	29887515	148539120	548763393	22900619985	22900619985
keccak1600-avx512vl-rust	keccak1600-avx512vl	runtime	stack	131072	throughput	3	184	29920445	148811881	509254030	22930484108	22930484108
keccak1600-avx512vl-rust	keccak1600-avx512vl	runtime	stack	131072	latency	3	184	30162935	150059331	509254391	22960591891	22960591891
keccak1600-avx512vl-rust	keccak1600-avx512vl	fixed	stack	131072	throughput	3	185	30221655	150502256	507923959	22990757955	22990757955
keccak1600-avx512vl-rust	keccak1600-avx512vl	fixed	stack	131072	latency	3	186	30062715	149492284	510669864	23020755218	23020755218
keccak1600-avx512vl-rust	keccak1600-avx512vl	runtime	asm	131072	throughput	3	166	30076384	150303135	326648683	23050775781	23050775781
keccak1600-avx512vl-rust	keccak1600-avx512vl	runtime	asm	131072	latency	3	166	30190535	150863308	326649012	23080909874	23080909874
keccak1600-avx512vl-rust	keccak1600-avx512vl	fixed	asm	131072	throughput	3	166	29884624	149451050	326643037	23110751658	23110751658
keccak1600-avx512vl-rust	keccak1600-avx512vl	fixed	asm	131072	latency	3	166	29918865	149535902	326643376	23140618391	23140618391
keccak1600-avx512vl-rust	keccak1600-avx512vl	runtime	stack	131072	throughput	4	184	29969125	148793633	509254023	23170530614	23170530614
keccak1600-avx512vl-rust	keccak1600-avx512vl	runtime	stack	131072	latency	4	184	29974715	149034461	509254392	23200451829	23200451829
keccak1600-avx512vl-rust	keccak1600-avx512vl	fixed	stack	131072	throughput	4	185	29856635	148609260	507923958	23230256143	23230256143
keccak1600-avx512vl-rust	keccak1600-avx512vl	fixed	stack	131072	latency	4	185	29919595	148646802	507924327	23260116866	23260116866
keccak1600-avx512vl-rust	keccak1600-avx512vl	runtime	asm	131072	throughput	4	166	29926675	149551609	326648676	23289991479	23289991479
keccak1600-avx512vl-rust	keccak1600-avx512vl	runtime	asm	131072	latency	4	163	30283565	147953065	320745719	23320222662	23320222662
keccak1600-avx512vl-rust	keccak1600-avx512vl	fixed	asm	131072	throughput	4	166	29866645	149511367	326643038	23350031296	23350031296
keccak1600-avx512vl-rust	keccak1600-avx512vl	fixed	asm	131072	latency	4	166	29847545	149485803	326643366	23379845519	23379845519
keccak1600-avx512vl-rust	keccak1600-avx512vl	runtime	shared	131072	throughput	4	182	30260615	150498624	551798325	23410067303	23410067303
keccak1600-avx512vl-rust	keccak1600-avx512vl	runtime	shared	131072	latency	4	181	30135075	149938333	548766824	23440168116	23440168116
keccak1600-avx512vl-rust	keccak1600-avx512vl	fixed	shared	131072	throughput	4	181	29855445	148581463	548763029	23469986500	23469986500
keccak1600-avx512vl-rust	keccak1600-avx512vl	fixed	shared	131072	latency	4	181	29906625	148586057	548763394	23499839203	23499839203
keccak1600-avx512vl-rust	keccak1600-avx512vl	control	empty	131072	throughput	0	2000000	2408219	12004743	30000318	23502250701	23502250701
keccak1600-avx512vl-rust	keccak1600-avx512vl	control	empty	131072	latency	0	2000000	2467989	12214640	34000321	23504721959	23504721959
